tube_temperature,oil_temperature,voltage,current,fan_speed,usage_hours,status
87.57,86.82,111.33,10.18,1687.19,2192.0,Critical
86.56,74.23,114.88,8.48,2103.32,1360.0,Warning
99.31,85.49,109.36,10.36,1663.9,2241.0,Critical
89.5,86.13,112.97,9.7,1638.34,2286.0,Warning
74.39,62.87,118.66,8.27,2101.21,308.0,Healthy
98.62,92.09,112.98,10.82,1460.28,3330.0,Failed
93.56,88.71,113.68,9.57,1735.82,2644.0,Critical
90.14,86.09,111.37,9.96,1742.04,2690.0,Critical
75.71,60.85,116.22,8.44,2247.62,460.0,Healthy
78.59,69.79,112.07,9.01,1858.14,1230.0,Warning
75.63,70.23,114.75,9.21,1977.88,1370.0,Healthy
97.44,89.93,108.74,10.45,1653.7,2833.0,Failed
88.68,80.65,114.08,9.38,1873.28,2198.0,Warning
95.5,91.3,111.55,10.56,1525.62,2233.0,Critical
81.35,74.61,115.59,9.33,1939.22,1262.0,Warning
82.47,65.83,116.3,8.23,1945.49,852.0,Healthy
87.12,73.24,114.68,9.05,1763.65,1517.0,Warning
72.61,65.46,117.23,8.07,2050.78,201.0,Healthy
95.42,84.81,111.59,10.25,1570.98,2219.0,Critical
91.96,74.43,114.93,8.69,1641.86,1692.0,Warning
94.47,82.81,111.87,9.58,1574.78,2905.0,Critical
81.96,67.65,117.12,8.66,1879.47,1197.0,Healthy
101.33,87.84,107.33,9.85,1544.76,3275.0,Failed
91.32,86.81,107.98,9.82,1577.53,2596.0,Critical
87.99,80.64,112.71,10.0,1523.61,2144.0,Critical
75.61,64.38,119.62,8.29,2283.06,651.0,Healthy
83.41,71.77,114.98,9.0,1834.21,1344.0,Warning
73.05,59.16,122.78,7.56,2063.0,127.0,Healthy
74.69,61.6,116.29,8.3,2138.6,478.0,Healthy
92.24,79.04,112.15,9.11,1721.5,1945.0,Warning
88.61,79.66,112.76,10.45,1613.66,2802.0,Critical
98.99,90.79,111.02,11.12,1553.99,3193.0,Failed
75.75,70.38,115.87,8.63,1918.13,863.0,Healthy
82.27,74.7,114.71,8.48,1917.02,1177.0,Healthy
78.45,79.75,116.23,9.52,1988.56,1539.0,Warning
76.73,67.72,118.31,8.71,2077.25,572.0,Healthy
69.49,65.25,118.18,9.07,2158.18,478.0,Healthy
83.12,76.49,115.99,10.05,1825.24,1535.0,Warning
79.49,68.21,117.53,7.76,2053.42,650.0,Healthy
90.78,80.25,113.09,10.14,1669.47,2179.0,Warning
78.18,73.03,115.36,9.0,1828.79,1524.0,Warning
92.96,81.92,110.44,10.3,1584.14,2461.0,Critical
86.5,83.52,111.61,10.06,1654.25,2575.0,Critical
74.29,69.28,116.09,9.08,2064.39,822.0,Healthy
95.32,89.32,111.73,10.48,1663.75,2448.0,Critical
95.82,86.89,109.15,9.79,1453.28,3016.0,Critical
82.95,69.75,117.54,8.59,2066.7,1125.0,Healthy
80.46,72.39,117.14,9.2,2049.46,766.0,Healthy
90.44,72.79,111.58,9.36,1813.82,1787.0,Warning
73.37,69.98,121.03,9.09,2088.5,493.0,Healthy
72.78,61.98,118.06,8.19,1940.54,598.0,Healthy
68.9,61.71,117.92,7.87,2088.92,26.0,Healthy
89.64,84.89,114.49,9.89,1785.73,2671.0,Critical
87.41,83.32,115.38,9.05,1604.42,2341.0,Warning
91.42,80.17,111.59,9.15,1590.73,2633.0,Critical
93.07,76.99,111.71,10.32,1618.86,2813.0,Critical
92.96,72.79,114.72,8.46,1767.98,1264.0,Warning
83.02,76.4,111.48,10.43,1844.53,2116.0,Warning
73.82,58.05,119.09,8.31,2151.01,418.0,Healthy
69.16,63.57,120.12,7.87,2152.92,411.0,Healthy
88.89,76.82,114.3,9.84,1682.99,2157.0,Warning
83.09,76.08,115.34,8.19,1893.33,1312.0,Warning
89.49,76.22,115.76,9.28,1947.02,1946.0,Warning
91.6,88.83,110.65,9.83,1549.78,2613.0,Critical
88.47,78.27,116.38,9.08,1845.03,2362.0,Warning
85.32,77.9,113.31,9.13,1877.13,1708.0,Warning
82.57,76.14,113.42,10.01,1800.13,1957.0,Warning
77.16,64.25,116.1,8.83,2000.54,980.0,Healthy
69.78,60.31,118.72,8.24,2206.97,101.0,Healthy
83.32,75.36,115.34,8.78,1816.18,1310.0,Warning
78.11,68.24,117.51,8.01,1919.21,649.0,Healthy
81.55,71.38,116.11,8.92,1986.55,1466.0,Warning
94.85,81.23,110.24,9.15,1503.02,2878.0,Critical
71.86,68.95,117.91,8.15,1948.79,804.0,Healthy
73.37,63.01,117.78,7.64,2117.94,219.0,Healthy
76.35,70.97,118.28,7.89,2025.79,969.0,Healthy
81.05,67.99,118.14,8.99,1954.54,1028.0,Healthy
93.81,74.8,113.37,9.6,1678.74,2349.0,Warning
86.15,78.31,113.46,9.14,1886.3,1732.0,Warning
90.45,83.49,112.63,10.23,1624.61,2469.0,Critical
89.88,84.1,112.03,9.0,1671.1,2533.0,Warning
83.24,72.28,115.99,8.48,1947.1,1332.0,Warning
93.47,84.28,111.63,10.48,1634.87,2476.0,Critical
73.32,66.26,122.28,9.33,2085.42,440.0,Healthy
72.37,58.89,117.93,8.33,2219.58,64.0,Healthy
74.19,60.77,115.1,8.41,2125.97,320.0,Healthy
90.63,81.38,111.82,9.57,1761.93,2706.0,Critical
78.89,71.1,112.81,8.93,1762.41,1646.0,Warning
76.21,64.15,117.3,8.49,2186.41,577.0,Healthy
82.73,80.85,113.04,9.8,1776.21,1845.0,Warning
75.21,67.7,117.12,8.55,1962.45,477.0,Healthy
91.34,81.81,111.44,10.12,1649.51,1907.0,Warning
77.72,78.04,116.98,8.75,1859.73,1496.0,Warning
81.67,68.96,116.12,9.2,1874.49,1419.0,Healthy
80.59,76.52,118.6,8.49,1911.73,944.0,Healthy
90.82,77.53,113.76,9.63,1839.65,2272.0,Warning
81.21,76.87,117.77,9.15,1877.08,1332.0,Healthy
66.7,68.63,118.67,8.01,1958.02,233.0,Healthy
77.37,58.28,121.21,7.89,2089.36,367.0,Healthy
100.09,93.26,111.09,10.55,1690.3,3021.0,Failed
93.65,86.41,109.74,10.22,1478.87,2829.0,Failed
88.63,79.29,113.93,9.8,1638.23,2027.0,Warning
78.67,69.55,117.38,8.93,1981.6,847.0,Healthy
101.11,86.05,110.0,10.95,1645.11,3378.0,Failed
91.9,84.87,112.36,10.21,1626.11,2671.0,Critical
93.98,78.68,113.96,10.01,1616.31,2689.0,Critical
78.1,74.01,112.33,8.92,1914.49,1573.0,Warning
75.04,72.17,116.75,8.54,2032.52,960.0,Healthy
66.7,64.05,120.06,8.42,2171.46,282.0,Healthy
94.39,86.0,111.35,10.11,1483.19,2347.0,Failed
88.2,75.3,113.75,9.32,1835.8,1466.0,Warning
82.24,61.85,114.42,8.18,2148.4,720.0,Healthy
79.88,66.66,119.49,9.54,2018.55,939.0,Healthy
85.46,76.09,113.93,9.53,1859.24,2087.0,Warning
74.64,67.66,120.5,8.49,2071.93,593.0,Healthy
97.12,86.92,112.63,9.95,1684.88,2557.0,Critical
88.07,84.36,111.22,10.66,1692.49,2274.0,Critical
89.87,81.5,109.05,9.3,1654.49,2471.0,Critical
87.27,70.6,114.99,8.8,1957.17,1425.0,Warning
85.68,83.28,113.67,9.91,1690.88,1660.0,Warning
85.28,75.43,114.84,9.56,1914.62,1908.0,Warning
89.53,80.75,111.84,9.39,1825.76,1700.0,Warning
73.38,62.2,119.42,7.99,2117.47,275.0,Healthy
80.6,74.16,116.11,8.92,1894.14,1558.0,Warning
71.48,59.43,121.06,8.14,2181.46,111.0,Healthy
86.64,77.98,114.6,9.86,1840.38,1571.0,Warning
85.78,74.03,117.37,9.07,2074.62,1172.0,Healthy
73.96,67.31,118.99,8.77,2055.73,449.0,Healthy
72.98,63.57,120.28,8.08,2007.41,312.0,Healthy
92.21,76.32,112.89,9.68,1767.96,1939.0,Warning
73.47,73.58,113.69,7.8,2140.79,623.0,Healthy
93.78,84.78,110.39,10.39,1633.59,3395.0,Failed
88.18,80.08,113.84,9.5,1802.36,1689.0,Warning
83.63,71.4,114.8,9.6,1906.48,1317.0,Healthy
88.81,77.54,111.83,10.1,1782.83,1636.0,Warning
70.39,61.24,118.91,7.95,2131.62,65.0,Healthy
94.41,87.23,110.24,10.07,1344.59,3313.0,Failed
84.29,75.75,115.32,8.89,1794.22,1770.0,Warning
97.18,84.43,108.74,9.84,1692.92,2190.0,Critical
68.78,70.51,116.54,8.73,2120.44,246.0,Healthy
83.87,77.81,116.83,9.38,1834.66,1294.0,Warning
83.56,76.27,114.81,9.43,1945.05,1545.0,Warning
96.04,89.86,110.62,10.67,1466.4,3021.0,Failed
87.9,82.67,112.28,9.03,1730.49,1896.0,Warning
85.53,71.29,115.26,8.9,1895.03,1326.0,Warning
79.31,67.46,116.77,8.88,1956.17,778.0,Healthy
77.02,64.23,115.76,8.52,1910.56,1169.0,Healthy
80.68,77.3,112.6,8.69,1959.47,1406.0,Warning
83.95,75.71,114.31,8.66,1807.0,1126.0,Warning
69.13,57.66,122.74,8.48,2126.27,66.0,Healthy
100.3,89.09,111.21,9.92,1656.71,2728.0,Critical
102.54,84.73,112.22,10.33,1568.78,3317.0,Critical
80.18,63.18,118.3,7.94,1991.95,366.0,Healthy
83.8,76.98,113.99,9.54,1954.9,1655.0,Warning
74.97,68.04,117.96,8.16,2060.46,397.0,Healthy
92.78,77.59,115.3,9.86,1709.79,2334.0,Warning
80.71,69.31,117.75,8.51,2038.08,948.0,Healthy
88.72,82.11,112.22,9.85,1911.39,1696.0,Warning
95.65,83.52,112.14,9.61,1658.32,2294.0,Critical
93.06,84.88,113.93,9.89,1588.39,2930.0,Critical
73.62,65.52,114.66,8.16,2164.4,368.0,Healthy
92.87,85.82,111.31,10.3,1725.84,3301.0,Failed
78.84,71.97,118.5,8.69,2049.73,741.0,Healthy
70.34,60.79,118.5,7.9,2150.97,113.0,Healthy
88.04,75.91,114.68,9.34,1842.91,1648.0,Warning
81.83,75.17,117.04,9.0,1774.32,1328.0,Healthy
95.44,83.0,109.86,10.28,1569.95,2614.0,Critical
94.11,85.21,113.18,9.99,1488.2,2403.0,Critical
81.87,67.35,117.27,8.44,1949.2,1078.0,Healthy
97.99,96.14,110.24,10.42,1491.93,3657.0,Failed
74.36,75.65,117.25,9.0,1785.36,905.0,Healthy
87.16,75.12,115.91,8.75,1853.8,1427.0,Warning
75.25,69.24,120.91,8.11,2070.27,866.0,Healthy
94.11,88.1,111.55,10.08,1529.3,2876.0,Failed
71.87,63.89,119.57,8.33,1962.5,546.0,Healthy
72.2,61.71,119.84,7.23,2269.78,172.0,Healthy
82.76,72.93,118.5,9.32,2047.2,1369.0,Warning
93.37,85.21,107.88,10.41,1537.35,2925.0,Failed
95.6,87.54,108.48,9.29,1547.49,3402.0,Critical
95.97,82.33,112.74,9.43,1648.69,2556.0,Critical
95.37,87.66,112.08,10.11,1611.11,2629.0,Critical
96.31,86.57,107.2,9.52,1581.79,2650.0,Critical
88.69,74.48,114.81,9.69,1871.64,1730.0,Warning
81.86,72.1,116.57,8.86,2014.85,956.0,Healthy
96.23,84.76,113.4,10.2,1600.54,2740.0,Critical
81.53,84.04,114.03,9.24,1671.01,1857.0,Warning
86.41,72.69,113.55,9.1,1916.01,1048.0,Healthy
74.74,62.24,117.44,7.97,2171.28,270.0,Healthy
99.79,84.25,111.32,9.79,1552.49,2747.0,Critical
75.53,61.93,118.48,8.8,1997.98,703.0,Healthy
92.81,94.42,111.19,10.31,1541.35,3119.0,Failed
77.25,68.05,116.66,8.93,1992.38,883.0,Healthy
72.86,70.24,118.99,8.36,2226.29,342.0,Healthy
96.89,82.33,110.1,9.89,1716.78,3105.0,Critical
77.82,61.25,121.54,8.72,2125.95,532.0,Healthy
75.12,66.48,119.07,8.87,2216.14,512.0,Healthy
87.26,79.07,115.19,9.53,1850.7,2287.0,Warning
97.81,87.25,113.32,10.72,1598.54,3171.0,Critical
75.12,66.45,119.56,8.4,2024.34,517.0,Healthy
78.29,67.43,116.94,8.72,1951.15,1122.0,Healthy
96.43,78.87,111.95,9.95,1686.26,2564.0,Critical
102.93,90.0,112.21,10.38,1489.98,3595.0,Failed
88.27,71.17,115.03,9.13,1728.13,1660.0,Warning
73.81,60.19,117.44,8.07,2068.82,515.0,Healthy
64.0,59.28,122.81,7.64,2272.45,51.0,Healthy
76.45,68.18,116.3,8.62,1833.32,822.0,Healthy
71.68,69.92,116.08,8.81,2219.97,347.0,Healthy
89.94,83.27,114.71,10.02,1771.56,2312.0,Warning
71.64,67.95,117.68,8.46,2095.96,452.0,Healthy
85.13,77.15,115.59,9.77,1868.58,1903.0,Warning
87.71,81.93,115.78,9.74,1790.9,2459.0,Warning
83.59,84.95,112.13,9.06,1795.89,1718.0,Warning
79.66,62.02,117.94,8.36,2136.05,731.0,Healthy
91.21,82.88,114.18,9.99,1705.18,2085.0,Critical
91.46,80.46,113.87,9.58,1713.23,2537.0,Critical
95.03,84.85,112.34,10.09,1593.85,2351.0,Critical
76.67,61.0,122.27,8.7,2100.44,483.0,Healthy
76.1,66.0,118.62,7.62,1950.07,396.0,Healthy
98.74,89.57,111.32,10.26,1586.36,2877.0,Failed
84.1,74.37,118.5,7.83,1888.12,1448.0,Healthy
83.15,71.41,118.46,8.72,1940.11,897.0,Healthy
85.93,79.27,117.1,9.18,1910.43,1556.0,Warning
84.37,79.74,112.02,10.37,1634.36,2413.0,Warning
97.08,90.26,112.29,10.98,1540.03,2462.0,Failed
80.68,66.38,117.39,9.09,1972.3,862.0,Healthy
95.86,84.85,109.63,9.93,1538.2,3353.0,Failed
75.61,66.04,120.08,7.66,2205.34,92.0,Healthy
86.47,74.22,114.73,8.95,1957.24,1535.0,Warning
89.27,80.94,116.46,10.2,1788.1,1984.0,Warning
76.55,64.77,119.51,7.9,2234.53,318.0,Healthy
73.66,67.74,117.43,8.2,2213.4,535.0,Healthy
83.1,67.6,114.29,8.69,1968.19,1376.0,Warning
101.68,91.66,110.27,9.91,1376.13,2967.0,Failed
83.46,77.71,112.02,9.62,1763.6,2191.0,Warning
97.13,86.19,109.6,10.39,1459.63,3234.0,Failed
96.62,83.38,111.59,9.12,1866.04,2793.0,Critical
84.22,77.13,114.69,8.65,1792.53,1563.0,Warning
97.94,85.74,113.24,10.06,1530.89,2428.0,Critical
65.81,60.15,118.71,8.02,1965.88,48.0,Healthy
68.2,59.86,115.2,8.11,2040.7,368.0,Healthy
97.19,81.68,109.18,10.32,1629.23,2564.0,Critical
96.5,86.16,112.01,9.41,1729.21,2501.0,Critical
76.4,63.15,116.79,8.34,1951.54,871.0,Healthy
87.12,75.57,112.84,9.53,1922.18,1849.0,Warning
90.42,86.22,116.88,9.26,1770.69,2158.0,Warning
93.59,87.41,112.57,10.29,1553.75,3066.0,Critical
85.97,80.32,113.88,9.05,1791.65,1878.0,Warning
82.95,69.19,116.22,8.7,2024.61,1351.0,Warning
83.94,67.54,115.86,8.22,1942.16,1218.0,Healthy
79.28,75.16,113.86,8.24,1813.22,1222.0,Warning
88.96,78.71,115.03,9.44,1777.58,2197.0,Warning
95.29,89.55,112.6,10.35,1625.41,2637.0,Critical
84.87,74.05,112.5,9.09,1867.05,1193.0,Warning
77.41,78.1,117.86,9.08,2108.24,942.0,Healthy
75.46,65.68,118.14,8.43,1851.2,732.0,Healthy
96.13,83.55,112.06,9.02,1706.36,2244.0,Critical
92.88,82.11,114.98,10.18,1691.15,2746.0,Critical
72.28,66.55,121.93,7.83,2010.4,331.0,Healthy
67.22,63.62,118.77,8.22,2034.75,254.0,Healthy
85.69,75.25,113.72,8.57,1863.75,1560.0,Warning
75.93,63.73,118.03,8.26,2191.64,527.0,Healthy
95.7,89.16,110.84,10.34,1731.52,2133.0,Critical
81.11,73.37,115.52,9.01,1927.33,867.0,Healthy
75.97,60.37,119.32,8.26,2115.37,400.0,Healthy
103.89,86.53,113.73,10.28,1581.98,2759.0,Failed
72.72,70.73,120.67,8.21,1947.55,609.0,Healthy
73.68,68.34,118.34,8.59,2013.28,818.0,Healthy
71.46,65.46,114.85,8.63,2103.57,495.0,Healthy
71.35,66.85,116.05,7.99,2178.78,366.0,Healthy
67.71,56.94,121.38,7.79,2139.47,61.0,Healthy
71.94,59.14,121.88,7.51,2261.26,175.0,Healthy
79.0,64.57,119.08,8.7,2084.18,636.0,Healthy
76.22,65.52,119.01,8.01,2299.41,184.0,Healthy
89.25,81.09,116.12,8.97,1845.93,1809.0,Warning
96.85,82.88,114.32,10.03,1745.72,1977.0,Warning
80.74,71.69,117.77,8.94,1829.91,1267.0,Healthy
74.64,73.23,114.04,8.48,1871.81,906.0,Healthy
88.3,74.98,115.47,9.6,1974.9,1392.0,Warning
90.73,88.28,113.91,10.03,1657.71,2289.0,Critical
93.27,88.57,112.28,9.48,1581.4,2190.0,Critical
72.86,66.69,120.99,8.47,2136.22,165.0,Healthy
75.14,65.58,118.24,8.1,2090.7,549.0,Healthy
76.53,66.31,117.79,9.78,1926.66,617.0,Healthy
73.94,71.67,119.61,8.42,1988.01,824.0,Healthy
87.1,81.55,113.28,8.6,1849.14,1806.0,Warning
85.5,71.16,114.69,9.72,1968.32,1372.0,Warning
71.54,58.46,118.79,8.08,2136.07,160.0,Healthy
78.72,75.17,116.3,9.01,2066.49,1004.0,Healthy
81.97,71.09,112.35,9.44,1916.97,1843.0,Warning
70.62,58.27,120.08,7.69,2067.33,309.0,Healthy
96.18,84.5,111.42,9.2,1514.51,3196.0,Critical
72.59,61.87,120.76,8.89,2211.19,172.0,Healthy
95.34,84.57,107.57,9.67,1516.61,2948.0,Failed
66.34,63.64,120.3,8.88,2079.42,300.0,Healthy
96.57,86.11,113.57,10.3,1627.33,2741.0,Critical
94.39,85.64,111.63,10.3,1625.69,2858.0,Failed
101.45,95.49,110.25,10.24,1577.65,3167.0,Failed
91.79,85.35,113.28,10.91,1643.0,3049.0,Critical
90.42,86.77,114.11,9.65,1470.85,2400.0,Critical
89.73,74.91,114.36,9.32,1826.62,1876.0,Warning
100.44,78.98,113.11,10.2,1590.22,2418.0,Critical
76.28,65.42,121.14,8.05,2130.48,353.0,Healthy
86.49,81.65,115.78,8.91,1814.98,1685.0,Warning
86.5,72.4,113.66,9.24,2019.57,1922.0,Warning
90.47,86.16,113.32,10.4,1764.33,2416.0,Critical
80.52,70.18,115.19,9.89,1839.28,1238.0,Warning
74.02,69.4,116.2,9.77,1822.87,994.0,Healthy
94.38,79.77,113.76,8.86,1650.99,2165.0,Warning
82.58,66.52,118.79,9.06,2035.2,943.0,Healthy
75.37,60.28,121.23,7.93,2058.98,478.0,Healthy
84.74,70.35,115.26,8.8,1776.6,1615.0,Warning
77.85,66.85,118.43,8.81,1866.28,1503.0,Warning
76.32,68.41,117.92,8.32,2073.3,849.0,Healthy
86.4,72.82,118.43,8.47,1936.48,1099.0,Healthy
81.39,72.77,116.63,7.96,1904.93,1210.0,Healthy
78.13,67.1,115.99,9.38,1942.2,1114.0,Healthy
76.11,74.4,119.09,9.29,1921.42,1137.0,Healthy
94.71,82.69,112.26,9.69,1737.79,2314.0,Warning
78.7,68.93,116.05,8.33,2014.69,1011.0,Healthy
93.2,88.0,108.63,10.85,1403.93,2429.0,Failed
94.72,85.54,112.74,10.25,1571.89,2445.0,Failed
80.59,75.0,117.45,8.95,1834.4,1683.0,Warning
79.46,74.7,117.28,8.14,1889.04,872.0,Healthy
86.69,79.48,113.17,9.53,1795.38,1719.0,Warning
93.95,84.69,111.5,9.97,1698.5,2221.0,Critical
91.91,81.19,113.02,9.72,1807.88,2362.0,Warning
94.37,80.83,110.41,10.06,1644.7,2630.0,Critical
89.17,78.17,113.94,9.57,1755.33,1503.0,Warning
87.92,76.49,114.43,9.65,1648.19,2319.0,Warning
87.78,70.72,116.21,8.58,1922.95,782.0,Healthy
90.35,90.95,113.09,10.04,1686.55,2735.0,Critical
73.36,64.36,115.31,8.87,2060.98,770.0,Healthy
87.77,89.61,115.57,10.34,1661.53,2364.0,Warning
95.19,87.29,110.81,9.68,1667.72,3127.0,Critical
68.8,61.71,119.98,8.75,2138.29,477.0,Healthy
89.32,76.05,114.14,8.88,1557.83,1930.0,Warning
67.14,69.95,119.65,8.62,2142.17,258.0,Healthy
92.26,83.25,111.04,9.56,1752.44,1935.0,Critical
68.48,60.84,118.01,8.53,2157.05,228.0,Healthy
96.93,87.47,109.53,10.92,1591.36,3011.0,Failed
75.94,65.41,118.66,8.42,2082.74,358.0,Healthy
105.68,88.74,112.4,10.38,1523.56,3044.0,Failed
90.79,85.06,112.64,9.96,1635.83,2344.0,Critical
87.36,83.13,112.71,9.3,1799.15,2182.0,Warning
91.31,80.09,112.3,10.41,1605.83,2094.0,Critical
91.24,85.79,111.93,9.94,1730.82,2728.0,Critical
96.24,88.16,110.01,9.49,1651.6,2520.0,Failed
80.07,66.1,117.44,8.99,1980.15,820.0,Healthy
86.24,80.92,115.24,9.81,1693.45,1763.0,Warning
79.6,58.47,117.97,8.25,2025.85,310.0,Healthy
89.73,71.39,113.32,9.23,1801.08,1635.0,Warning
72.11,65.81,119.76,7.96,2127.12,548.0,Healthy
85.85,76.53,115.05,9.1,1837.27,1814.0,Warning
84.77,73.11,116.19,9.51,1838.91,2084.0,Warning
86.38,68.85,117.49,8.43,1828.34,1226.0,Warning
80.76,81.47,112.73,9.48,1674.95,1420.0,Warning
88.89,84.31,112.79,9.94,1625.47,2914.0,Critical
92.2,84.04,111.25,10.51,1772.84,2545.0,Critical
86.81,81.35,113.28,9.51,1876.68,1707.0,Warning
91.69,81.05,112.82,9.21,1814.25,1759.0,Warning
102.08,93.24,110.24,9.65,1620.51,3135.0,Failed
75.18,60.05,118.36,7.97,2048.98,371.0,Healthy
73.26,59.86,117.92,8.85,2135.91,424.0,Healthy
75.02,64.48,119.1,8.34,2179.58,273.0,Healthy
86.3,80.98,117.09,9.88,1664.89,2254.0,Warning
77.02,76.31,113.23,8.79,1936.08,1250.0,Warning
94.54,78.34,113.96,10.13,1761.6,2185.0,Critical
87.12,82.25,113.26,9.07,1698.08,1905.0,Warning
79.81,72.98,116.01,9.21,1828.66,1096.0,Healthy
97.31,89.76,107.99,9.78,1584.95,2864.0,Critical
93.62,81.66,113.52,9.12,1613.7,2638.0,Critical
80.93,69.67,115.13,9.58,2025.11,986.0,Healthy
83.42,68.6,117.6,8.96,1877.69,950.0,Healthy
80.02,68.55,119.47,8.83,1984.77,1127.0,Healthy
73.4,61.6,116.5,7.65,2187.85,577.0,Healthy
74.76,62.16,120.27,8.62,2094.33,513.0,Healthy
96.3,87.36,110.68,10.69,1412.78,3211.0,Failed
82.55,71.66,112.48,9.02,1923.53,1647.0,Warning
89.35,69.22,114.36,9.31,1933.27,1418.0,Healthy
92.44,77.99,112.97,10.29,1706.28,2211.0,Critical
87.94,82.47,115.07,9.59,1890.76,1871.0,Warning
95.97,86.58,108.27,9.47,1502.7,3038.0,Failed
96.47,84.4,112.24,9.49,1630.75,2104.0,Critical
86.66,69.1,116.44,9.87,1782.09,1368.0,Warning
83.59,75.36,117.73,8.97,1952.02,1207.0,Healthy
100.24,90.1,109.51,10.5,1522.73,3097.0,Failed
94.64,80.2,113.48,9.46,1676.79,2364.0,Critical
102.35,87.23,112.1,10.12,1593.93,3406.0,Failed
74.4,66.16,120.09,8.77,2034.13,425.0,Healthy
95.17,76.66,112.83,10.73,1614.78,2473.0,Critical
91.8,76.64,113.8,9.91,1802.14,1847.0,Warning
70.95,63.3,118.64,8.53,2071.29,408.0,Healthy
85.49,77.26,114.53,9.72,1678.34,1791.0,Warning
90.42,88.1,111.99,9.69,1584.1,2599.0,Warning
65.15,59.36,121.55,7.55,2203.81,41.0,Healthy
86.11,76.6,113.16,8.57,2017.5,1313.0,Warning
91.87,90.2,110.99,10.59,1573.44,2225.0,Critical
77.45,70.87,116.99,8.73,2029.35,1030.0,Healthy
83.12,71.73,116.12,9.34,1684.99,1362.0,Warning
83.39,69.42,116.56,9.19,1920.24,1241.0,Warning
78.03,71.29,119.21,8.86,1901.58,870.0,Healthy
97.35,92.49,110.93,10.43,1525.62,3168.0,Failed
93.26,85.08,111.11,10.23,1659.4,2658.0,Critical
71.98,67.02,118.68,7.97,1989.73,297.0,Healthy
97.59,97.69,109.55,10.97,1753.73,3401.0,Failed
99.62,88.89,111.99,9.9,1536.13,2945.0,Critical
72.2,65.22,115.56,8.81,2049.82,1018.0,Healthy
94.49,85.26,111.37,9.62,1733.59,2236.0,Critical
71.79,67.3,121.37,8.2,2148.96,310.0,Healthy
101.23,89.23,110.28,10.23,1402.41,3585.0,Failed
85.61,84.49,111.76,9.67,1742.24,2079.0,Warning
88.0,79.3,112.99,9.92,1597.9,2421.0,Warning
72.41,63.72,115.75,8.26,2110.21,312.0,Healthy
100.12,85.86,110.94,11.03,1706.23,2359.0,Critical
71.87,61.35,122.18,8.39,2066.8,91.0,Healthy
73.67,67.86,115.81,8.51,1965.49,708.0,Healthy
72.83,59.47,116.39,8.32,2248.17,505.0,Healthy
95.96,81.98,111.25,10.09,1642.32,2138.0,Critical
72.34,62.25,119.4,8.78,1989.76,731.0,Healthy
97.08,86.1,113.45,9.78,1593.69,3182.0,Failed
89.66,77.3,114.11,9.9,1703.11,2172.0,Warning
69.93,64.12,117.71,7.61,1957.41,119.0,Healthy
78.25,63.23,119.91,8.23,2087.36,21.0,Healthy
70.31,63.23,122.17,8.57,2328.4,189.0,Healthy
89.53,74.37,113.47,9.63,1802.1,2266.0,Warning
91.75,83.75,112.2,9.07,1756.06,2895.0,Critical
78.74,63.12,117.98,7.88,1950.68,718.0,Healthy
98.09,85.04,109.19,10.35,1601.01,2359.0,Critical
69.95,63.66,120.92,7.16,2146.43,168.0,Healthy
93.86,87.01,113.27,10.25,1595.54,3036.0,Critical
95.15,89.25,107.73,10.71,1567.36,3520.0,Failed
89.73,86.94,110.28,10.38,1570.34,2178.0,Critical
94.05,81.72,111.56,9.65,1808.07,1989.0,Warning
93.48,84.44,112.74,10.27,1650.79,2851.0,Critical
63.96,63.83,118.47,8.18,2157.97,131.0,Healthy
81.35,68.77,118.58,7.92,2069.41,662.0,Healthy
71.34,62.18,118.48,8.61,2088.37,465.0,Healthy
84.4,76.27,115.06,9.82,1708.95,1651.0,Warning
97.28,81.47,113.29,10.14,1599.11,2461.0,Critical
88.48,72.87,114.11,9.37,1744.59,2146.0,Warning
95.04,86.85,111.46,10.42,1575.98,2735.0,Critical
70.97,60.77,118.94,8.91,2143.16,513.0,Healthy
87.13,83.02,112.98,10.3,1730.59,2583.0,Critical
75.29,61.19,117.76,8.89,2020.08,720.0,Healthy
79.21,65.96,116.65,8.04,1933.91,1016.0,Healthy
92.21,80.0,115.72,9.93,1763.45,2424.0,Critical
97.96,93.01,109.53,10.71,1529.0,2846.0,Failed
88.41,76.75,115.94,9.94,1722.19,2244.0,Warning
66.12,58.41,118.43,8.34,2070.49,188.0,Healthy
89.87,79.58,115.05,10.16,1714.52,1868.0,Warning
71.75,60.62,122.25,7.37,2201.71,142.0,Healthy
102.45,88.9,110.65,10.43,1716.04,2742.0,Critical
91.31,78.25,111.9,9.97,1686.34,2574.0,Critical
72.37,65.83,117.62,8.79,2012.17,518.0,Healthy
72.6,70.16,119.05,8.85,2308.37,286.0,Healthy
74.52,64.79,118.65,8.1,2041.78,656.0,Healthy
100.7,89.96,110.14,11.05,1450.45,2760.0,Failed
83.84,68.77,114.78,9.47,1846.42,1505.0,Warning
89.74,80.96,115.09,9.89,1614.57,2458.0,Critical
84.19,80.47,113.34,9.23,1856.16,1928.0,Warning
87.96,76.18,113.35,9.51,1665.41,1546.0,Warning
78.5,66.2,119.79,8.48,2145.97,374.0,Healthy
98.62,89.66,111.81,10.5,1536.91,3165.0,Failed
81.48,65.09,119.11,8.5,1944.52,987.0,Healthy
90.38,80.39,117.11,9.69,1768.51,2172.0,Warning
91.79,77.27,113.52,9.59,1690.1,2061.0,Warning
87.03,77.18,113.08,10.11,1752.58,1696.0,Warning
98.8,88.91,107.74,11.04,1505.48,2966.0,Failed
78.07,69.15,117.11,8.05,2090.85,388.0,Healthy
86.84,72.24,115.23,9.29,1781.97,1470.0,Warning
84.37,72.56,114.19,9.4,2091.73,1380.0,Warning
82.84,74.69,112.88,9.3,1948.82,1491.0,Warning
72.97,65.55,118.91,7.76,2155.63,355.0,Healthy
73.67,67.57,119.82,8.68,2070.63,480.0,Healthy
78.19,67.13,116.85,8.45,2071.06,832.0,Healthy
82.65,72.18,118.3,8.84,2010.65,842.0,Healthy
75.8,76.83,116.65,8.67,1909.99,1248.0,Warning
88.42,83.68,115.61,9.85,1729.67,2309.0,Warning
88.8,80.54,116.91,9.42,1777.73,1828.0,Warning
78.24,72.83,119.8,9.39,2046.42,1245.0,Warning
84.28,70.84,117.01,8.94,1920.31,1138.0,Warning
74.36,62.15,117.13,8.35,2026.57,738.0,Healthy
86.58,76.82,114.21,9.64,1796.12,1715.0,Warning
85.06,69.85,119.19,8.36,1981.57,897.0,Healthy
74.11,60.75,118.3,8.81,2130.99,119.0,Healthy
84.28,74.35,117.99,9.12,1847.82,1481.0,Warning
85.37,69.86,115.0,8.96,1931.57,1573.0,Warning
76.27,66.22,118.08,8.4,2138.51,721.0,Healthy
93.17,83.16,113.06,9.44,1980.55,2179.0,Warning
89.38,79.96,112.36,9.81,1840.62,1655.0,Warning
88.81,82.91,112.56,9.4,1717.94,2222.0,Critical
85.24,80.61,115.48,9.47,1818.58,1817.0,Warning
91.27,78.48,112.42,9.61,1670.66,2090.0,Warning
79.32,64.22,119.26,9.41,2030.06,1006.0,Healthy
89.34,84.99,111.27,10.37,1731.9,2794.0,Critical
87.76,69.13,112.91,10.01,1897.54,1727.0,Warning
82.14,71.97,116.07,9.09,2031.39,1183.0,Warning
90.37,78.77,114.76,10.14,1713.92,2364.0,Warning
82.14,69.48,116.68,9.41,1908.15,1047.0,Healthy
83.56,81.9,115.1,9.56,1823.87,1473.0,Warning
94.0,87.57,115.04,10.15,1595.06,2736.0,Critical
95.1,89.69,111.28,9.98,1622.59,3021.0,Critical
96.33,84.86,110.08,11.03,1609.27,3402.0,Failed
83.51,80.87,113.26,9.16,1892.38,1475.0,Warning
89.0,77.47,116.71,9.52,1847.76,1367.0,Warning
93.15,81.17,111.36,10.27,1720.56,2491.0,Critical
83.55,69.53,116.36,8.24,2025.9,904.0,Healthy
100.47,88.0,113.2,10.07,1565.63,2926.0,Critical
82.61,73.03,118.14,9.32,1618.11,1401.0,Warning
64.71,63.9,119.22,8.24,2092.43,308.0,Healthy
75.3,63.11,119.07,8.16,2152.68,228.0,Healthy
94.23,81.96,111.57,10.7,1614.39,2459.0,Critical
69.07,60.86,118.76,7.81,2146.77,160.0,Healthy
76.65,65.34,116.66,8.19,1960.63,831.0,Healthy
78.78,72.63,116.13,8.6,1898.36,986.0,Healthy
79.08,62.47,119.64,8.73,1996.27,541.0,Healthy
79.9,70.29,116.73,9.12,2015.07,1035.0,Healthy
96.13,78.11,114.61,10.1,1767.18,2413.0,Critical
71.92,57.04,119.68,8.4,2089.62,49.0,Healthy
93.89,81.27,111.18,10.17,1616.08,2254.0,Critical
94.53,84.83,113.35,9.93,1663.51,2259.0,Critical
82.85,71.71,116.31,8.55,1924.31,1397.0,Healthy
77.07,65.7,118.27,7.88,2149.75,437.0,Healthy
91.02,72.71,114.04,9.41,1865.68,2177.0,Warning
72.81,63.08,121.0,8.61,2147.78,316.0,Healthy
81.47,68.7,116.81,9.01,1904.9,1250.0,Healthy
100.5,90.36,112.29,10.41,1634.3,3194.0,Failed
98.71,89.06,109.69,10.07,1481.78,3138.0,Failed
89.76,82.92,113.91,10.96,1638.13,2346.0,Critical
76.91,67.09,117.25,8.45,2023.52,1140.0,Healthy
89.91,85.8,114.45,9.77,1694.52,2379.0,Warning
93.15,77.31,114.4,10.16,1688.31,2390.0,Critical
85.41,70.44,114.71,8.99,1898.61,1453.0,Healthy
85.16,79.55,113.7,9.28,1736.92,1696.0,Warning
68.53,59.57,121.33,8.35,2208.25,38.0,Healthy
75.2,63.98,119.58,7.99,1895.84,794.0,Healthy
88.14,70.32,116.63,10.01,1824.6,1997.0,Warning
73.33,62.84,118.52,8.52,1944.18,456.0,Healthy
73.69,62.1,120.65,8.31,2051.34,597.0,Healthy
90.85,90.13,110.65,9.52,1641.64,2204.0,Critical
101.12,96.47,107.87,10.01,1481.41,3408.0,Failed
86.19,76.53,114.02,9.37,1867.06,1880.0,Warning
93.21,80.96,113.4,10.85,1640.46,2637.0,Critical
98.93,91.92,108.47,10.57,1334.29,2972.0,Failed
77.63,61.3,116.38,8.49,2196.72,406.0,Healthy
80.43,71.8,112.94,9.28,1906.2,1348.0,Warning
79.25,69.89,117.18,9.93,1879.66,1055.0,Healthy
76.16,60.9,117.03,8.02,2106.38,236.0,Healthy
92.89,81.6,113.27,10.51,1504.5,2425.0,Critical
85.02,69.07,115.17,8.93,1913.78,1396.0,Warning
85.29,71.97,114.15,8.89,1923.57,1548.0,Warning
74.41,67.58,117.0,8.34,2040.13,526.0,Healthy
74.38,65.33,118.5,8.42,2000.95,490.0,Healthy
99.71,87.59,109.8,10.49,1576.27,3309.0,Failed
74.83,54.64,119.55,7.18,2264.32,135.0,Healthy
80.24,69.83,118.27,8.64,2124.27,653.0,Healthy
75.21,66.71,118.0,8.49,2061.87,815.0,Healthy
88.62,78.08,116.5,8.94,2018.47,1761.0,Warning
86.52,78.06,114.38,8.95,1863.44,1860.0,Warning
82.53,73.11,113.49,9.09,1947.23,1425.0,Warning
72.02,57.49,119.86,8.0,2148.09,316.0,Healthy
79.8,73.83,118.55,8.44,2001.7,807.0,Healthy
96.93,87.72,111.29,9.45,1700.26,2844.0,Critical
88.36,81.72,113.19,9.63,1675.2,1835.0,Warning
91.99,84.93,117.22,9.31,1779.5,1994.0,Warning
90.53,80.78,111.36,9.02,1682.22,1979.0,Warning
91.17,86.94,113.11,9.69,1693.11,2193.0,Critical
69.62,60.31,120.99,7.84,2180.76,216.0,Healthy
82.23,73.21,115.82,8.93,1956.41,999.0,Healthy
85.94,74.3,114.35,9.12,1820.91,1443.0,Warning
76.03,68.64,116.01,8.27,2005.68,1031.0,Healthy
97.88,85.63,111.56,9.76,1664.29,2873.0,Critical
83.04,70.67,116.52,8.52,1750.29,1430.0,Warning
97.84,84.05,112.02,10.38,1658.33,2167.0,Critical
91.35,84.62,116.15,10.65,1570.14,2241.0,Critical
84.6,69.18,114.27,9.83,1862.18,1830.0,Warning
95.19,85.91,112.97,10.04,1530.02,3186.0,Failed
84.69,76.58,114.94,9.99,1891.02,1988.0,Warning
94.05,88.07,111.66,10.29,1599.35,2975.0,Critical
85.53,71.07,118.8,8.52,2040.51,1239.0,Healthy
85.39,79.31,112.61,9.0,1774.65,1447.0,Warning
83.57,77.5,115.32,9.26,1805.55,1898.0,Warning
67.66,61.49,117.88,8.3,2077.34,283.0,Healthy
76.79,71.78,115.36,9.14,1952.51,1496.0,Healthy
95.91,86.48,110.1,10.29,1463.07,3012.0,Failed
87.02,80.39,112.25,9.44,1621.71,2232.0,Warning
74.65,65.5,115.75,8.98,2025.7,565.0,Healthy
73.35,68.28,117.19,8.8,2007.69,1041.0,Healthy
75.47,65.77,117.99,8.41,2001.1,664.0,Healthy
73.83,62.13,119.3,7.98,2203.87,74.0,Healthy
102.69,84.8,111.86,10.27,1498.99,3086.0,Failed
77.76,74.4,116.2,8.58,1746.03,1148.0,Warning
76.82,64.49,116.52,8.37,2052.88,1117.0,Healthy
85.39,81.27,118.59,10.47,1833.02,1660.0,Warning
70.66,61.8,121.45,7.36,2191.69,24.0,Healthy
74.68,73.23,120.89,8.8,2008.82,1016.0,Healthy
96.14,77.74,112.35,9.89,1691.27,2412.0,Critical
89.14,82.41,114.04,9.99,1673.76,2007.0,Warning
99.08,92.26,108.32,10.6,1617.22,3147.0,Failed
93.39,78.06,113.3,10.31,1757.7,1937.0,Warning
84.28,73.2,114.35,9.29,1894.68,1244.0,Warning
94.04,79.59,116.88,10.44,1627.09,2704.0,Critical
94.85,83.06,109.93,10.67,1603.1,3418.0,Failed
87.51,79.37,112.44,10.42,1787.13,2510.0,Critical
97.07,85.13,108.19,10.42,1539.08,3574.0,Failed
100.02,88.25,112.98,10.11,1681.44,2874.0,Critical
97.9,81.5,109.98,10.02,1663.48,2613.0,Critical
74.25,63.87,120.24,8.35,2176.71,345.0,Healthy
89.04,83.28,109.99,9.92,1770.84,2306.0,Critical
85.94,74.28,115.42,8.27,1917.61,1178.0,Warning
82.52,77.93,111.7,9.33,1838.45,1448.0,Warning
84.92,82.46,112.72,9.99,1761.28,1677.0,Warning
97.42,87.76,109.87,9.88,1590.31,3139.0,Failed
105.4,89.8,109.26,10.07,1476.26,3199.0,Failed
84.34,67.77,116.37,9.18,2040.68,767.0,Healthy
90.66,85.92,114.12,10.37,1870.17,2045.0,Critical
90.48,88.8,115.76,9.63,1703.73,2632.0,Critical
75.47,66.81,117.04,8.94,1861.68,1123.0,Healthy
73.95,57.62,117.47,8.28,2090.08,441.0,Healthy
71.71,62.94,119.69,8.57,2221.0,115.0,Healthy
95.69,86.53,111.7,9.73,1602.21,2559.0,Critical
87.42,80.56,116.44,9.07,1778.98,1404.0,Warning
98.97,91.78,110.58,11.0,1399.78,3734.0,Failed
85.62,78.14,112.98,8.76,1857.86,1740.0,Warning
97.24,94.32,111.87,10.25,1644.39,2911.0,Failed
83.96,76.74,117.33,9.08,1869.4,1135.0,Warning
92.29,86.45,114.31,10.59,1714.49,2182.0,Critical
73.92,58.7,118.38,7.73,2118.3,236.0,Healthy
87.8,76.64,114.9,9.1,1780.19,1871.0,Warning
94.27,84.96,110.2,10.24,1679.91,2237.0,Critical
100.12,87.44,110.68,10.61,1430.01,2585.0,Failed
89.97,84.56,112.37,10.14,1757.74,2530.0,Critical
67.91,65.81,118.68,8.05,2217.11,132.0,Healthy
80.37,68.91,116.79,8.98,2023.22,1018.0,Healthy
67.13,63.86,119.77,7.52,2145.28,134.0,Healthy
72.06,64.23,118.23,8.31,2163.21,290.0,Healthy
89.14,77.69,115.34,10.28,1801.91,1784.0,Warning
95.33,78.17,112.52,9.26,1693.46,1976.0,Critical
93.64,78.11,112.46,9.62,1588.54,2769.0,Critical
99.05,87.42,109.15,10.0,1518.73,3307.0,Critical
93.09,81.99,113.38,9.72,1648.57,2087.0,Critical
92.42,81.55,111.28,10.74,1657.55,2237.0,Critical
71.87,55.84,120.95,7.75,2152.7,136.0,Healthy
79.22,68.33,115.69,8.13,1996.67,614.0,Healthy
92.24,78.14,114.43,9.86,1818.91,2261.0,Warning
95.35,83.6,108.15,9.89,1562.43,2757.0,Critical
65.19,57.24,120.88,8.33,2149.04,13.0,Healthy
80.29,74.72,114.59,9.21,1914.91,1455.0,Warning
89.34,81.73,113.83,9.88,1769.94,1885.0,Warning
63.87,59.9,118.8,7.45,2081.27,80.0,Healthy
87.43,68.48,114.56,9.19,1812.58,1370.0,Warning
98.66,86.69,110.39,10.33,1484.44,3049.0,Critical
88.24,83.29,113.57,9.58,1727.42,1829.0,Warning
73.8,67.25,118.49,8.1,2127.91,673.0,Healthy
98.67,85.79,111.93,10.22,1718.84,3076.0,Critical
77.1,69.46,115.11,9.16,2016.42,1129.0,Healthy
92.55,82.93,114.22,9.92,1755.69,2379.0,Critical
76.67,66.2,117.51,8.54,2006.87,1015.0,Healthy
88.05,72.72,113.16,9.79,1875.5,2147.0,Warning
83.77,75.45,116.67,9.68,1876.45,1183.0,Healthy
81.82,69.63,117.64,9.06,1883.13,972.0,Healthy
99.73,86.84,110.87,10.31,1554.72,3224.0,Critical
75.63,66.51,117.68,8.37,2058.67,564.0,Healthy
75.61,63.56,120.63,8.2,2347.42,317.0,Healthy
78.24,68.05,119.17,8.32,1960.62,1052.0,Healthy
86.07,80.55,109.77,9.73,1616.23,1935.0,Critical
92.21,82.8,113.77,10.47,1711.97,2850.0,Critical
97.54,97.5,110.04,10.51,1440.11,2779.0,Failed
76.99,71.95,117.39,8.49,2004.03,837.0,Healthy
79.36,72.74,117.95,8.73,1984.62,1387.0,Warning
72.72,68.2,114.65,8.33,2029.69,439.0,Healthy
89.11,80.97,115.47,8.94,1918.99,1530.0,Warning
105.07,85.79,111.95,10.13,1591.84,3576.0,Failed
85.85,80.36,111.96,10.37,1737.65,1812.0,Critical
83.99,77.81,111.96,9.07,1923.49,1669.0,Warning
79.4,73.61,118.54,8.66,1894.76,1319.0,Healthy
99.76,86.79,108.21,10.4,1622.82,3245.0,Failed
84.29,74.61,115.66,9.07,1874.46,1562.0,Warning
71.86,62.65,120.19,8.37,2054.92,422.0,Healthy
83.11,74.11,116.94,9.26,1895.61,1375.0,Healthy
74.88,57.68,120.18,7.55,2315.47,198.0,Healthy
76.0,64.78,117.58,8.81,2143.36,659.0,Healthy
68.08,55.0,120.52,7.81,2258.79,60.0,Healthy
84.41,70.51,114.4,9.02,1832.68,1699.0,Warning
88.34,79.99,112.79,10.36,1812.46,2245.0,Warning
79.58,71.31,116.62,8.3,1930.25,931.0,Healthy
81.07,71.67,113.49,9.29,2041.58,1488.0,Warning
101.55,92.15,111.27,10.85,1625.59,3219.0,Failed
93.31,86.62,108.76,9.61,1747.17,2670.0,Critical
89.33,76.02,115.14,9.09,1886.82,1452.0,Warning
82.55,69.29,117.84,8.56,1993.8,1064.0,Healthy
98.29,85.55,109.84,9.97,1611.08,3207.0,Critical
75.53,68.93,115.8,8.61,2158.74,857.0,Healthy
82.88,66.18,116.13,9.17,2009.59,1200.0,Healthy
98.67,92.66,111.87,10.13,1496.4,2439.0,Failed
93.7,79.31,115.22,9.7,1929.72,1897.0,Warning
93.2,78.67,110.91,10.42,1626.02,2566.0,Critical
89.82,75.36,114.25,9.65,1784.11,2027.0,Warning
90.47,80.87,113.86,9.84,1704.7,1993.0,Warning
78.68,67.97,117.34,8.51,1781.71,868.0,Healthy
76.46,68.87,116.11,7.55,2045.06,806.0,Healthy
80.56,68.6,117.01,9.04,2148.08,944.0,Healthy
76.23,69.24,119.82,8.71,2116.79,580.0,Healthy
99.69,86.25,112.06,10.28,1825.04,2919.0,Critical
79.42,75.76,117.78,9.07,1989.47,855.0,Healthy
85.46,78.65,116.85,9.18,1824.67,1453.0,Warning
92.78,79.71,112.33,10.19,1637.28,2190.0,Critical
89.55,89.77,110.9,10.55,1656.15,2298.0,Critical
88.14,76.45,114.36,9.36,1922.73,1213.0,Warning
82.66,75.43,115.5,9.73,1987.44,1552.0,Warning
102.74,91.78,107.9,11.03,1436.6,3465.0,Failed
91.07,76.67,112.79,9.2,1728.48,2490.0,Warning
95.35,79.03,112.55,10.32,1679.01,2758.0,Critical
96.72,86.95,112.73,10.0,1670.62,2979.0,Failed
91.26,87.76,109.81,9.53,1476.06,2258.0,Critical
72.65,66.74,118.3,8.35,1958.5,681.0,Healthy
92.05,81.99,114.28,10.11,1809.73,1667.0,Warning
73.4,67.02,119.04,8.04,2218.22,353.0,Healthy
92.96,79.65,113.68,8.93,1704.5,2296.0,Warning
102.82,92.21,110.4,9.81,1584.77,2500.0,Failed
84.15,79.95,116.96,9.47,1999.32,1740.0,Warning
84.26,72.75,117.54,8.78,1897.75,1624.0,Warning
71.21,60.43,122.86,7.27,2156.66,124.0,Healthy
95.32,89.21,110.39,9.84,1565.91,3043.0,Failed
72.53,55.85,118.35,8.32,2142.3,317.0,Healthy
72.99,62.07,118.14,8.41,2191.66,113.0,Healthy
75.88,69.54,116.76,8.44,2013.28,701.0,Healthy
70.99,62.4,120.42,8.42,2133.56,242.0,Healthy
83.13,74.69,116.75,9.5,1801.06,1392.0,Warning
91.82,75.35,115.85,8.98,1887.8,1428.0,Warning
73.87,63.39,115.88,8.73,1898.02,960.0,Healthy
73.03,66.52,118.5,7.89,2098.96,159.0,Healthy
72.59,62.24,121.82,8.49,2026.05,334.0,Healthy
79.61,69.68,114.91,8.72,1904.75,993.0,Healthy
70.98,65.89,121.52,7.67,2159.7,183.0,Healthy
92.95,83.88,113.62,9.77,1623.29,2589.0,Warning
78.38,67.03,116.83,8.96,2033.78,603.0,Healthy
79.62,71.37,115.2,8.96,2001.49,913.0,Healthy
85.1,68.36,115.03,9.39,1798.57,1370.0,Healthy
86.3,72.26,116.46,9.41,1847.62,1150.0,Warning
72.5,63.93,118.62,8.02,2343.21,6.0,Healthy
71.72,61.33,121.21,8.04,2064.86,365.0,Healthy
97.37,82.89,111.06,9.81,1652.74,2798.0,Critical
71.53,60.27,121.04,7.37,2158.54,3.0,Healthy
82.8,75.55,115.85,9.75,1860.29,1345.0,Warning
79.98,76.63,117.54,9.09,1793.56,1785.0,Warning
73.92,65.86,116.01,8.15,1814.69,947.0,Healthy
83.15,65.29,115.85,9.57,1862.79,1345.0,Warning
94.31,86.18,110.09,9.99,1688.94,2505.0,Critical
91.69,81.99,111.74,10.49,1665.42,2179.0,Critical
80.95,65.98,119.11,8.55,2029.2,901.0,Healthy
80.13,63.13,117.1,8.49,1912.07,1050.0,Healthy
81.32,70.34,121.04,8.78,2103.88,903.0,Healthy
85.51,75.45,115.98,9.41,1806.34,1309.0,Warning
87.3,81.43,112.36,9.6,1668.86,1896.0,Warning
78.22,67.76,118.4,9.1,1961.8,660.0,Healthy
81.93,63.74,114.5,9.21,1934.64,976.0,Healthy
96.27,84.96,109.5,10.55,1525.08,3504.0,Failed
67.13,60.1,117.69,7.68,2189.47,160.0,Healthy
84.12,71.58,115.42,8.65,1769.23,1339.0,Warning
88.34,80.53,112.79,10.26,1665.08,2017.0,Critical
77.88,65.25,120.3,7.5,2030.64,486.0,Healthy
70.2,64.44,119.38,8.08,2201.04,133.0,Healthy
79.32,59.71,117.11,8.4,2127.46,368.0,Healthy
91.19,87.54,113.15,10.1,1474.46,3086.0,Failed
70.68,62.41,115.49,8.01,2232.9,32.0,Healthy
79.94,62.88,118.17,8.64,2063.99,500.0,Healthy
68.27,60.36,120.01,7.84,2241.56,100.0,Healthy
72.84,64.72,118.88,8.63,2070.87,364.0,Healthy
87.4,78.64,114.55,9.78,1813.13,2092.0,Warning
75.2,69.27,117.75,8.53,2100.05,621.0,Healthy
87.81,77.36,115.06,9.09,1807.07,2036.0,Warning
83.82,76.77,113.19,9.44,1954.69,1910.0,Warning
95.15,81.96,109.32,10.97,1644.71,2623.0,Critical
71.69,60.88,119.88,7.71,2337.71,15.0,Healthy
94.96,85.9,109.93,10.75,1804.39,2679.0,Critical
85.57,75.6,112.72,8.85,1632.79,2259.0,Warning
77.97,66.63,120.11,8.06,2178.21,560.0,Healthy
95.38,86.99,114.61,9.72,1700.25,2262.0,Critical
92.54,83.68,113.16,10.52,1620.63,2204.0,Critical
73.75,65.45,118.89,8.66,1969.15,774.0,Healthy
94.71,85.27,110.9,10.82,1485.54,2575.0,Failed
85.27,68.6,116.98,9.0,1797.63,1516.0,Warning
88.93,84.12,114.5,9.49,1955.47,2040.0,Warning
101.91,88.19,113.07,10.33,1549.74,2927.0,Failed
79.87,68.27,115.01,9.71,1838.19,1325.0,Healthy
91.62,81.01,112.88,9.58,1546.58,3104.0,Critical
82.31,68.39,114.92,8.59,1815.11,1007.0,Healthy
92.32,81.89,113.03,9.61,1735.84,2529.0,Critical
88.58,82.34,111.41,9.73,1783.11,1598.0,Warning
71.84,62.74,116.02,8.08,2089.29,797.0,Healthy
80.71,67.81,113.94,9.76,1910.38,1136.0,Warning
82.56,71.18,117.2,8.83,2053.48,1069.0,Healthy
70.19,62.02,119.75,8.36,2113.58,264.0,Healthy
73.34,60.23,123.38,8.26,2202.75,90.0,Healthy
73.4,72.07,116.4,8.86,1979.39,931.0,Healthy
68.89,60.98,120.97,8.1,2093.85,65.0,Healthy
74.45,64.82,118.59,8.45,2026.32,496.0,Healthy
96.98,77.54,113.78,10.02,1668.14,1998.0,Critical
87.74,76.24,113.13,9.44,1730.02,2641.0,Critical
94.17,80.06,114.26,9.45,1794.07,2351.0,Critical
82.69,66.26,115.25,9.12,1987.25,1096.0,Healthy
94.54,87.51,107.43,10.22,1569.97,2621.0,Critical
86.69,72.42,114.69,8.68,1809.12,1633.0,Warning
74.21,62.44,116.03,8.12,2099.22,328.0,Healthy
69.87,63.79,120.53,8.97,2097.58,431.0,Healthy
89.43,80.67,112.25,9.67,1836.11,1819.0,Warning
79.02,66.39,116.71,8.22,2061.09,662.0,Healthy
86.79,74.24,118.98,8.67,1865.85,1450.0,Warning
99.28,87.75,110.05,10.25,1454.16,2699.0,Failed
70.46,63.85,119.64,7.54,2298.06,14.0,Healthy
72.24,59.54,120.96,8.21,2115.48,59.0,Healthy
102.11,94.05,111.29,10.5,1499.09,3809.0,Failed
85.87,76.56,115.86,9.32,1869.35,1679.0,Warning
78.41,63.76,116.73,8.01,2041.88,333.0,Healthy
100.87,86.5,111.83,10.85,1641.32,3128.0,Critical
98.44,87.11,110.76,9.92,1419.81,3164.0,Critical
83.56,74.83,113.26,9.06,1737.31,1613.0,Warning
85.59,78.94,113.85,9.46,1757.21,2337.0,Warning
77.22,72.79,114.55,8.64,2201.54,969.0,Healthy
71.7,64.66,120.88,8.32,2176.27,156.0,Healthy
82.53,81.0,113.62,9.86,1797.14,2070.0,Warning
80.33,64.82,116.34,9.08,2085.49,755.0,Healthy
93.77,76.37,113.16,10.63,1648.56,1987.0,Warning
96.82,85.74,111.39,9.41,1371.96,2323.0,Critical
68.52,62.86,121.53,8.14,2326.0,54.0,Healthy
85.49,76.31,112.4,9.28,1831.37,1684.0,Warning
77.84,64.85,117.11,9.38,2002.48,804.0,Healthy
95.76,90.4,110.94,10.25,1592.87,3164.0,Critical
78.94,69.67,115.87,7.82,2106.61,708.0,Healthy
90.13,81.5,114.13,9.7,1762.12,1890.0,Warning
89.88,75.28,113.38,9.49,1824.11,1841.0,Warning
78.49,70.32,113.93,9.29,2085.51,1087.0,Healthy
90.99,83.18,114.01,9.4,1626.18,2048.0,Warning
90.68,80.98,115.06,9.95,1733.34,2040.0,Critical
86.71,75.18,114.4,9.31,1705.38,1859.0,Warning
95.35,80.01,112.26,9.63,1794.16,2817.0,Critical
102.42,87.97,109.98,10.6,1535.06,3100.0,Failed
86.77,75.2,115.03,9.11,1851.56,1433.0,Warning
86.71,70.91,116.61,9.71,1719.75,1792.0,Warning
70.04,62.26,120.02,8.04,2163.26,48.0,Healthy
93.12,81.76,108.77,10.23,1657.63,2678.0,Critical
80.4,74.98,116.6,8.82,1928.51,1455.0,Warning
86.26,71.8,117.35,9.58,1826.94,1050.0,Warning
71.86,62.16,119.96,7.92,2068.18,258.0,Healthy
98.21,85.83,106.97,10.59,1537.48,2420.0,Critical
83.89,70.52,116.05,9.09,1861.48,1276.0,Healthy
86.74,78.76,114.51,9.76,1681.03,2131.0,Warning
71.71,68.44,119.08,8.68,2019.82,500.0,Healthy
103.49,88.92,110.69,9.55,1560.29,2557.0,Failed
76.22,64.98,119.56,8.22,2036.46,644.0,Healthy
74.24,64.05,118.21,8.8,2061.19,539.0,Healthy
95.39,84.55,113.22,10.92,1623.06,2950.0,Critical
100.64,85.45,111.12,10.27,1450.84,3146.0,Failed
79.17,68.66,118.0,7.56,2098.99,697.0,Healthy
79.7,71.83,116.64,9.05,1887.9,1308.0,Warning
96.91,75.27,112.07,9.81,1703.39,2453.0,Critical
99.25,86.53,109.57,10.64,1574.48,3288.0,Critical
80.91,70.53,116.22,8.97,1913.1,1361.0,Healthy
81.94,73.75,115.72,8.78,1842.39,1410.0,Warning
95.41,84.99,113.97,10.24,1688.45,2213.0,Critical
93.36,73.73,114.08,10.06,1593.79,2611.0,Critical
89.12,88.22,112.07,9.68,1777.95,2202.0,Critical
86.4,80.26,114.04,9.71,1745.39,1981.0,Warning
82.52,61.25,118.07,8.04,2132.11,391.0,Healthy
97.17,85.77,111.34,10.14,1660.43,2643.0,Failed
93.74,87.48,108.88,9.95,1566.76,2320.0,Critical
90.92,85.54,112.05,9.87,1660.29,2513.0,Critical
78.31,61.09,123.28,8.61,1954.8,296.0,Healthy
78.68,61.28,115.7,7.8,1898.38,656.0,Healthy
96.53,88.65,112.8,10.3,1677.43,2192.0,Critical
71.44,63.56,120.34,8.13,2198.96,74.0,Healthy
103.14,89.85,110.97,10.29,1603.03,2705.0,Failed
78.77,71.84,114.78,8.95,2000.09,1049.0,Healthy
92.07,83.44,113.58,9.43,1569.12,2196.0,Critical
97.49,88.85,110.32,9.57,1680.16,2374.0,Critical
85.99,65.58,113.91,8.63,1828.51,1507.0,Healthy
80.53,68.52,118.24,8.04,2045.63,949.0,Healthy
86.39,76.9,114.91,8.98,1737.74,1714.0,Warning
87.62,76.95,112.74,8.8,2010.57,2010.0,Warning
77.24,74.59,115.09,9.51,1866.37,1268.0,Warning
81.09,72.68,113.11,8.99,1772.84,2278.0,Warning
100.56,84.01,108.18,10.32,1557.9,2458.0,Failed
82.9,71.98,116.47,9.62,1853.25,1484.0,Warning
75.12,66.37,119.23,8.83,1982.51,563.0,Healthy
83.81,73.81,115.73,8.82,2112.28,1305.0,Healthy
86.01,76.72,116.02,8.87,1875.27,1284.0,Healthy
75.54,63.07,118.86,8.4,2056.5,376.0,Healthy
80.67,67.38,118.74,9.25,2077.24,526.0,Healthy
92.04,82.67,111.13,9.88,1736.27,2435.0,Warning
81.09,71.81,117.34,9.12,1907.58,1293.0,Healthy
99.37,88.57,108.69,11.29,1607.85,2722.0,Failed
73.45,66.11,118.59,8.72,2041.7,641.0,Healthy
75.84,59.77,117.41,8.71,2132.36,325.0,Healthy
85.27,79.21,110.51,10.07,1717.19,2226.0,Critical
94.67,87.47,111.15,10.39,1515.39,3095.0,Critical
78.41,68.18,117.14,8.31,1958.52,985.0,Healthy
73.69,64.82,118.13,8.05,2056.77,566.0,Healthy
74.22,67.57,116.8,8.26,2144.36,582.0,Healthy
91.18,75.06,115.08,9.66,1815.08,1352.0,Warning
87.36,71.31,115.76,9.5,1846.74,1634.0,Warning
75.73,66.98,119.15,9.18,1849.72,846.0,Healthy
69.95,63.82,119.83,8.11,2112.9,172.0,Healthy
80.61,71.37,114.29,9.42,1730.91,1441.0,Warning
100.89,89.41,108.39,10.62,1416.35,3263.0,Failed
88.83,79.41,111.18,9.59,1772.5,2149.0,Warning
78.97,72.58,115.53,9.11,2118.65,1620.0,Warning
73.62,62.44,120.08,7.68,2138.05,343.0,Healthy
78.89,62.86,116.14,8.57,2049.91,767.0,Healthy
81.73,69.17,117.44,8.7,1932.82,841.0,Healthy
92.72,78.85,112.09,10.37,1580.77,2635.0,Critical
95.18,89.52,112.31,10.68,1750.79,3034.0,Critical
103.01,86.77,112.28,10.31,1504.42,3078.0,Failed
99.56,87.82,106.75,11.29,1350.81,3753.0,Failed
101.63,92.95,111.72,10.53,1531.99,2925.0,Failed
96.97,85.49,110.85,10.8,1498.52,2636.0,Failed
74.22,59.91,118.48,8.14,2197.39,189.0,Healthy
69.77,58.65,117.87,7.89,2228.95,376.0,Healthy
77.75,73.06,117.0,8.59,2016.39,883.0,Healthy
82.96,82.21,113.72,9.97,1831.12,1458.0,Warning
71.09,57.89,117.62,8.14,2184.88,365.0,Healthy
99.13,82.93,110.48,9.93,1824.32,2517.0,Critical
86.67,78.71,112.27,9.54,1950.55,2314.0,Warning
88.43,74.72,116.6,9.2,1795.07,1650.0,Warning
79.51,64.87,118.43,8.89,2160.27,537.0,Healthy
77.51,67.24,120.85,9.39,2165.61,841.0,Healthy
77.79,66.03,118.95,8.4,2143.26,492.0,Healthy
97.15,82.68,112.36,10.35,1598.34,2571.0,Critical
87.88,78.1,112.57,9.85,1751.21,1991.0,Warning
94.3,78.71,112.32,9.88,1693.3,2730.0,Critical
84.4,67.65,117.15,8.39,1901.59,1041.0,Healthy
79.23,65.93,115.33,8.76,2011.75,1160.0,Healthy
79.27,70.93,115.25,9.18,2027.88,1443.0,Warning
89.75,81.08,113.03,10.06,1636.23,2561.0,Critical
96.15,86.0,112.94,9.21,1623.31,2483.0,Critical
79.59,66.03,115.93,8.34,1970.74,764.0,Healthy
96.64,88.61,111.01,10.06,1578.28,3019.0,Failed
67.21,63.55,119.62,8.65,2114.67,377.0,Healthy
94.86,80.5,110.15,9.96,1457.24,3059.0,Critical
74.66,57.02,117.96,8.07,2362.92,313.0,Healthy
77.74,66.98,118.02,8.46,1872.56,774.0,Healthy
95.94,86.23,107.68,10.43,1492.28,2725.0,Critical
73.81,64.68,118.21,8.84,2149.52,675.0,Healthy
85.45,69.81,118.32,9.23,1963.07,1324.0,Warning
84.53,72.77,111.61,9.57,1827.95,1722.0,Warning
79.12,66.38,118.78,9.11,1966.02,885.0,Healthy
91.78,83.64,113.71,9.05,1739.46,2259.0,Critical
97.11,87.71,109.33,10.37,1634.32,2547.0,Critical
97.61,84.58,112.03,10.04,1531.49,2962.0,Critical
77.4,70.03,118.11,8.35,2041.98,1283.0,Healthy
87.04,76.75,112.93,9.2,1874.15,1640.0,Warning
79.83,68.73,116.46,8.91,2133.03,704.0,Healthy
80.81,72.3,117.59,9.19,2024.66,668.0,Healthy
76.09,64.75,119.85,7.87,2151.94,520.0,Healthy
95.3,91.71,109.79,10.6,1523.72,2941.0,Failed
94.21,83.16,111.06,11.01,1621.69,2858.0,Critical
92.02,81.41,111.23,10.68,1684.47,2474.0,Critical
86.1,69.12,114.86,7.91,1905.48,1706.0,Warning
84.35,75.17,116.66,10.1,1898.13,1453.0,Warning
82.52,77.83,114.86,9.71,1678.07,1679.0,Warning
82.71,68.43,114.1,8.42,1774.28,1667.0,Warning
76.74,73.6,115.61,8.78,1902.46,1406.0,Warning
64.59,65.77,117.48,8.83,2145.08,413.0,Healthy
73.37,65.41,117.25,8.46,2178.02,426.0,Healthy
105.53,84.98,112.28,10.15,1577.32,3304.0,Failed
89.85,76.78,117.64,9.23,1806.2,1481.0,Warning
95.66,88.62,107.78,10.6,1606.21,3333.0,Failed
75.36,66.68,119.24,8.18,2020.77,610.0,Healthy
82.24,76.25,115.74,9.34,1912.97,1965.0,Warning
72.3,67.37,116.11,8.88,2161.0,738.0,Healthy
74.0,70.92,116.76,8.35,2021.96,886.0,Healthy
70.23,60.29,118.83,7.53,2127.12,92.0,Healthy
73.02,64.42,121.66,8.04,2061.05,450.0,Healthy
98.26,91.25,113.31,9.94,1470.69,2572.0,Failed
81.64,69.25,115.4,8.56,1901.12,944.0,Healthy
87.23,74.87,111.73,8.83,1759.87,1718.0,Warning
84.06,75.98,116.51,9.26,1829.74,1479.0,Warning
78.73,76.32,116.81,9.35,1790.89,1408.0,Warning
81.92,79.82,116.55,9.01,1788.99,1538.0,Warning
71.12,67.76,116.54,8.21,2076.36,710.0,Healthy
101.61,82.63,111.2,10.4,1480.85,3367.0,Failed
93.54,82.64,110.72,9.68,1555.59,3075.0,Critical
86.64,80.49,113.52,10.25,1489.57,2474.0,Critical
83.87,74.2,115.26,8.82,1963.5,1552.0,Warning
70.84,69.65,121.32,8.17,2089.82,580.0,Healthy
102.6,84.38,111.46,10.0,1581.19,3471.0,Failed
78.51,76.97,116.12,9.26,1975.49,1177.0,Healthy
73.55,60.36,119.71,8.03,2204.71,136.0,Healthy
83.54,67.97,116.43,9.65,1979.56,928.0,Healthy
90.97,86.37,110.32,10.13,1651.77,2068.0,Critical
88.91,81.45,116.66,10.02,1825.17,1712.0,Warning
94.19,84.47,114.89,9.75,1752.64,2448.0,Critical
94.16,81.5,111.8,9.61,1755.12,2484.0,Critical
77.44,67.86,118.93,8.52,1985.08,731.0,Healthy
93.72,84.61,113.84,10.04,1573.31,3420.0,Failed
84.8,70.75,117.48,8.3,1764.98,1332.0,Warning
87.71,78.89,113.15,10.0,1714.18,2347.0,Warning
71.12,57.61,119.84,8.02,2182.63,9.0,Healthy
102.56,92.96,107.49,10.2,1563.91,3405.0,Failed
80.43,66.69,118.35,8.85,1993.95,1019.0,Healthy
72.91,61.2,121.24,8.17,2210.38,232.0,Healthy
85.67,71.11,117.29,9.71,1851.61,1441.0,Warning
75.94,66.98,119.76,8.5,2063.46,413.0,Healthy
79.06,62.57,119.01,8.32,2029.2,491.0,Healthy
88.87,82.39,112.18,9.86,1812.66,1991.0,Warning
82.28,74.99,116.55,8.97,1894.68,1483.0,Healthy
100.45,86.32,109.83,10.38,1360.58,2468.0,Failed
78.1,69.66,117.6,9.29,2027.45,965.0,Healthy
87.78,80.36,111.59,9.35,1617.33,2702.0,Critical
85.31,75.47,116.17,8.81,1892.69,1637.0,Warning
89.18,79.22,115.39,9.48,1647.71,1933.0,Warning
84.37,76.74,114.57,9.39,1781.39,2045.0,Warning
85.69,74.32,115.76,9.64,1639.42,1211.0,Warning
102.8,83.76,111.87,9.81,1532.26,3080.0,Failed
75.39,70.05,119.23,8.84,1890.09,1280.0,Healthy
78.38,67.27,118.07,8.22,1974.52,594.0,Healthy
82.73,80.76,114.0,10.38,1786.47,2525.0,Warning
94.18,88.24,113.81,10.47,1598.3,2248.0,Critical
76.73,60.08,120.6,8.2,2152.29,131.0,Healthy
82.5,72.11,112.5,9.51,1827.31,1545.0,Warning
97.04,83.42,110.0,9.7,1646.82,2323.0,Critical
94.78,81.27,113.63,10.69,1640.49,2750.0,Critical
94.6,95.65,109.48,10.14,1624.75,2865.0,Failed
86.16,76.77,116.85,9.83,1926.38,1949.0,Warning
89.99,78.04,116.19,9.87,1852.03,1926.0,Warning
84.66,66.06,116.09,8.86,2065.7,1154.0,Healthy
94.72,83.63,108.98,10.85,1488.22,3502.0,Failed
79.85,68.5,115.79,9.31,1947.76,1339.0,Healthy
89.37,84.43,111.99,9.89,1666.8,2540.0,Critical
78.99,70.81,118.27,8.84,1984.86,1239.0,Warning
90.24,73.98,112.83,9.45,1805.88,1768.0,Warning
91.67,79.05,113.92,9.76,1676.69,2384.0,Critical
83.6,77.22,116.99,9.41,1976.39,1477.0,Warning
95.66,86.97,112.16,10.68,1538.85,2620.0,Failed
80.89,70.7,116.46,9.24,1856.53,1334.0,Warning
87.99,78.49,113.29,9.69,1714.89,2095.0,Warning
76.48,76.89,119.35,8.59,2046.04,1226.0,Healthy
81.47,75.9,115.55,9.15,1929.31,1434.0,Warning
82.12,77.61,117.02,8.42,1928.64,1479.0,Warning
71.5,58.52,118.5,8.0,2130.81,427.0,Healthy
73.22,62.3,116.32,8.47,1960.36,337.0,Healthy
90.74,78.09,112.92,10.02,1647.25,1758.0,Warning
88.0,81.3,113.21,9.63,1718.84,2157.0,Warning
89.45,83.07,113.16,9.74,1761.14,1748.0,Warning
77.07,61.57,118.81,8.2,2107.42,53.0,Healthy
86.16,67.18,117.67,9.09,1890.21,1035.0,Healthy
72.77,63.95,119.13,8.41,2036.55,606.0,Healthy
90.6,85.21,111.76,9.55,1761.4,2723.0,Critical
92.64,87.98,110.92,10.31,1425.33,3105.0,Critical
80.57,67.82,115.96,9.4,1815.2,881.0,Healthy
88.84,80.42,113.7,9.3,1871.33,2205.0,Warning
74.6,64.03,120.77,8.27,1987.02,332.0,Healthy
84.25,69.06,119.32,8.53,1974.97,713.0,Healthy
74.13,66.31,117.71,9.31,1982.88,389.0,Healthy
80.62,70.4,120.15,8.32,1977.33,823.0,Healthy
91.8,80.31,112.71,9.62,1716.79,2125.0,Warning
95.55,87.16,109.37,10.13,1691.62,2773.0,Failed
79.25,65.81,115.93,8.0,2115.89,558.0,Healthy
83.71,73.92,112.96,8.83,1717.89,1455.0,Warning
95.06,78.66,113.49,9.98,1556.39,1815.0,Critical
96.83,90.22,110.08,10.67,1572.93,2524.0,Failed
86.87,76.16,112.95,9.3,1731.39,1562.0,Warning
74.39,70.1,116.18,9.2,1963.58,664.0,Healthy
85.99,78.61,112.12,8.66,1856.95,1959.0,Warning
78.33,72.07,115.46,8.3,1835.14,1098.0,Healthy
91.99,91.19,111.76,10.11,1487.41,3022.0,Failed
81.29,74.52,118.71,9.0,1970.69,1158.0,Healthy
89.04,79.13,115.94,9.53,1625.78,2295.0,Warning
73.07,61.92,120.8,7.98,2287.59,78.0,Healthy
83.27,74.22,115.26,9.19,1839.02,1388.0,Warning
94.13,81.6,110.25,10.77,1581.79,2559.0,Critical
86.93,83.41,115.03,9.85,1717.38,2309.0,Warning
82.61,80.12,115.19,9.13,1670.03,1234.0,Warning
102.54,90.92,111.26,10.31,1511.2,3550.0,Failed
93.15,88.04,114.36,10.58,1665.59,2878.0,Critical
77.51,71.43,117.1,9.56,1891.69,937.0,Healthy
82.95,75.37,117.97,9.62,1768.56,1533.0,Warning
80.25,74.36,113.41,9.03,1815.81,1399.0,Warning
89.89,81.86,114.35,9.68,1800.34,2141.0,Warning
80.63,67.1,117.13,9.07,1937.34,1265.0,Healthy
81.17,64.14,116.08,8.39,2030.91,896.0,Healthy
100.5,86.19,112.08,10.63,1564.03,3483.0,Failed
104.91,89.68,113.06,10.42,1511.41,2746.0,Failed
95.08,82.7,114.87,10.57,1744.84,2578.0,Critical
98.56,88.67,110.83,10.05,1433.23,3440.0,Failed
88.45,82.03,109.7,9.17,1734.74,2146.0,Critical
95.03,79.9,113.07,9.75,1766.8,2288.0,Critical
93.23,75.56,113.49,9.92,1655.12,2232.0,Critical
86.37,71.34,114.84,8.48,1868.44,1481.0,Warning
80.28,74.48,115.76,8.9,1922.91,1620.0,Warning
78.26,68.67,116.87,9.11,2002.14,618.0,Healthy
89.96,80.83,113.35,9.83,1596.94,1672.0,Warning
79.1,70.51,118.63,8.78,1977.53,742.0,Healthy
75.68,65.86,119.51,8.22,2151.2,871.0,Healthy
91.15,75.06,112.23,9.97,1835.33,1775.0,Warning
88.45,73.42,115.13,8.86,1919.18,1297.0,Warning
73.23,65.93,115.43,8.59,2107.3,691.0,Healthy
96.64,87.2,114.6,10.2,1617.21,2301.0,Critical
87.18,86.96,112.7,10.22,1599.96,3074.0,Critical
77.04,68.88,115.32,9.02,2048.11,469.0,Healthy
64.61,58.83,119.83,8.25,2232.95,26.0,Healthy
78.51,73.29,116.21,8.98,1921.82,1179.0,Healthy
89.99,90.03,110.89,9.96,1616.52,2302.0,Critical
94.53,85.34,113.16,10.27,1682.9,2910.0,Critical
76.67,65.65,120.14,8.26,2087.63,393.0,Healthy
87.66,80.44,112.66,10.01,1703.19,2504.0,Critical
72.39,66.15,117.88,8.15,2170.84,402.0,Healthy
80.16,75.09,115.15,8.78,1920.82,1071.0,Healthy
104.7,88.47,110.08,10.13,1473.01,3422.0,Failed
77.07,67.54,117.39,8.37,1959.61,526.0,Healthy
71.09,65.46,118.45,8.25,2004.51,408.0,Healthy
81.27,73.86,116.61,9.79,1952.77,1271.0,Warning
93.26,81.03,111.5,9.95,1813.48,1760.0,Warning
100.13,89.54,109.53,10.28,1467.78,2566.0,Failed
96.67,89.01,110.14,10.28,1545.14,2835.0,Failed
71.29,64.59,121.65,8.42,2168.56,246.0,Healthy
73.43,67.48,119.89,9.12,2178.24,505.0,Healthy
92.11,82.06,112.09,10.3,1819.72,2973.0,Critical
72.99,68.11,117.9,7.99,2056.54,1022.0,Healthy
94.51,81.24,111.0,10.56,1525.34,2977.0,Critical
94.07,81.65,114.98,10.07,1795.05,2287.0,Warning
72.21,67.02,119.53,9.16,2038.35,330.0,Healthy
94.67,84.2,113.59,9.98,1794.94,3085.0,Critical
75.71,65.69,116.2,8.5,1978.44,530.0,Healthy
89.36,72.04,114.56,9.24,1938.63,1482.0,Warning
86.59,75.41,114.89,9.07,1813.62,1968.0,Warning
88.3,75.72,115.73,8.91,1816.37,1909.0,Warning
88.79,78.23,116.74,9.88,1681.56,1785.0,Warning
88.8,78.87,110.76,9.01,1852.06,1881.0,Warning
99.8,87.05,110.03,9.95,1550.89,3138.0,Failed
97.66,91.75,109.89,10.82,1488.22,3579.0,Failed
84.88,76.21,115.19,9.49,1977.05,1802.0,Warning
75.52,61.56,121.65,8.74,2123.87,253.0,Healthy
89.43,81.95,114.04,10.0,1749.3,2662.0,Critical
99.3,88.64,107.83,10.45,1409.1,3016.0,Failed
81.68,72.98,119.12,9.31,1874.21,1163.0,Healthy
81.36,72.51,117.65,8.98,1933.93,1702.0,Warning
86.03,74.65,116.15,8.93,1927.3,1587.0,Warning
71.76,59.43,117.06,8.1,2335.75,183.0,Healthy
89.67,82.61,113.05,9.86,1672.99,2369.0,Warning
74.58,73.71,117.17,8.86,2006.72,1135.0,Healthy
92.5,86.88,113.62,9.37,1629.12,2577.0,Critical
96.08,89.38,109.02,9.97,1685.37,2680.0,Critical
99.87,85.51,110.63,10.04,1686.64,2644.0,Critical
84.2,76.21,117.48,9.09,1906.13,1179.0,Warning
83.03,74.52,119.04,8.62,1915.68,958.0,Healthy
88.84,79.1,113.16,10.07,1648.69,2087.0,Critical
93.66,82.23,113.71,9.36,1550.0,2788.0,Critical
88.4,70.25,115.77,9.39,1885.3,1522.0,Warning
94.13,89.97,112.51,10.95,1350.17,2564.0,Critical
77.21,59.79,118.78,8.12,2052.77,516.0,Healthy
98.57,81.03,111.93,10.22,1656.98,3258.0,Critical
73.71,59.59,117.21,8.14,2203.15,247.0,Healthy
73.62,59.39,119.55,8.29,1963.56,566.0,Healthy
83.06,76.83,112.78,8.92,1872.94,1385.0,Warning
77.35,58.77,120.41,8.97,2061.44,234.0,Healthy
73.48,56.51,118.81,8.29,2132.77,194.0,Healthy
71.04,59.89,120.55,7.73,2260.91,1.0,Healthy
81.85,73.14,114.21,8.78,1816.57,1644.0,Warning
93.35,77.63,111.5,9.96,1771.92,2697.0,Critical
71.54,58.9,120.2,7.22,2196.17,133.0,Healthy
90.77,79.34,114.61,10.05,1780.44,1836.0,Warning
96.9,83.62,113.41,9.85,1709.99,2242.0,Critical
72.69,64.05,116.59,8.58,2153.64,572.0,Healthy
70.01,67.94,116.28,8.54,2161.45,473.0,Healthy
96.08,92.26,109.93,10.54,1544.82,3101.0,Critical
89.45,83.75,110.17,10.25,1534.94,2559.0,Critical
85.2,72.2,116.96,9.64,1800.16,1381.0,Warning
93.05,83.87,113.82,10.46,1664.51,2606.0,Critical
74.26,63.37,117.58,8.1,2032.22,317.0,Healthy
87.78,71.67,118.62,9.85,1970.49,1168.0,Healthy
86.3,83.97,114.54,9.99,1713.5,2363.0,Critical
84.55,74.36,114.98,8.63,2005.24,858.0,Healthy
91.87,77.43,110.93,9.54,1678.29,2617.0,Critical
86.17,73.6,112.47,9.18,1852.28,1443.0,Warning
88.26,87.13,112.37,10.04,1710.14,2179.0,Critical
86.93,72.37,115.38,9.2,1934.44,1598.0,Warning
81.16,73.41,116.34,9.65,2172.18,1109.0,Healthy
76.39,68.47,114.77,8.39,2060.09,772.0,Healthy
70.44,69.96,115.78,8.79,2002.61,605.0,Healthy
92.77,88.28,112.88,9.43,1521.46,2650.0,Critical
76.1,64.57,119.74,9.17,2004.13,328.0,Healthy
71.87,57.34,116.11,7.74,2079.22,270.0,Healthy
78.81,63.19,116.32,9.27,2131.75,495.0,Healthy
78.66,71.82,119.78,8.38,2045.67,565.0,Healthy
92.77,80.45,109.93,9.16,1656.36,2845.0,Critical
86.74,73.45,115.99,9.54,1862.48,1289.0,Healthy
99.85,82.17,108.12,10.51,1543.16,2738.0,Failed
74.27,60.06,119.88,8.16,2173.75,513.0,Healthy
89.9,82.27,110.44,9.89,1710.35,1677.0,Warning
83.67,73.57,115.06,9.39,1920.69,1568.0,Warning
73.9,70.66,117.48,9.15,1889.72,1369.0,Healthy
95.7,83.81,112.16,10.64,1488.89,3244.0,Critical
95.18,83.28,109.55,10.54,1561.38,3573.0,Failed
101.06,88.27,110.22,10.44,1622.02,2402.0,Critical
80.53,64.92,117.73,8.27,2112.87,725.0,Healthy
79.18,62.06,115.86,8.86,2121.88,608.0,Healthy
88.97,79.77,113.29,9.43,1720.84,2153.0,Warning
75.65,70.42,116.98,8.27,1983.63,798.0,Healthy
90.07,81.44,112.03,9.75,1662.9,2237.0,Critical
92.82,77.34,115.84,9.31,1831.13,2025.0,Warning
84.45,76.64,112.89,9.75,1803.26,2070.0,Warning
87.79,82.74,109.16,9.49,1630.09,2461.0,Critical
94.41,81.48,112.11,10.21,1644.98,2215.0,Critical
75.3,63.0,119.92,7.82,2099.19,95.0,Healthy
76.46,64.59,119.35,7.14,2092.68,164.0,Healthy
91.16,80.42,113.76,9.02,1812.24,2231.0,Warning
88.19,72.56,113.45,9.09,1856.24,1449.0,Warning
77.96,69.71,115.92,8.83,1978.39,729.0,Healthy
76.33,73.96,115.08,8.99,1960.01,1366.0,Warning
92.82,80.61,111.57,9.41,1786.09,2393.0,Critical
96.66,83.41,113.38,9.76,1581.79,3048.0,Critical
86.43,78.88,114.78,8.93,1720.42,1501.0,Warning
81.02,75.69,115.35,9.07,2005.85,1009.0,Healthy
75.23,62.69,118.94,8.64,2011.75,753.0,Healthy
82.65,80.58,115.45,9.55,1819.99,1785.0,Warning
84.96,72.93,114.82,8.08,2061.1,937.0,Healthy
92.55,77.52,109.5,9.2,1784.13,1514.0,Warning
90.29,79.58,111.24,10.5,1758.11,2500.0,Warning
72.83,63.15,120.23,8.42,2166.57,234.0,Healthy
67.09,58.11,121.33,7.88,2458.81,4.0,Healthy
78.3,65.84,115.39,8.14,2040.66,574.0,Healthy
102.11,82.41,112.04,10.68,1648.79,2651.0,Critical
84.8,74.16,114.47,10.23,1727.54,2172.0,Warning
76.55,72.16,120.37,7.97,2115.63,458.0,Healthy
98.32,86.9,112.52,9.8,1561.14,3409.0,Critical
85.68,74.71,117.33,9.29,1934.66,1800.0,Warning
89.21,74.19,115.97,9.34,1859.08,1535.0,Warning
104.17,85.58,111.33,10.53,1585.4,3585.0,Failed
71.08,60.86,118.9,8.89,2097.88,224.0,Healthy
78.47,66.73,119.08,8.15,1985.64,719.0,Healthy
87.83,76.98,112.14,9.48,1639.39,1563.0,Warning
73.97,63.61,117.84,8.78,2092.42,532.0,Healthy
91.2,81.82,114.01,9.98,1672.41,1998.0,Warning
78.44,66.99,119.97,8.28,2225.78,774.0,Healthy
73.63,64.15,118.29,8.0,2092.8,322.0,Healthy
73.57,68.32,119.38,8.33,2154.82,750.0,Healthy
81.29,72.17,115.48,9.74,1995.64,1467.0,Warning
73.92,64.78,119.72,8.05,2057.02,635.0,Healthy
71.51,68.49,117.45,8.21,2046.78,391.0,Healthy
96.75,82.98,112.49,10.46,1587.03,2974.0,Critical
80.87,63.99,116.65,8.37,2066.51,852.0,Healthy
83.76,72.49,114.61,9.01,2130.31,1242.0,Healthy
69.09,59.77,119.22,7.38,2062.52,176.0,Healthy
78.99,67.49,118.41,8.97,1950.98,1068.0,Healthy
82.61,70.6,115.82,8.68,1966.27,914.0,Healthy
87.82,77.88,111.67,9.59,1743.72,1568.0,Warning
76.25,62.37,118.54,8.17,2192.78,729.0,Healthy
96.13,92.46,108.6,10.31,1516.58,2883.0,Critical
101.29,83.06,113.05,10.31,1420.64,2892.0,Failed
76.51,62.73,121.31,8.77,2146.28,323.0,Healthy
76.56,57.55,120.48,8.52,2155.18,312.0,Healthy
73.54,64.27,118.83,7.71,2085.59,386.0,Healthy
85.97,76.66,116.3,9.22,1711.79,1767.0,Warning
79.43,66.12,120.8,8.06,2127.45,457.0,Healthy
98.14,85.52,110.68,10.2,1495.34,3033.0,Critical
91.26,86.68,114.62,9.82,1705.75,2784.0,Critical
98.87,83.31,110.43,9.98,1598.32,2849.0,Critical
84.17,70.97,114.44,10.44,1942.72,1401.0,Warning
104.13,90.61,107.34,10.29,1527.8,3216.0,Failed
75.76,60.57,119.78,8.67,2156.8,153.0,Healthy
79.27,66.58,115.55,8.94,1900.74,1344.0,Warning
81.46,66.55,116.08,7.94,1818.55,1113.0,Healthy
100.81,86.25,110.27,10.45,1526.02,3079.0,Failed
95.15,81.97,113.36,9.89,1779.94,1944.0,Warning
91.96,86.31,112.0,10.27,1639.78,2643.0,Critical
79.41,64.07,120.22,8.53,2065.54,453.0,Healthy
99.41,90.77,108.62,10.46,1629.22,3238.0,Failed
81.24,68.84,116.31,9.05,1829.44,1574.0,Warning
84.45,73.12,115.39,9.59,1786.92,1583.0,Warning
99.13,90.33,110.85,10.25,1387.2,2578.0,Failed
78.25,71.92,116.15,8.7,1897.81,1415.0,Healthy
82.86,70.31,114.95,9.16,1837.97,1445.0,Healthy
90.42,77.43,114.82,9.34,1686.84,1534.0,Warning
74.56,64.86,119.5,8.83,2085.42,475.0,Healthy
78.01,69.6,115.59,8.99,2066.3,1169.0,Healthy
75.35,68.38,116.06,8.17,2139.56,687.0,Healthy
73.08,64.05,119.1,7.8,2025.14,387.0,Healthy
96.64,87.52,112.47,9.94,1596.63,2949.0,Critical
91.01,82.82,115.61,10.41,1821.32,1601.0,Warning
81.58,73.24,118.22,8.8,1995.7,992.0,Healthy
78.05,77.48,116.47,9.32,2042.22,1084.0,Warning
81.26,70.93,115.29,8.56,1804.36,1336.0,Warning
89.49,74.22,113.67,9.15,1685.93,1754.0,Warning
101.18,87.38,108.87,10.24,1498.25,2414.0,Failed
101.88,87.31,109.65,11.01,1576.36,3005.0,Failed
87.07,76.12,116.01,8.46,1708.21,1156.0,Healthy
80.27,66.49,116.31,8.57,1951.22,927.0,Healthy
85.82,73.29,115.63,9.49,1741.68,1559.0,Warning
82.67,78.25,112.26,10.06,1802.26,1871.0,Warning
85.14,74.15,113.65,9.33,2042.33,1508.0,Warning
86.54,79.25,114.58,9.92,1810.95,1984.0,Warning
86.44,77.71,113.21,9.03,1713.82,1955.0,Warning
88.71,72.86,115.78,8.27,1942.01,884.0,Healthy
81.28,74.98,116.69,8.41,1886.81,1082.0,Healthy
78.77,71.46,114.82,8.6,2038.55,1157.0,Healthy
74.06,60.39,120.71,8.33,1957.61,339.0,Healthy
73.43,69.59,116.45,7.93,2048.62,465.0,Healthy
88.81,78.46,112.77,9.91,1638.1,2765.0,Critical
87.98,77.04,114.99,8.85,1833.78,1075.0,Healthy
79.64,70.47,118.09,8.31,2182.51,670.0,Healthy
87.92,81.35,113.63,9.76,1680.84,1877.0,Warning
91.49,84.72,112.41,9.51,1575.58,2343.0,Critical
76.79,61.39,119.26,9.22,2147.45,948.0,Healthy
99.43,81.69,110.7,10.4,1613.28,2798.0,Critical
98.74,88.75,109.68,9.92,1536.71,3183.0,Failed
78.67,75.89,113.55,9.97,1731.8,2203.0,Warning
97.33,79.12,115.52,9.23,1731.56,1823.0,Warning
72.13,63.42,119.34,8.65,2128.86,165.0,Healthy
99.4,87.86,112.4,10.5,1479.37,2907.0,Failed
85.03,68.12,115.81,8.35,1813.15,1382.0,Healthy
99.11,90.37,112.55,9.79,1556.49,3361.0,Failed
89.61,78.91,114.82,9.29,1746.95,1816.0,Warning
68.87,59.39,120.79,8.36,2159.24,13.0,Healthy
67.47,63.29,117.46,8.03,2225.79,136.0,Healthy
91.25,80.7,110.82,9.62,1683.25,2424.0,Warning
91.17,80.87,115.98,9.42,1797.34,1639.0,Warning
68.85,61.25,121.32,7.27,2315.32,74.0,Healthy
90.12,86.28,116.2,10.19,1710.27,2038.0,Critical
99.23,79.94,109.25,10.67,1560.32,2292.0,Critical
83.52,76.27,115.76,9.56,1764.74,1455.0,Warning
82.74,72.78,113.81,8.99,1863.36,1619.0,Warning
69.04,57.59,118.83,7.66,2259.19,16.0,Healthy
93.4,87.07,111.38,9.53,1602.14,2857.0,Critical
75.2,72.59,117.27,8.37,1965.03,988.0,Healthy
94.74,80.34,110.22,11.1,1535.62,3043.0,Critical
81.88,73.34,116.32,8.9,1906.24,1056.0,Healthy
87.62,78.73,115.6,9.77,1702.26,1529.0,Warning
81.58,65.94,118.99,9.02,2027.59,776.0,Healthy
80.34,62.31,119.43,8.46,2094.28,540.0,Healthy
97.78,78.48,112.93,9.56,1770.69,2643.0,Critical
87.64,73.89,114.82,9.45,1855.85,1666.0,Warning
85.65,75.56,113.78,8.91,1762.22,1663.0,Warning
97.09,91.35,111.15,10.65,1635.16,3163.0,Failed
98.96,89.72,108.79,9.99,1549.4,3628.0,Failed
97.43,82.49,111.62,9.96,1610.93,2272.0,Critical
78.09,66.34,116.51,8.29,2062.27,500.0,Healthy
89.7,77.07,114.0,10.05,1790.81,1897.0,Warning
95.98,83.54,109.64,9.22,1510.75,3149.0,Critical
83.59,66.47,115.65,9.87,1925.64,1380.0,Healthy
76.82,64.91,117.98,7.93,2105.98,353.0,Healthy
96.97,85.67,110.7,9.98,1655.16,2305.0,Critical
84.36,76.12,115.05,9.37,1946.39,1701.0,Warning
84.43,74.75,110.72,9.54,1876.51,1602.0,Warning
96.89,89.98,107.47,10.79,1547.7,2533.0,Failed
86.17,74.09,115.13,9.76,1631.38,1673.0,Warning
83.52,69.79,115.97,9.88,1862.03,1615.0,Warning
82.66,71.2,115.22,9.22,1789.55,1285.0,Healthy
78.28,73.32,117.28,9.0,1988.54,1148.0,Warning
72.04,58.67,117.86,8.07,2101.79,350.0,Healthy
94.57,80.67,111.18,9.76,1626.21,2933.0,Critical
92.43,84.04,110.45,10.61,1553.05,2910.0,Critical
79.83,71.41,120.02,9.41,2096.36,817.0,Healthy
78.19,66.67,117.31,9.16,1989.79,1158.0,Healthy
94.06,86.65,111.55,8.92,1573.13,2890.0,Critical
70.88,61.46,120.46,7.16,2187.56,78.0,Healthy
86.79,74.86,112.02,9.3,1846.16,1723.0,Warning
81.36,74.71,114.47,9.09,1858.97,1622.0,Warning
89.98,76.67,113.78,9.73,1812.24,1999.0,Warning
76.3,62.93,118.36,8.91,2180.13,423.0,Healthy
87.76,84.35,116.62,10.15,1734.0,2267.0,Warning
76.33,75.82,115.43,9.01,1868.39,1193.0,Healthy
83.95,81.09,115.23,8.94,1787.38,2226.0,Warning
69.95,64.5,120.81,7.61,2118.65,150.0,Healthy
79.9,68.37,115.6,9.18,1985.29,1543.0,Warning
84.62,72.82,115.26,9.47,1954.43,1735.0,Warning
81.42,65.5,117.42,8.05,2101.96,723.0,Healthy
70.05,71.44,115.64,8.61,2003.78,371.0,Healthy
74.81,64.71,118.64,7.77,2025.17,570.0,Healthy
86.72,72.56,117.2,7.8,1937.45,1171.0,Healthy
74.13,64.04,119.91,7.89,2059.38,313.0,Healthy
97.32,89.49,110.62,10.92,1507.05,3377.0,Failed
81.68,72.08,117.41,9.62,1929.54,1098.0,Warning
95.56,80.67,110.61,9.38,1670.33,2730.0,Critical
104.32,81.13,112.46,9.83,1615.38,3541.0,Failed
70.83,66.27,117.71,8.51,2136.21,275.0,Healthy
87.28,77.7,113.32,9.45,1714.29,1733.0,Warning
92.01,80.54,112.31,10.73,1481.44,2970.0,Critical
89.34,80.34,112.89,9.88,1778.31,2314.0,Warning
78.65,74.13,116.83,9.44,1857.96,1180.0,Warning
81.54,75.24,115.18,8.75,1876.08,1445.0,Warning
68.35,64.42,119.82,8.27,2124.15,114.0,Healthy
89.26,73.28,114.38,10.14,1777.32,1522.0,Warning
98.28,87.18,109.2,10.54,1556.51,3105.0,Failed
99.95,87.81,113.79,10.38,1518.93,2973.0,Failed
66.4,63.68,118.34,7.93,2291.27,133.0,Healthy
91.57,74.87,109.51,9.12,1611.09,2483.0,Critical
75.44,69.44,115.78,8.31,2083.4,810.0,Healthy
95.81,89.89,111.17,9.9,1523.06,2544.0,Failed
77.99,64.03,118.98,7.46,2158.6,153.0,Healthy
100.87,90.2,112.17,9.72,1579.05,2543.0,Failed
94.74,88.31,113.1,9.11,1690.5,2849.0,Critical
83.12,55.28,118.35,7.98,2197.63,400.0,Healthy
69.05,66.64,116.88,8.42,2236.46,179.0,Healthy
98.54,86.03,109.73,9.96,1593.69,3193.0,Critical
70.07,68.68,118.39,8.26,2230.63,493.0,Healthy
85.32,72.52,112.3,9.64,1869.42,2028.0,Warning
93.43,82.21,110.29,10.96,1318.22,2554.0,Failed
87.8,82.38,116.46,10.33,1802.18,2132.0,Warning
82.08,69.14,116.54,9.05,1888.21,1310.0,Healthy
82.43,72.42,115.62,9.0,1860.2,1703.0,Warning
75.17,63.48,117.81,7.99,2203.52,210.0,Healthy
97.36,91.38,110.59,10.66,1543.21,3635.0,Failed
80.3,72.55,116.51,8.71,1925.23,934.0,Healthy
78.14,66.35,118.46,8.41,2184.49,638.0,Healthy
74.13,65.42,118.23,8.68,1893.76,744.0,Healthy
96.69,91.05,111.7,10.03,1413.53,3189.0,Failed
72.99,65.0,119.25,7.3,2043.91,287.0,Healthy
97.91,80.57,112.09,9.9,1625.23,3135.0,Critical
95.5,85.49,112.15,10.35,1730.7,2262.0,Critical
94.25,77.44,113.4,10.64,1550.8,2681.0,Critical
98.33,92.38,108.91,10.82,1466.06,3726.0,Failed
92.65,83.36,111.27,9.91,1606.96,3116.0,Critical
99.29,90.42,112.42,10.04,1450.95,3540.0,Failed
72.92,65.34,118.01,8.97,2171.84,353.0,Healthy
93.05,83.76,110.03,9.56,1765.05,2934.0,Critical
86.09,77.72,113.93,9.38,1800.63,1696.0,Warning
87.96,76.05,116.65,10.03,1844.09,1984.0,Warning
95.28,89.11,107.6,10.3,1576.24,2886.0,Critical
96.84,95.71,110.44,10.31,1625.95,3317.0,Failed
92.44,77.12,112.0,10.23,1858.7,2031.0,Critical
75.41,64.92,114.92,9.24,1830.15,1357.0,Warning
81.88,72.45,114.91,9.22,1879.92,1494.0,Warning
78.14,70.14,117.58,9.57,1995.04,1060.0,Healthy
84.46,69.72,116.46,7.89,1971.3,1215.0,Healthy
80.42,68.97,117.6,9.12,1849.83,1019.0,Healthy
71.01,65.31,121.03,7.92,1989.27,253.0,Healthy
72.18,58.18,119.27,8.11,2094.84,226.0,Healthy
91.61,84.75,111.66,9.99,1677.15,2165.0,Critical
82.17,75.3,116.11,8.84,1853.05,1210.0,Warning
98.21,88.87,111.55,10.42,1460.97,3292.0,Failed
87.1,79.83,112.15,9.68,1721.85,1895.0,Warning
69.77,63.9,120.0,8.17,2318.67,102.0,Healthy
71.7,64.89,118.04,8.44,1996.28,465.0,Healthy
72.71,65.14,117.31,8.47,2027.58,736.0,Healthy
99.45,90.73,109.21,10.4,1472.53,2780.0,Failed
77.48,68.36,116.87,8.58,2200.24,773.0,Healthy
81.19,78.14,116.73,8.91,1718.01,1802.0,Warning
100.37,82.95,110.09,10.85,1478.69,2478.0,Failed
101.61,88.77,111.94,10.41,1517.99,3635.0,Failed
80.01,63.89,117.83,8.43,2044.92,776.0,Healthy
72.37,63.16,117.81,8.28,2252.28,178.0,Healthy
76.52,66.79,118.75,8.34,2170.88,456.0,Healthy
78.45,61.08,117.58,8.66,2096.29,218.0,Healthy
74.95,63.67,118.96,8.85,2085.44,650.0,Healthy
83.92,78.85,114.0,9.46,1785.1,1652.0,Warning
92.77,86.97,112.16,10.66,1521.62,3330.0,Failed
91.38,80.4,116.78,9.44,1902.19,1935.0,Warning
94.09,84.1,111.14,9.1,1779.11,2139.0,Warning
73.28,69.06,117.29,8.86,2183.21,741.0,Healthy
91.84,84.72,110.18,9.24,1674.62,2274.0,Critical
87.56,84.01,117.06,8.14,1838.68,2143.0,Warning
99.6,86.65,110.7,10.44,1374.93,2531.0,Critical
94.6,87.03,108.54,10.55,1540.01,3570.0,Failed
74.54,68.41,119.88,9.02,1988.15,1142.0,Healthy
79.22,60.61,118.01,8.78,2175.66,330.0,Healthy
77.71,66.76,115.31,8.55,2162.7,630.0,Healthy
84.5,74.52,113.88,8.94,1940.23,1299.0,Warning
97.76,84.13,110.76,10.68,1438.31,3345.0,Failed
82.75,70.0,116.29,8.66,1975.61,1142.0,Healthy
88.58,83.76,111.04,9.83,1724.8,2062.0,Critical
83.69,78.15,113.87,9.45,1770.25,1838.0,Warning
75.8,65.41,118.25,8.59,2036.52,494.0,Healthy
72.81,70.36,118.78,8.67,2035.91,1049.0,Healthy
88.69,75.88,113.97,9.44,1740.56,2372.0,Warning
89.09,77.45,112.43,9.23,1814.13,2225.0,Warning
82.13,72.86,115.31,8.77,1908.2,1392.0,Warning
75.21,68.39,118.87,9.3,1863.08,652.0,Healthy
88.67,82.35,115.3,9.7,1697.1,1999.0,Critical
69.6,62.52,116.65,8.5,2047.79,436.0,Healthy
98.53,87.39,112.3,9.75,1591.46,3358.0,Failed
74.74,70.17,117.65,9.5,2100.23,488.0,Healthy
69.09,64.85,116.49,7.92,2047.4,393.0,Healthy
85.12,74.44,112.29,8.77,1865.45,1527.0,Warning
84.7,72.51,116.81,9.27,1877.14,1935.0,Warning
83.86,73.11,117.1,8.91,1877.74,1403.0,Warning
76.63,73.12,114.78,9.24,1970.45,1571.0,Warning
101.89,90.67,109.73,9.88,1419.8,3649.0,Failed
80.89,76.29,112.46,9.67,1845.07,1505.0,Warning
84.53,75.5,116.36,9.57,1685.16,1825.0,Warning
80.23,71.54,115.74,9.01,1997.13,1194.0,Warning
70.84,60.47,117.0,7.5,2160.95,181.0,Healthy
91.25,83.93,114.38,9.16,1775.99,2255.0,Warning
78.43,65.17,115.64,8.59,2030.18,658.0,Healthy
92.52,75.25,114.46,9.11,1792.09,1655.0,Warning
72.52,56.61,117.87,7.71,2247.67,156.0,Healthy
100.63,88.38,110.69,10.87,1489.73,3758.0,Failed
78.73,76.89,114.33,9.23,1904.46,1705.0,Warning
95.95,85.17,107.48,10.29,1604.1,2406.0,Critical
83.59,78.7,116.74,9.4,1691.23,1436.0,Warning
75.48,61.79,120.97,8.09,2101.13,196.0,Healthy
93.15,88.0,111.0,10.03,1659.29,2943.0,Critical
90.24,77.17,113.93,9.8,1844.98,1819.0,Warning
94.13,81.23,112.84,10.28,1761.5,2092.0,Critical
86.32,73.12,116.42,9.27,1802.31,1498.0,Warning
88.74,80.59,116.21,10.18,1833.4,1651.0,Warning
98.17,85.15,112.06,10.15,1683.29,2757.0,Critical
83.82,79.81,113.15,9.04,1791.27,2186.0,Warning
75.59,72.2,117.17,9.3,1795.04,1187.0,Healthy
83.03,75.61,112.73,9.56,1693.26,2129.0,Warning
92.51,79.13,111.68,9.37,1738.37,2392.0,Warning
100.84,87.26,112.22,10.69,1508.71,3185.0,Failed
83.82,69.72,117.09,9.08,1766.87,1340.0,Healthy
80.72,73.97,112.96,8.55,1881.54,1404.0,Warning
92.67,82.85,110.85,10.3,1557.06,2529.0,Critical
84.81,69.16,116.08,10.01,1893.23,1682.0,Warning
96.43,81.39,110.29,9.97,1722.79,2286.0,Critical
88.87,70.6,114.27,9.05,1920.05,1300.0,Warning
78.85,67.95,121.84,7.87,2019.6,682.0,Healthy
93.35,84.77,112.05,10.68,1679.98,2812.0,Critical
77.94,57.41,120.31,8.12,2101.48,434.0,Healthy
75.19,63.63,120.26,7.93,2134.08,694.0,Healthy
87.63,79.86,112.37,9.61,1718.56,2132.0,Warning
92.03,78.19,112.93,10.27,1616.34,2354.0,Critical
93.9,89.19,114.14,10.73,1650.64,2757.0,Critical
77.65,71.33,117.96,8.41,2074.86,767.0,Healthy
69.97,62.84,122.44,8.24,2159.77,286.0,Healthy
101.76,86.36,109.48,10.39,1657.12,3504.0,Failed
76.26,57.7,121.15,8.78,2258.98,450.0,Healthy
80.22,68.37,118.05,8.73,2160.09,656.0,Healthy
73.85,74.75,116.6,8.84,1936.28,918.0,Healthy
91.59,81.27,115.67,9.69,1895.91,1429.0,Warning
91.77,85.9,111.0,9.66,1590.84,2300.0,Critical
89.22,79.54,112.27,10.07,1622.63,2864.0,Critical
89.38,83.76,113.65,9.86,1645.0,2141.0,Critical
79.18,64.87,115.54,8.42,2098.92,519.0,Healthy
81.41,72.16,115.23,8.79,2014.97,955.0,Healthy
83.62,75.26,116.3,9.25,1975.46,1226.0,Warning
72.04,64.7,120.01,8.14,2150.73,514.0,Healthy
74.08,71.29,117.8,9.77,2054.51,1010.0,Healthy
82.65,72.45,117.33,9.31,1967.7,890.0,Healthy
76.21,62.25,119.33,8.76,2128.23,399.0,Healthy
90.56,73.74,115.93,9.16,1695.24,1846.0,Warning
92.34,73.65,110.81,9.38,1751.7,1956.0,Critical
64.17,61.06,118.54,8.09,2185.59,212.0,Healthy
80.7,71.15,115.08,9.25,2016.35,1533.0,Warning
94.86,84.72,112.47,9.38,1649.28,2648.0,Critical
91.33,81.43,109.36,10.06,1771.71,2855.0,Critical
92.78,83.77,109.96,10.47,1591.5,2605.0,Critical
80.14,75.88,115.49,8.23,2021.99,1295.0,Warning
97.46,85.81,113.31,9.69,1741.57,2787.0,Critical
78.59,66.87,116.96,9.09,2122.03,652.0,Healthy
82.33,75.88,115.39,9.05,1952.25,926.0,Healthy
73.39,67.51,119.03,8.09,2058.77,536.0,Healthy
84.55,72.78,114.83,9.46,1843.08,1238.0,Warning
77.75,70.65,117.4,8.74,1847.74,1243.0,Healthy
76.84,69.59,117.26,8.51,2068.76,718.0,Healthy
84.97,83.16,110.81,9.42,1653.88,2785.0,Critical
74.71,66.05,118.99,8.79,2010.92,875.0,Healthy
77.22,70.87,119.13,9.09,2022.62,941.0,Healthy
81.05,67.7,117.26,8.14,2022.48,441.0,Healthy
77.76,76.71,116.21,9.36,1977.73,1682.0,Warning
75.36,73.72,116.48,8.74,1995.61,996.0,Healthy
81.73,77.29,117.24,9.35,2010.49,1327.0,Healthy
82.39,72.27,116.33,8.4,1941.57,710.0,Healthy
93.5,83.92,113.68,10.53,1604.68,2024.0,Critical
100.01,87.27,112.49,10.6,1517.61,2862.0,Failed
83.93,69.45,113.6,9.34,1870.88,1703.0,Warning
87.76,79.32,113.67,9.72,1741.62,1855.0,Warning
96.26,87.57,113.15,9.98,1702.13,2374.0,Critical
97.99,90.1,108.51,10.29,1583.59,2691.0,Failed
90.58,72.74,112.86,9.64,1712.06,1986.0,Warning
91.87,85.83,112.09,9.74,1812.86,2659.0,Critical
99.93,89.19,110.67,10.03,1557.19,3214.0,Failed
93.86,80.67,109.72,9.6,1749.28,2673.0,Critical
83.18,74.33,114.91,9.38,1854.58,1733.0,Warning
67.51,63.73,121.81,8.44,2193.17,310.0,Healthy
67.53,63.83,122.94,8.55,2264.93,40.0,Healthy
87.91,79.45,114.27,9.06,1745.62,1365.0,Warning
84.2,73.7,113.69,8.91,1993.73,1418.0,Warning
83.06,72.77,115.24,8.43,1852.34,1501.0,Warning
84.41,77.69,117.02,9.53,1774.35,1551.0,Warning
86.48,78.51,115.74,9.94,1765.07,1709.0,Warning
90.98,86.71,113.83,10.06,1568.99,2199.0,Critical
73.56,67.53,120.41,8.28,2082.33,345.0,Healthy
77.87,59.76,115.77,8.56,1946.86,588.0,Healthy
94.75,85.04,110.65,10.08,1705.8,2766.0,Critical
92.72,86.9,110.48,10.52,1615.73,2733.0,Critical
98.82,89.14,109.27,11.25,1492.56,3818.0,Failed
97.8,79.4,110.25,10.38,1670.25,3337.0,Critical
96.06,86.51,110.26,10.45,1718.38,3172.0,Critical
78.57,67.3,117.82,8.69,1855.15,923.0,Healthy
87.76,77.08,116.19,8.96,2048.72,1086.0,Warning
75.19,69.17,119.15,8.62,2010.49,740.0,Healthy
91.43,75.8,114.31,9.37,1667.52,2088.0,Warning
94.7,82.01,109.6,10.4,1575.85,2565.0,Failed
82.3,72.11,116.84,9.11,1949.4,1007.0,Healthy
88.83,78.8,112.16,9.42,1878.94,1492.0,Warning
77.36,68.24,113.57,8.63,2004.22,778.0,Healthy
71.44,66.91,119.27,8.47,2109.68,519.0,Healthy
69.94,64.81,119.58,8.1,2028.55,603.0,Healthy
69.89,64.94,119.53,8.47,2077.16,163.0,Healthy
100.06,91.46,109.92,10.21,1594.84,3548.0,Failed
78.85,67.17,113.96,8.55,1875.99,1345.0,Warning
95.31,80.84,113.41,10.27,1648.31,2447.0,Critical
86.01,86.53,113.93,9.91,1841.94,2472.0,Warning
75.06,68.55,118.52,8.14,2052.87,627.0,Healthy
71.82,61.48,118.24,8.69,2133.18,549.0,Healthy
94.13,79.65,111.18,10.28,1629.16,2860.0,Critical
76.44,68.56,115.68,9.45,1985.53,802.0,Healthy
93.83,83.97,111.25,10.19,1435.71,3277.0,Failed
72.23,63.25,117.79,8.33,2098.81,359.0,Healthy
87.53,80.19,112.59,9.45,1712.47,1948.0,Warning
90.49,84.16,114.43,10.23,1560.2,2638.0,Critical
80.31,70.44,117.58,8.59,1872.51,854.0,Healthy
77.21,73.79,113.56,9.09,1873.04,970.0,Healthy
92.33,87.5,109.55,10.24,1667.66,3622.0,Failed
76.07,64.55,115.85,8.85,2017.81,766.0,Healthy
85.64,74.07,115.49,8.98,1784.13,1608.0,Warning
80.69,77.87,113.54,8.34,1849.07,1171.0,Warning
82.08,66.38,118.12,8.88,2023.69,712.0,Healthy
90.7,85.82,111.8,9.24,1692.85,2450.0,Critical
94.67,80.64,111.57,9.87,1641.05,2184.0,Critical
84.46,71.41,116.44,8.89,2096.87,984.0,Healthy
96.4,81.57,111.53,10.08,1780.88,2821.0,Critical
72.27,66.42,117.67,8.55,2081.49,657.0,Healthy
67.3,59.78,119.62,8.03,2167.69,16.0,Healthy
90.65,78.96,114.26,9.57,1830.79,2181.0,Warning
97.41,95.16,110.57,10.44,1397.83,3723.0,Failed
74.09,59.99,119.94,9.14,2252.91,124.0,Healthy
74.95,60.24,119.61,8.38,2068.14,615.0,Healthy
85.99,74.96,113.99,8.81,1740.2,1963.0,Warning
90.14,85.2,112.26,9.46,1586.3,2461.0,Critical
70.85,63.28,122.78,8.49,2183.55,271.0,Healthy
79.23,71.38,115.99,8.35,1790.12,1333.0,Healthy
93.09,86.88,112.53,9.38,1605.57,2519.0,Critical
81.43,71.55,114.39,8.39,1902.65,1001.0,Healthy
77.05,65.35,117.04,8.65,2145.83,530.0,Healthy
74.39,63.53,117.89,9.02,2200.3,500.0,Healthy
79.51,67.06,116.7,8.65,1943.26,1102.0,Warning
84.93,75.37,116.18,9.37,1611.59,1438.0,Warning
92.77,86.59,111.87,9.1,1507.39,3253.0,Critical
92.5,76.09,114.78,9.31,2030.07,2301.0,Warning
90.37,80.58,111.6,9.97,1729.31,1969.0,Warning
98.51,89.06,110.9,10.33,1303.4,2663.0,Failed
83.74,70.48,115.9,9.43,2101.53,1581.0,Warning
81.87,69.72,116.15,8.12,1810.77,1404.0,Warning
92.73,88.92,110.22,10.01,1599.54,2982.0,Failed
74.19,66.7,116.11,8.8,1936.18,937.0,Healthy
95.07,80.12,110.88,10.0,1865.3,2760.0,Critical
92.89,80.05,112.94,10.09,1558.45,2044.0,Critical
67.89,62.54,119.77,8.33,2084.72,330.0,Healthy
85.1,76.82,115.12,8.71,1956.16,1612.0,Warning
74.34,66.64,117.97,8.19,2015.36,735.0,Healthy
72.94,64.85,117.07,9.39,2109.15,593.0,Healthy
80.48,74.84,116.12,8.66,1941.78,1591.0,Warning
81.68,72.78,117.2,8.16,2011.57,872.0,Healthy
87.99,85.35,111.49,10.26,1553.87,2447.0,Critical
94.72,88.01,112.22,9.85,1501.72,2978.0,Failed
94.44,86.0,112.94,10.72,1607.42,2275.0,Critical
82.72,67.51,115.04,9.76,2060.77,951.0,Healthy
79.89,68.78,117.33,8.59,2073.04,876.0,Healthy
75.1,66.17,116.02,8.76,2038.1,930.0,Healthy
78.64,59.4,118.86,7.61,2161.65,482.0,Healthy
94.25,89.34,105.83,10.77,1412.01,3095.0,Failed
82.86,73.1,116.28,8.11,1942.38,1383.0,Warning
78.2,65.88,118.82,8.03,2037.53,819.0,Healthy
92.76,88.51,111.37,10.16,1646.95,2535.0,Critical
84.07,69.81,114.26,9.22,1980.75,1394.0,Healthy
69.51,55.74,122.58,7.49,2091.33,131.0,Healthy
76.94,62.77,120.11,8.19,2077.84,421.0,Healthy
83.66,74.55,112.81,8.93,1859.28,2045.0,Warning
94.49,84.5,111.78,9.83,1676.28,2149.0,Critical
75.09,64.07,114.92,8.21,2044.33,644.0,Healthy
100.97,90.48,111.54,10.04,1460.39,3322.0,Failed
95.4,88.42,109.44,10.39,1647.73,2395.0,Critical
99.2,82.68,112.52,10.23,1494.91,2211.0,Critical
78.35,64.41,119.26,8.79,2026.37,666.0,Healthy
71.13,63.12,119.39,8.07,2125.33,180.0,Healthy
98.39,88.96,109.73,10.46,1624.28,2340.0,Critical
81.56,63.14,118.82,8.75,1938.04,1012.0,Healthy
89.98,79.41,113.81,9.35,1740.48,2173.0,Warning
85.92,76.21,112.54,10.13,1595.17,2500.0,Critical
70.9,62.2,117.32,8.15,2090.32,482.0,Healthy
97.58,86.71,112.48,9.82,1670.59,2756.0,Critical
94.39,97.18,110.31,10.77,1515.25,2508.0,Failed
94.5,81.13,110.72,10.21,1665.06,2662.0,Critical
85.36,69.5,117.6,8.98,1904.31,1439.0,Warning
94.12,84.76,113.87,10.54,1666.41,3330.0,Critical
79.84,76.02,116.25,8.81,1890.35,2015.0,Warning
90.64,80.33,113.86,9.75,1575.16,2063.0,Critical
100.85,81.84,114.44,9.75,1687.04,2361.0,Critical
89.89,81.2,110.94,9.87,1784.88,2545.0,Critical
76.25,69.82,115.53,9.01,2054.96,757.0,Healthy
70.54,63.03,118.2,8.52,1924.43,362.0,Healthy
80.79,64.51,118.06,8.76,2054.34,912.0,Healthy
84.36,73.08,114.53,9.31,1958.67,1626.0,Warning
83.28,73.92,113.42,9.2,1810.42,1508.0,Warning
91.72,74.48,114.18,9.94,2024.16,1630.0,Warning
83.59,69.73,115.91,8.37,1749.01,1391.0,Healthy
90.85,85.54,113.39,9.7,1660.87,2951.0,Critical
93.72,86.7,110.94,10.45,1618.66,3418.0,Failed
80.88,62.14,114.68,9.23,2041.06,652.0,Healthy
92.15,85.17,113.21,9.7,1696.75,1957.0,Critical
85.69,81.59,115.59,9.59,1642.21,2595.0,Warning
80.34,71.54,114.81,8.79,1787.81,1977.0,Warning
72.31,64.56,119.6,8.25,2113.92,536.0,Healthy
90.14,81.48,111.29,10.27,1474.24,2237.0,Critical
92.68,90.85,111.24,11.03,1599.99,3184.0,Failed
88.36,80.54,111.66,9.69,1685.59,2141.0,Critical
94.78,87.32,110.45,9.98,1601.68,3194.0,Failed
98.14,88.96,109.8,10.49,1578.78,2779.0,Failed
85.64,66.12,117.19,8.23,2251.99,1265.0,Healthy
88.35,83.36,112.38,10.09,1865.14,1865.0,Warning
83.72,76.2,113.06,8.69,1772.11,1298.0,Warning
101.13,87.36,110.84,10.59,1682.3,2958.0,Failed
72.1,63.39,119.71,8.35,1917.27,243.0,Healthy
83.57,75.29,116.04,9.28,1875.84,1396.0,Warning
97.11,86.43,112.64,10.29,1601.01,2317.0,Critical
78.89,73.19,116.86,8.71,1975.24,781.0,Healthy
101.93,92.39,112.54,10.14,1671.09,2817.0,Critical
84.22,71.11,115.65,9.29,1918.55,1228.0,Healthy
96.15,87.65,109.81,11.17,1616.8,3252.0,Failed
97.62,83.54,111.68,9.77,1542.95,2580.0,Critical
76.66,62.4,120.39,8.02,1979.82,1146.0,Healthy
94.44,86.85,113.41,9.31,1802.58,2945.0,Critical
75.98,69.05,117.45,8.12,2041.65,1020.0,Healthy
84.87,80.82,115.1,9.04,1761.96,2164.0,Warning
90.79,82.98,109.89,9.12,1776.85,2362.0,Warning
97.88,81.64,112.18,9.91,1769.1,3094.0,Critical
72.24,57.94,121.12,8.4,2072.12,90.0,Healthy
79.17,71.84,117.93,8.8,1958.89,687.0,Healthy
92.48,81.15,112.82,9.53,1655.69,2151.0,Critical
87.42,74.92,112.95,9.19,1822.91,2117.0,Warning
83.36,71.73,114.39,10.04,1930.55,1528.0,Warning
74.1,61.23,118.2,8.38,2100.16,178.0,Healthy
83.52,74.97,118.02,8.94,1880.88,934.0,Healthy
95.76,88.01,113.6,10.21,1489.5,2540.0,Critical
70.58,61.47,122.59,7.96,2102.99,86.0,Healthy
86.67,76.66,114.76,9.79,1870.03,1057.0,Healthy
98.29,92.54,109.55,10.29,1365.32,2868.0,Failed
71.75,62.53,118.37,8.19,2119.48,164.0,Healthy
93.94,90.82,110.98,9.21,1591.24,2667.0,Critical
77.43,66.99,115.92,8.39,2006.56,860.0,Healthy
93.54,89.29,110.56,9.95,1729.22,3133.0,Critical
93.52,81.2,113.85,10.06,1550.28,2132.0,Critical
96.45,89.28,110.07,9.9,1661.12,3169.0,Critical
82.0,65.73,119.42,8.56,2182.27,567.0,Healthy
88.3,77.32,116.74,9.09,1905.28,1549.0,Warning
91.59,90.55,112.63,9.51,1681.9,2438.0,Critical
79.56,70.23,119.39,8.16,2133.13,930.0,Healthy
77.85,68.35,115.65,8.51,2089.11,618.0,Healthy
74.74,58.49,118.89,8.11,2269.83,79.0,Healthy
97.18,89.32,110.7,10.32,1538.53,2641.0,Failed
91.87,78.28,113.23,9.44,1618.16,2204.0,Critical
88.77,81.73,115.79,9.53,1848.21,1895.0,Warning
92.5,84.91,111.06,9.73,1887.97,1992.0,Critical
83.29,75.41,113.88,8.91,1800.64,1688.0,Warning
86.01,79.27,115.11,9.22,1868.51,1515.0,Warning
84.74,78.05,114.73,9.85,1894.29,1513.0,Warning
93.07,79.66,112.03,9.54,1634.17,2329.0,Warning
76.02,67.74,117.27,7.92,1991.06,767.0,Healthy
95.41,84.88,110.75,10.81,1602.72,2392.0,Critical
96.72,83.54,114.05,10.53,1624.26,2430.0,Critical
78.1,67.25,114.97,9.45,1956.64,1330.0,Healthy
90.61,75.92,115.44,9.43,1797.09,1902.0,Warning
77.48,63.92,120.5,8.04,2091.98,433.0,Healthy
102.94,84.19,109.51,10.07,1458.1,3030.0,Failed
98.22,88.82,111.36,10.71,1602.77,3285.0,Failed
96.2,90.72,111.64,10.95,1580.95,3379.0,Failed
80.29,69.94,117.29,8.46,1897.07,976.0,Healthy
76.21,56.98,118.43,7.41,2114.78,500.0,Healthy
74.67,65.59,116.86,8.52,2001.88,732.0,Healthy
76.7,58.52,120.09,7.86,2189.25,238.0,Healthy
75.34,61.77,118.24,8.02,2112.47,438.0,Healthy
69.46,66.49,119.33,8.08,2181.62,183.0,Healthy
105.34,82.39,110.37,10.64,1521.21,3118.0,Failed
72.51,59.77,120.54,7.87,2143.65,265.0,Healthy
70.69,66.46,121.57,8.39,2133.39,494.0,Healthy
92.33,82.71,110.62,10.02,1688.29,2782.0,Critical
91.87,75.07,114.28,8.53,1803.47,1880.0,Warning
98.71,89.33,110.03,10.15,1666.25,2674.0,Critical
91.96,80.06,115.91,9.4,1730.05,2295.0,Warning
100.42,89.27,111.24,9.7,1436.98,2273.0,Critical
92.8,80.64,113.17,9.31,1755.77,2130.0,Warning
87.33,76.15,114.86,9.39,1733.21,1849.0,Warning
92.37,85.17,113.03,9.8,1655.8,2669.0,Critical
85.04,79.14,114.43,9.38,1817.54,1374.0,Warning
82.59,65.33,118.32,9.04,1900.35,1285.0,Healthy
81.8,73.92,116.29,8.7,1820.23,1574.0,Warning
77.29,64.96,119.48,7.24,2120.04,507.0,Healthy
98.27,82.61,111.01,10.04,1669.02,3042.0,Critical
77.2,70.76,116.29,8.9,2026.38,687.0,Healthy
73.67,65.38,118.29,8.3,2189.28,564.0,Healthy
78.82,73.17,118.74,8.88,2272.23,797.0,Healthy
93.31,88.56,112.33,9.7,1651.15,2786.0,Critical
75.96,74.0,115.53,8.69,2041.5,1197.0,Healthy
94.02,76.98,114.14,9.35,1742.19,2570.0,Warning
94.34,83.27,109.98,10.42,1652.35,3174.0,Critical
72.39,60.16,118.23,7.83,2015.63,245.0,Healthy
91.12,86.92,112.59,10.74,1448.11,2656.0,Critical
83.06,66.33,115.17,8.57,1815.51,1084.0,Healthy
79.06,63.68,116.39,8.86,1998.4,651.0,Healthy
89.94,77.3,115.44,9.53,1827.12,2031.0,Warning
93.75,95.55,112.95,10.81,1583.57,3286.0,Failed
77.81,68.42,120.48,9.26,1962.23,958.0,Healthy
88.78,78.65,114.99,9.29,1847.37,1619.0,Warning
79.26,65.27,118.07,8.83,2025.37,1069.0,Healthy
86.96,79.51,114.22,9.9,1703.59,1770.0,Warning
89.29,73.33,113.26,9.68,1802.21,2286.0,Warning
90.59,75.37,115.2,9.16,1839.35,1691.0,Warning
88.58,76.51,115.81,9.59,1931.58,2307.0,Warning
75.4,64.71,119.83,8.04,2099.08,416.0,Healthy
87.85,78.43,111.8,9.79,1850.02,2035.0,Warning
97.9,84.81,113.84,9.37,1695.29,2046.0,Warning
89.63,81.99,112.02,9.86,1908.31,2274.0,Warning
72.83,60.15,118.77,7.47,2100.55,218.0,Healthy
85.1,76.4,117.99,8.67,1938.63,1512.0,Warning
81.04,71.09,114.11,8.71,1936.61,1311.0,Warning
72.62,60.83,122.39,8.15,2258.48,295.0,Healthy
76.66,69.36,118.6,7.95,2152.73,665.0,Healthy
80.49,65.87,114.89,8.75,1807.93,1275.0,Warning
93.6,84.49,112.67,10.17,1653.07,2543.0,Critical
72.16,64.97,116.6,8.95,2204.16,767.0,Healthy
100.15,82.75,110.88,9.06,1627.1,2275.0,Critical
88.75,82.25,114.65,9.13,1883.06,1853.0,Warning
94.73,81.22,111.9,10.41,1582.08,2216.0,Critical
78.97,77.04,113.87,9.34,1849.54,1430.0,Warning
82.6,75.81,114.68,9.41,1793.87,1824.0,Warning
92.76,79.74,111.83,9.77,1840.28,1747.0,Warning
110.29,87.09,108.81,9.94,1609.43,2887.0,Failed
88.34,73.85,113.16,9.32,1953.62,1313.0,Warning
88.97,80.44,117.22,9.51,1743.12,1658.0,Warning
89.63,80.85,114.59,9.55,1822.5,2251.0,Warning
89.58,80.63,113.52,9.69,1685.35,2415.0,Critical
75.14,59.02,119.3,8.16,1954.13,264.0,Healthy
82.17,73.72,115.6,8.83,1876.07,1678.0,Warning
80.82,77.39,116.95,9.45,1966.25,1269.0,Warning
93.83,91.19,111.39,9.73,1680.48,2955.0,Failed
87.73,76.47,117.53,8.91,1851.72,1410.0,Warning
83.88,69.2,115.26,9.44,1938.54,1458.0,Warning
99.17,91.13,111.28,10.52,1570.09,2755.0,Failed
83.47,77.43,116.55,8.93,1823.79,1219.0,Warning
72.05,65.95,116.79,7.77,2001.65,512.0,Healthy
74.5,72.45,117.89,8.52,2044.33,667.0,Healthy
70.99,58.89,116.29,7.99,2114.51,344.0,Healthy
65.8,62.07,119.8,8.19,2206.66,2.0,Healthy
81.45,69.9,115.26,8.87,1864.22,1126.0,Warning
89.83,86.25,111.8,9.22,1678.53,2734.0,Critical
93.74,83.84,112.05,9.28,1601.26,1907.0,Critical
72.95,66.37,120.45,7.91,2299.38,85.0,Healthy
83.22,78.6,112.97,9.47,1655.42,2015.0,Warning
73.74,63.42,121.25,7.92,2085.52,473.0,Healthy
103.8,86.76,111.44,10.05,1524.96,2796.0,Failed
72.08,64.27,117.12,8.74,2072.01,509.0,Healthy
90.08,77.27,114.7,10.01,1693.84,2025.0,Warning
80.1,73.83,118.23,8.93,1850.75,1088.0,Healthy
92.53,83.07,114.14,9.49,1770.14,2193.0,Warning
83.25,67.88,114.37,8.78,1895.03,1106.0,Warning
91.5,82.9,115.76,10.11,1699.01,2105.0,Critical
77.12,67.11,118.65,8.45,1906.53,719.0,Healthy
97.42,84.83,109.07,10.63,1703.27,3321.0,Failed
84.73,76.32,115.31,9.64,1843.47,1769.0,Warning
88.73,87.07,112.11,10.05,1427.4,2116.0,Critical
99.22,88.17,111.51,9.93,1620.29,2488.0,Critical
103.16,94.01,108.22,10.33,1463.07,3041.0,Failed
73.59,64.56,117.84,7.9,1952.58,820.0,Healthy
77.7,68.72,115.88,8.7,2097.74,1094.0,Healthy
76.84,65.22,116.97,8.59,2099.07,666.0,Healthy
74.42,68.6,117.95,8.11,2043.33,837.0,Healthy
81.87,78.46,113.46,10.4,1798.45,1761.0,Warning
97.79,92.69,109.63,10.71,1544.92,2953.0,Failed
98.64,93.65,111.33,10.14,1380.57,3168.0,Failed
81.48,77.87,113.4,10.14,1846.59,1833.0,Warning
89.7,76.59,112.64,9.4,1851.69,2119.0,Warning
99.29,81.74,109.52,10.48,1681.23,2669.0,Critical
100.51,89.55,109.44,10.37,1462.9,3251.0,Failed
75.74,70.62,118.16,8.32,2072.14,629.0,Healthy
80.34,75.78,115.67,9.19,1740.2,1794.0,Warning
97.13,80.4,110.46,10.66,1629.58,2311.0,Critical
79.54,75.35,117.88,9.11,1927.58,908.0,Healthy
84.47,74.66,115.76,9.05,1822.53,1446.0,Warning
105.38,90.08,108.07,9.64,1538.71,3681.0,Failed
97.08,86.05,110.41,10.58,1452.41,2546.0,Failed
88.56,87.23,112.73,9.77,1502.15,3163.0,Failed
90.79,86.01,109.18,10.21,1669.22,2539.0,Critical
79.53,69.58,120.32,8.39,1893.09,946.0,Healthy
79.71,67.59,115.88,8.56,1949.64,869.0,Healthy
82.77,76.25,112.05,9.11,1693.94,1816.0,Warning
82.56,74.98,114.6,9.81,1699.05,1738.0,Warning
84.1,80.16,116.19,8.56,1939.8,1496.0,Warning
85.36,81.78,113.21,9.89,1721.02,1656.0,Warning
83.81,70.68,116.38,9.16,1856.79,1320.0,Warning
91.24,78.97,115.69,9.84,1743.65,2246.0,Critical
78.13,70.84,116.97,8.65,2095.79,1248.0,Healthy
77.65,68.44,121.17,9.02,1988.66,1164.0,Healthy
74.61,62.56,120.62,8.14,2192.6,340.0,Healthy
75.79,62.26,118.19,8.29,2023.77,558.0,Healthy
96.12,82.48,111.93,10.15,1608.99,2460.0,Critical
83.93,73.88,115.06,9.8,1888.19,1533.0,Warning
76.62,66.04,118.1,7.96,2066.4,751.0,Healthy
89.68,90.27,113.25,10.1,1745.63,2293.0,Critical
84.43,78.4,113.85,9.33,1694.65,1575.0,Warning
69.45,57.18,117.72,7.96,2113.98,66.0,Healthy
85.69,64.88,118.82,8.18,1939.72,911.0,Healthy
71.26,66.5,119.69,7.74,1998.49,496.0,Healthy
88.42,78.49,111.32,9.78,1759.27,2364.0,Warning
78.55,72.25,117.51,8.18,2024.87,1045.0,Healthy
71.04,62.79,120.89,8.57,2159.23,229.0,Healthy
74.87,55.7,120.84,7.73,2129.33,145.0,Healthy
86.53,74.39,113.14,9.67,1900.61,2188.0,Warning
69.95,58.63,121.26,7.82,2202.12,68.0,Healthy
97.91,86.79,111.53,9.87,1593.83,2461.0,Critical
80.09,61.5,119.03,8.02,2096.55,551.0,Healthy
92.42,78.66,112.56,9.69,1834.95,1556.0,Warning
82.93,69.33,109.17,9.4,1905.83,1156.0,Warning
83.14,73.3,114.41,8.98,1820.87,1564.0,Warning
72.29,63.26,120.09,8.42,2290.77,199.0,Healthy
94.52,88.47,111.66,10.01,1675.03,2540.0,Critical
94.25,87.53,112.04,9.7,1482.7,2886.0,Critical
73.14,57.88,121.55,8.18,2047.02,42.0,Healthy
75.98,69.84,117.72,8.33,2130.08,533.0,Healthy
96.98,86.57,110.32,9.21,1670.67,2666.0,Failed
82.67,78.81,111.22,9.22,1851.51,1740.0,Warning
74.69,62.66,116.18,7.7,2143.99,477.0,Healthy
70.4,66.36,115.96,8.01,2109.08,661.0,Healthy
88.05,77.4,114.24,9.55,1738.39,2432.0,Warning
90.06,82.71,112.27,9.78,1558.11,2513.0,Critical
88.84,80.39,113.2,9.16,1724.49,2196.0,Warning
104.23,87.11,109.5,10.59,1596.36,2912.0,Failed
86.54,73.17,113.89,9.19,1901.04,1752.0,Warning
83.35,70.08,118.38,8.58,1974.16,1138.0,Healthy
86.25,71.84,115.37,9.21,1822.09,1270.0,Warning
84.17,66.24,117.89,9.38,1962.14,1121.0,Healthy
82.3,67.79,114.47,7.7,2015.46,746.0,Healthy
69.18,61.06,120.34,8.63,2161.46,152.0,Healthy
78.18,70.18,115.75,8.63,1964.03,1133.0,Healthy
93.35,82.91,112.46,9.47,1639.84,2570.0,Critical
70.54,62.54,121.84,7.89,2251.1,52.0,Healthy
83.84,72.69,115.02,8.74,1879.4,1667.0,Warning
88.57,75.95,114.3,9.19,1788.2,2315.0,Warning
86.52,76.4,112.37,9.86,1777.8,1792.0,Warning
98.16,85.05,112.29,10.01,1779.73,2021.0,Critical
91.02,84.72,109.51,9.26,1676.07,2823.0,Critical
93.41,79.7,112.8,10.05,1734.41,1846.0,Critical
74.66,60.73,119.55,8.47,2157.74,327.0,Healthy
79.51,76.1,116.91,8.59,2034.2,1570.0,Warning
85.61,77.44,112.74,9.58,1774.09,2301.0,Warning
75.38,69.63,116.75,8.86,2041.22,727.0,Healthy
72.97,63.91,118.61,7.46,2178.6,148.0,Healthy
75.61,65.77,117.38,8.67,1886.21,846.0,Healthy
83.39,76.5,114.01,8.87,1889.01,1434.0,Warning
78.04,72.83,112.62,9.25,1991.55,1124.0,Warning
82.28,66.1,116.67,8.07,2117.52,480.0,Healthy
94.95,78.17,111.68,10.48,1743.79,2522.0,Critical
99.27,84.86,110.52,10.22,1614.86,2754.0,Failed
74.42,63.29,118.81,8.26,2099.22,597.0,Healthy
95.93,86.93,111.97,10.03,1620.41,2956.0,Failed
76.27,60.88,119.15,8.39,2216.68,58.0,Healthy
92.0,88.21,108.37,10.02,1530.08,2682.0,Failed
99.39,89.42,111.09,10.8,1523.37,2973.0,Failed
66.73,58.31,119.86,8.12,2000.92,41.0,Healthy
91.68,84.96,111.98,9.35,1793.49,2497.0,Critical
97.19,94.53,112.13,10.44,1505.0,3421.0,Failed
94.22,86.12,111.62,10.28,1482.39,2637.0,Failed
99.23,87.13,110.48,9.86,1491.2,2953.0,Failed
78.81,74.45,114.74,9.38,1955.35,1799.0,Warning
71.4,62.6,120.49,8.41,2151.04,291.0,Healthy
95.22,83.92,110.47,10.58,1625.7,2841.0,Critical
84.34,73.22,112.54,9.97,1937.22,1798.0,Warning
92.98,74.07,113.5,10.49,1836.52,1603.0,Warning
80.73,75.58,114.06,9.04,1884.87,1343.0,Warning
86.44,81.0,114.21,9.65,1663.72,2160.0,Warning
72.83,69.41,118.61,8.14,2143.62,524.0,Healthy
91.95,82.87,112.5,10.6,1627.9,2296.0,Critical
76.17,59.28,118.71,7.83,2200.28,199.0,Healthy
99.31,80.58,115.18,10.56,1685.3,1977.0,Critical
97.71,81.0,112.92,10.81,1638.42,2981.0,Critical
87.44,69.58,115.13,8.87,1940.94,1401.0,Warning
90.44,76.06,115.04,9.69,1704.78,1496.0,Warning
80.11,70.98,118.94,8.96,1991.75,892.0,Healthy
103.79,94.96,109.43,10.26,1519.92,3595.0,Failed
94.37,81.74,111.22,9.78,1709.85,2163.0,Critical
81.5,67.0,116.65,9.03,1982.06,1028.0,Healthy
76.3,64.88,118.87,8.58,2089.79,530.0,Healthy
71.12,65.74,118.54,9.15,1994.47,762.0,Healthy
84.79,72.44,116.6,9.39,1784.9,1434.0,Warning
93.65,89.31,109.48,10.05,1413.19,3336.0,Failed
87.15,78.38,110.55,10.13,1695.67,2520.0,Critical
77.04,66.85,116.97,7.84,2091.47,649.0,Healthy
92.44,87.74,112.28,9.99,1570.95,3163.0,Critical
81.32,75.61,114.84,8.83,2001.72,1004.0,Healthy
95.97,86.48,108.58,10.39,1594.64,2982.0,Critical
77.8,70.38,117.8,9.31,2023.96,776.0,Healthy
85.85,77.23,112.96,9.63,1651.88,1838.0,Warning
100.5,86.89,108.14,10.17,1515.86,2857.0,Failed
77.47,71.78,117.53,8.37,2093.13,854.0,Healthy
92.11,76.67,112.49,10.07,1826.76,2016.0,Warning
96.03,88.41,112.64,10.39,1493.66,3295.0,Failed
73.98,67.9,118.63,8.18,2163.95,488.0,Healthy
75.94,62.02,120.0,8.6,2251.27,313.0,Healthy
93.14,79.37,113.23,10.15,1653.07,1881.0,Warning
77.8,69.4,115.71,8.47,1987.58,1025.0,Healthy
70.5,62.49,118.56,7.58,2165.36,229.0,Healthy
81.29,77.52,116.87,9.15,1953.29,1659.0,Warning
90.64,85.39,113.58,9.43,1605.55,2254.0,Critical
74.36,68.59,114.92,8.2,2025.67,841.0,Healthy
79.64,73.33,114.78,8.42,1944.8,1241.0,Healthy
97.27,86.4,109.75,10.53,1642.01,2283.0,Critical
83.25,78.18,116.39,9.56,1933.66,1816.0,Warning
95.01,82.2,108.98,11.09,1728.27,3025.0,Critical
82.73,78.61,116.72,8.86,1985.94,1292.0,Warning
101.75,89.25,111.07,10.91,1453.7,2973.0,Failed
87.69,71.28,113.71,9.82,1706.61,2099.0,Warning
71.75,68.46,118.13,8.07,2199.38,411.0,Healthy
94.01,86.57,112.93,10.15,1628.82,3256.0,Critical
81.27,73.49,115.28,9.0,1836.5,1498.0,Warning
75.84,62.43,116.42,8.46,2027.54,426.0,Healthy
74.18,65.9,116.66,8.78,1780.57,460.0,Healthy
90.79,77.96,110.66,9.57,1591.19,1932.0,Warning
75.25,59.69,121.33,8.46,2142.4,125.0,Healthy
82.59,66.94,119.27,9.22,1976.16,1060.0,Healthy
69.25,63.32,120.23,8.95,2135.03,414.0,Healthy
85.18,71.69,115.37,8.63,1939.38,1135.0,Warning
83.11,74.99,113.72,9.02,2090.67,1138.0,Warning
84.27,76.47,113.2,9.59,1773.1,1966.0,Warning
79.37,69.57,115.72,8.26,1848.16,738.0,Healthy
65.78,62.79,119.61,7.56,2103.26,110.0,Healthy
92.82,78.15,115.94,9.53,1904.07,2187.0,Warning
82.76,68.15,118.34,8.77,1939.43,1315.0,Healthy
86.94,84.96,112.75,9.56,1825.06,1945.0,Warning
71.5,66.04,115.56,8.08,2078.9,367.0,Healthy
65.3,65.25,118.11,8.9,2150.24,40.0,Healthy
76.51,70.55,119.3,8.44,1889.06,768.0,Healthy
82.25,72.32,115.78,9.38,1853.96,1654.0,Warning
77.85,64.78,115.53,9.19,1925.02,1315.0,Healthy
96.64,80.62,111.26,9.35,1702.19,2560.0,Critical
85.17,73.24,115.1,9.53,1980.4,1300.0,Healthy
85.83,75.61,112.89,9.58,1987.66,1861.0,Warning
86.89,76.55,117.17,9.55,1772.23,2226.0,Warning
71.96,53.17,122.36,8.48,2204.12,77.0,Healthy
85.4,75.41,113.62,9.27,1838.16,1634.0,Warning
77.1,67.1,113.92,9.21,1903.01,979.0,Healthy
80.68,70.47,116.04,8.3,1937.88,1332.0,Warning
72.12,65.56,118.78,8.58,2107.74,313.0,Healthy
94.23,80.4,113.11,10.03,1785.08,2604.0,Critical
98.3,85.47,111.86,10.44,1477.16,3167.0,Failed
71.3,61.22,118.02,7.72,2157.23,63.0,Healthy
83.47,80.66,115.91,9.42,1679.54,2160.0,Warning
94.91,81.71,111.83,9.81,1692.38,2360.0,Critical
78.55,72.95,118.06,8.26,1894.43,1016.0,Healthy
101.28,79.79,111.73,10.11,1648.06,2032.0,Critical
87.81,74.61,115.06,10.21,1663.84,2242.0,Warning
98.85,83.26,107.16,9.75,1470.9,3032.0,Failed
107.92,84.47,111.3,10.65,1452.1,3043.0,Failed
71.85,62.28,118.33,7.94,2228.72,116.0,Healthy
83.15,70.41,115.66,8.9,1880.98,1644.0,Warning
83.45,72.18,116.4,9.4,1807.29,1437.0,Warning
78.99,65.54,117.33,8.4,2142.27,397.0,Healthy
76.61,72.56,115.2,8.91,1911.79,1225.0,Healthy
100.91,92.78,109.57,10.02,1351.39,3399.0,Failed
69.07,63.11,119.19,8.48,2100.72,59.0,Healthy
83.01,70.82,113.9,9.16,1860.37,1721.0,Warning
91.01,86.11,111.73,10.34,1606.23,2524.0,Critical
83.75,71.21,117.0,9.3,2017.97,1165.0,Healthy
83.56,72.97,115.9,8.43,1852.52,1252.0,Warning
95.7,89.84,108.99,10.7,1596.72,3645.0,Failed
88.0,70.49,113.84,9.12,1896.51,1603.0,Warning
72.42,62.04,118.51,8.73,1995.71,487.0,Healthy
72.56,62.67,119.12,7.81,1960.01,170.0,Healthy
100.89,92.89,110.21,10.74,1457.62,3184.0,Failed
79.4,71.43,116.28,8.24,2024.96,997.0,Healthy
78.53,77.1,115.45,9.42,1876.84,1485.0,Warning
74.81,62.96,117.68,8.34,2128.07,272.0,Healthy
82.41,72.48,115.58,9.0,1913.06,1546.0,Warning
96.92,83.56,110.24,9.91,1654.57,3530.0,Failed
84.75,72.57,114.93,9.11,1849.43,1716.0,Warning
94.3,86.73,112.07,10.8,1548.19,3021.0,Failed
78.34,69.49,115.44,9.24,2146.54,699.0,Healthy
81.04,77.97,111.37,10.04,1701.91,1684.0,Warning
94.93,88.0,110.51,10.36,1735.1,3107.0,Critical
83.92,77.0,113.79,9.22,1681.49,1211.0,Warning
81.61,68.6,112.69,8.88,1938.28,819.0,Healthy
93.21,82.72,114.06,10.91,1556.44,2301.0,Critical
86.05,71.55,116.94,9.18,1796.41,1167.0,Healthy
88.76,73.75,115.69,9.36,1815.3,1751.0,Warning
98.01,91.27,109.81,10.33,1512.34,2662.0,Failed
72.27,64.52,118.77,8.4,2128.66,590.0,Healthy
74.71,68.75,116.35,8.91,2045.65,777.0,Healthy
71.75,63.01,120.91,7.78,2192.14,112.0,Healthy
79.54,69.53,116.37,8.73,2015.19,1342.0,Healthy
79.6,68.9,117.94,8.47,2111.47,679.0,Healthy
88.36,76.36,113.26,9.52,1697.98,2479.0,Warning
72.74,66.36,120.38,8.69,2082.6,496.0,Healthy
90.95,79.97,113.5,9.96,1676.77,2563.0,Warning
75.85,70.39,115.82,8.76,1917.53,690.0,Healthy
80.68,66.53,116.95,9.08,1985.58,1112.0,Healthy
83.42,65.87,117.24,8.92,1835.89,894.0,Healthy
91.85,83.75,112.62,8.27,1683.28,2680.0,Critical
84.36,72.82,115.26,8.82,1689.6,1479.0,Warning
81.45,70.57,114.79,9.19,1952.77,1051.0,Healthy
90.5,83.6,111.62,9.8,1545.01,2667.0,Critical
88.33,79.9,112.46,9.77,1845.09,2161.0,Warning
76.89,67.31,117.49,8.9,2032.52,610.0,Healthy
99.68,87.72,110.0,10.14,1559.73,2702.0,Failed
82.1,66.77,118.05,8.62,1964.32,882.0,Healthy
70.56,62.67,121.94,8.1,2123.8,111.0,Healthy
87.94,71.86,113.34,9.22,1808.46,1826.0,Warning
72.84,61.74,118.75,8.56,2067.95,393.0,Healthy
77.9,63.06,117.15,7.66,2023.06,641.0,Healthy
91.48,81.94,113.23,9.57,1632.47,2708.0,Critical
75.31,67.12,118.84,7.92,2144.51,476.0,Healthy
93.08,84.89,111.35,9.01,1493.56,3076.0,Critical
103.05,86.78,110.77,10.14,1424.23,2472.0,Failed
94.25,78.52,113.61,8.92,1926.51,1894.0,Warning
93.93,81.62,115.28,9.62,1668.02,2623.0,Critical
96.03,81.61,111.67,9.59,1619.31,1935.0,Critical
95.17,90.32,110.46,10.66,1502.99,3002.0,Failed
75.98,67.13,117.35,8.75,2022.29,1270.0,Healthy
73.92,65.21,119.03,7.73,2137.28,436.0,Healthy
85.7,70.31,114.36,9.44,1776.73,1811.0,Warning
85.4,77.72,116.72,10.3,1785.71,2013.0,Warning
70.41,62.03,115.09,8.87,2048.76,593.0,Healthy
91.85,81.93,112.23,9.8,1795.73,2259.0,Warning
76.89,53.09,120.85,7.96,2193.75,51.0,Healthy
101.67,92.85,109.4,10.12,1477.27,3332.0,Failed
81.19,63.02,115.95,8.44,1974.04,891.0,Healthy
71.87,57.59,118.9,8.2,2151.08,105.0,Healthy
70.72,64.14,117.74,7.82,2242.79,332.0,Healthy
77.43,69.06,118.55,8.69,2017.64,871.0,Healthy
84.53,67.37,118.62,8.42,2272.96,773.0,Healthy
69.93,63.66,119.8,7.4,2155.5,97.0,Healthy
77.02,65.99,118.79,8.43,1869.8,899.0,Healthy
79.11,64.59,115.99,8.98,2093.04,598.0,Healthy
84.88,70.45,116.33,9.0,2018.74,1365.0,Healthy
79.01,69.94,118.17,7.54,1968.39,1466.0,Healthy
79.39,64.37,118.08,8.58,1978.43,914.0,Healthy
78.33,69.76,118.88,9.18,1940.08,847.0,Healthy
72.9,62.35,118.22,8.1,2114.38,319.0,Healthy
74.07,63.99,121.12,8.27,1996.16,67.0,Healthy
73.65,62.21,117.34,8.35,2127.24,579.0,Healthy
95.97,80.78,113.33,9.97,1640.01,2275.0,Critical
100.03,93.33,112.06,10.49,1598.14,2915.0,Failed
104.83,88.74,109.52,10.06,1507.42,3148.0,Failed
86.08,76.77,112.17,9.49,1842.77,1470.0,Warning
85.66,77.32,117.45,9.94,1927.66,1775.0,Warning
81.16,70.81,117.59,8.94,2086.67,1086.0,Healthy
92.21,88.68,112.1,9.98,1725.54,2003.0,Critical
87.56,83.22,112.11,9.57,1514.98,2317.0,Critical
94.61,82.29,108.41,10.49,1506.85,2217.0,Critical
96.1,88.78,111.36,10.03,1629.24,3170.0,Critical
78.25,71.33,114.86,9.31,1840.08,1144.0,Warning
92.79,82.68,112.41,10.22,1669.09,2809.0,Critical
87.99,85.3,111.98,10.41,1652.12,2939.0,Critical
78.21,66.79,111.85,9.17,2004.57,994.0,Healthy
98.61,86.35,111.44,10.71,1465.07,3500.0,Failed
73.12,64.26,119.34,7.73,2215.79,286.0,Healthy
98.59,88.18,110.54,10.14,1462.06,2930.0,Failed
92.85,86.02,112.02,9.38,1708.13,2084.0,Critical
70.45,59.84,119.14,7.66,2118.14,326.0,Healthy
89.72,76.72,113.7,10.25,1894.31,2037.0,Warning
71.2,66.74,120.07,7.69,2291.95,130.0,Healthy
90.4,78.51,113.01,9.47,1831.4,2830.0,Critical
94.78,83.9,112.43,9.98,1772.77,2570.0,Critical
88.86,83.63,116.75,9.21,1767.57,1890.0,Warning
95.21,85.62,110.34,11.05,1557.48,2452.0,Critical
80.2,66.98,118.46,8.14,2040.65,270.0,Healthy
77.86,70.24,119.78,8.87,2028.15,792.0,Healthy
81.59,72.4,115.63,8.72,1912.02,1352.0,Warning
70.01,60.88,120.97,7.44,2166.84,116.0,Healthy
80.53,67.09,115.72,8.83,1819.92,1655.0,Warning
80.01,67.0,117.01,8.38,2043.23,1007.0,Healthy
79.72,72.48,117.55,8.69,1894.54,1139.0,Healthy
81.05,73.45,116.53,8.42,1863.83,1439.0,Warning
94.77,93.78,108.9,10.25,1597.52,2713.0,Critical
75.16,68.95,117.56,8.54,2004.53,873.0,Healthy
91.56,88.7,109.57,9.62,1460.29,3169.0,Critical
81.39,76.27,117.65,9.11,1838.8,1423.0,Warning
82.45,71.46,119.35,9.12,2013.14,1118.0,Healthy
85.67,74.82,117.79,9.74,1844.42,1380.0,Warning
87.21,72.29,116.36,8.08,1752.18,1197.0,Warning
79.97,66.67,116.73,8.35,2075.74,944.0,Healthy
86.65,76.41,115.46,8.71,1844.17,1911.0,Warning
80.2,64.04,117.07,8.12,2008.8,496.0,Healthy
80.27,72.43,120.0,9.44,1900.14,994.0,Healthy
87.16,73.95,116.13,9.12,1817.16,1819.0,Warning
82.37,72.84,116.32,8.84,1733.92,1310.0,Warning
99.35,89.37,113.26,9.73,1656.9,2809.0,Critical
77.71,67.03,116.7,9.29,2099.23,765.0,Healthy
97.15,94.62,108.64,9.5,1592.41,3576.0,Failed
95.3,84.03,108.83,9.74,1743.03,2992.0,Critical
96.58,88.86,110.45,10.07,1460.29,3605.0,Failed
96.74,85.49,111.31,9.41,1696.02,3206.0,Critical
75.5,63.33,119.36,8.8,2122.31,389.0,Healthy
85.23,69.85,114.76,8.59,1764.65,1517.0,Warning
76.8,67.74,119.01,8.24,2118.36,602.0,Healthy
90.08,91.12,113.03,10.01,1662.15,2583.0,Critical
88.01,78.97,111.97,9.16,1914.33,2214.0,Warning
76.52,69.53,118.67,7.96,2111.36,725.0,Healthy
106.47,87.34,110.09,10.26,1494.03,2746.0,Failed
73.92,66.93,119.62,7.98,2146.62,390.0,Healthy
85.13,76.8,115.89,9.73,1831.69,1739.0,Warning
87.5,82.43,114.33,10.01,1715.38,2180.0,Critical
75.68,57.07,119.61,8.92,2134.42,192.0,Healthy
86.89,76.35,114.29,9.54,1921.88,2146.0,Warning
92.1,85.58,113.18,10.28,1579.02,2541.0,Critical
73.03,64.75,117.07,8.03,2286.04,176.0,Healthy
87.32,78.17,113.45,9.97,1727.45,1824.0,Warning
79.66,63.02,117.0,8.65,1988.5,901.0,Healthy
89.95,75.45,111.37,9.62,1797.12,2126.0,Warning
74.04,65.31,118.41,8.51,2032.7,395.0,Healthy
98.81,85.87,110.14,10.08,1485.26,2841.0,Failed
97.85,89.53,111.18,10.04,1616.49,2412.0,Critical
76.85,60.69,118.05,8.68,1931.55,666.0,Healthy
82.98,69.4,118.37,9.1,2062.1,990.0,Healthy
87.8,77.53,114.98,9.71,1906.94,2246.0,Warning
89.09,82.98,112.71,9.76,1819.07,2736.0,Critical
82.85,70.19,115.07,9.21,1916.18,1314.0,Warning
76.95,58.79,118.37,8.77,2056.37,439.0,Healthy
67.76,63.64,118.91,7.82,2098.1,368.0,Healthy
94.65,91.57,113.78,10.5,1523.15,3538.0,Failed
86.42,76.68,113.26,7.97,1891.62,1184.0,Warning
100.74,85.1,109.89,10.48,1558.81,2834.0,Critical
80.68,76.8,113.57,8.89,1989.05,1410.0,Warning
97.97,89.13,111.18,10.0,1534.65,2420.0,Failed
71.43,66.6,119.47,8.17,2253.55,273.0,Healthy
72.64,63.25,118.0,8.53,2128.18,311.0,Healthy
98.81,82.7,112.05,11.28,1552.29,2717.0,Failed
94.55,88.22,111.08,9.75,1578.2,3113.0,Failed
76.12,69.71,118.26,8.45,2020.1,906.0,Healthy
79.75,72.21,118.25,8.98,1939.82,1074.0,Healthy
83.14,68.98,112.28,8.84,1928.46,1569.0,Warning
79.11,71.55,116.87,9.37,1963.69,1495.0,Warning
78.07,68.31,116.16,8.41,2199.23,598.0,Healthy
95.7,86.64,111.39,10.6,1576.84,2978.0,Critical
76.33,66.68,117.36,8.53,1960.22,756.0,Healthy
92.01,86.88,112.9,9.98,1652.1,2604.0,Critical
71.63,58.8,117.52,7.79,2342.42,179.0,Healthy
73.67,64.86,121.16,8.87,2022.49,104.0,Healthy
86.81,82.68,111.53,8.95,1647.19,1705.0,Warning
75.98,69.49,117.74,8.56,1964.77,912.0,Healthy
88.73,79.57,111.3,9.07,1691.97,2205.0,Warning
73.0,62.71,119.03,8.56,2199.69,361.0,Healthy
94.77,89.04,113.21,10.59,1593.62,3163.0,Failed
88.29,80.67,116.06,9.38,1633.27,2160.0,Critical
96.83,85.0,108.81,10.59,1706.91,3161.0,Critical
71.82,63.03,117.58,8.06,2016.2,411.0,Healthy
75.25,68.63,116.01,8.96,1916.91,1063.0,Healthy
83.95,70.12,119.7,9.17,2067.96,1151.0,Healthy
84.22,69.39,114.53,9.24,1719.55,1727.0,Warning
82.36,69.2,118.64,9.11,2019.94,800.0,Healthy
71.9,60.24,119.84,8.09,2283.02,227.0,Healthy
81.95,65.47,114.51,9.06,1733.85,1089.0,Healthy
77.0,66.59,114.66,8.53,1994.8,847.0,Healthy
73.61,70.43,115.22,8.22,2005.66,992.0,Healthy
72.5,69.73,121.51,8.44,2040.52,620.0,Healthy
77.48,66.24,117.77,8.31,2021.42,928.0,Healthy
89.9,80.81,115.31,10.12,1776.18,2096.0,Warning
76.28,75.79,113.99,8.42,1953.31,1152.0,Healthy
80.2,68.48,116.06,9.35,1893.76,1172.0,Healthy
82.65,75.87,115.83,9.26,1887.57,1910.0,Warning
93.86,88.34,110.64,10.09,1680.1,2132.0,Critical
81.31,72.05,116.12,8.4,1843.11,1002.0,Healthy
89.86,78.75,112.81,9.35,1751.48,1851.0,Warning
102.19,87.76,111.58,10.15,1410.61,3014.0,Failed
87.04,77.72,115.38,10.15,1851.72,1368.0,Warning
99.88,87.17,111.93,10.0,1602.39,3121.0,Failed
92.76,78.31,113.37,10.45,1661.4,2622.0,Critical
80.23,60.7,119.07,8.61,2202.88,174.0,Healthy
79.22,69.32,117.21,9.53,1910.31,1251.0,Warning
89.37,81.29,112.13,9.51,1772.15,2046.0,Warning
102.31,86.85,111.07,11.19,1499.07,2669.0,Failed
86.01,75.19,112.46,9.95,1935.28,1718.0,Warning
74.25,62.92,117.95,8.38,2032.18,245.0,Healthy
88.89,73.12,117.85,9.22,1694.81,1470.0,Warning
67.55,62.32,119.65,7.97,2118.33,451.0,Healthy
97.31,84.41,113.4,10.07,1728.69,2366.0,Critical
84.62,78.67,113.69,9.3,1822.48,1827.0,Warning
95.44,79.0,111.12,9.88,1744.65,2324.0,Critical
89.98,82.79,110.91,9.63,1616.24,3226.0,Critical
89.64,84.72,113.61,9.59,1595.83,1891.0,Warning
86.68,78.34,116.75,9.99,1957.16,2027.0,Warning
94.35,82.91,113.98,10.21,1571.11,2144.0,Critical
96.22,83.06,111.74,9.94,1534.7,2640.0,Critical
97.17,86.72,111.41,10.13,1683.63,2372.0,Critical
67.92,66.24,120.77,7.5,2176.08,116.0,Healthy
86.51,77.45,112.46,9.12,1749.24,1751.0,Warning
75.95,69.68,114.96,8.4,2011.04,561.0,Healthy
97.3,85.9,112.51,10.4,1527.32,2302.0,Critical
92.42,76.37,113.62,9.34,1682.1,2128.0,Warning
83.06,70.56,113.83,8.64,1968.99,1461.0,Warning
71.81,62.29,114.98,8.77,2028.48,641.0,Healthy
80.49,70.82,117.95,8.68,1877.21,1180.0,Healthy
98.95,84.78,112.18,9.42,1646.55,2233.0,Critical
81.07,66.61,118.56,8.84,2044.52,612.0,Healthy
63.88,61.88,118.67,8.42,2074.57,322.0,Healthy
96.83,84.27,111.07,10.14,1553.74,2581.0,Critical
95.72,83.99,111.47,9.77,1692.9,2572.0,Critical
75.45,62.28,117.89,8.65,2021.68,535.0,Healthy
77.39,65.37,117.94,8.95,1926.6,950.0,Healthy
98.36,91.86,109.87,10.51,1463.81,3383.0,Failed
92.9,80.41,112.42,9.82,1815.64,2100.0,Critical
84.87,77.42,114.81,9.28,1946.63,2281.0,Warning
82.79,68.72,117.93,8.55,1988.35,816.0,Healthy
78.81,71.15,115.3,8.68,2048.6,867.0,Healthy
68.38,61.68,119.56,7.71,2097.14,135.0,Healthy
95.23,79.63,111.93,9.39,1642.85,2635.0,Critical
66.66,59.17,119.59,8.07,2205.77,117.0,Healthy
68.48,59.56,122.1,8.41,2007.51,13.0,Healthy
90.17,82.79,113.24,8.99,1751.16,2302.0,Critical
104.9,88.36,113.76,10.22,1490.62,2849.0,Failed
90.64,82.32,112.76,10.0,1584.22,2469.0,Critical
77.68,74.29,115.03,9.61,1900.91,1716.0,Warning
82.84,74.47,115.11,9.94,1975.16,1424.0,Warning
84.45,70.74,115.85,8.99,1869.66,1122.0,Warning
82.09,73.06,117.24,9.6,1996.12,1110.0,Healthy
92.48,74.2,113.29,9.49,1871.09,1711.0,Warning
87.16,73.32,115.34,9.4,1917.39,1388.0,Warning
88.51,71.76,112.93,9.07,1701.55,2132.0,Warning
94.27,86.3,112.56,10.43,1589.2,3276.0,Critical
104.72,86.55,107.16,10.85,1518.23,2731.0,Failed
71.26,59.43,119.45,7.92,1926.5,285.0,Healthy
79.57,78.81,113.88,7.92,1999.33,1251.0,Healthy
74.17,66.17,118.84,8.51,1953.21,664.0,Healthy
76.81,74.24,115.88,8.79,1963.78,1157.0,Healthy
77.23,71.19,114.4,9.26,2120.19,1065.0,Healthy
74.54,68.19,119.67,8.22,2058.32,633.0,Healthy
95.11,82.33,108.58,9.63,1581.46,2275.0,Critical
83.72,79.71,114.99,8.77,1897.33,1679.0,Warning
93.77,90.12,111.84,10.05,1668.68,3022.0,Failed
66.17,61.1,121.74,9.15,2088.5,106.0,Healthy
72.64,62.8,116.91,7.53,1964.35,181.0,Healthy
82.32,71.69,115.19,8.47,2012.32,1045.0,Warning
70.75,62.57,120.82,8.18,2212.14,241.0,Healthy
76.48,67.75,119.1,9.45,2046.88,840.0,Healthy
100.75,90.73,112.06,10.76,1365.79,3222.0,Failed
80.44,71.49,121.75,9.14,2101.54,673.0,Healthy
73.6,62.33,117.26,8.34,2144.0,544.0,Healthy
87.48,80.64,114.82,8.88,1970.96,2069.0,Warning
87.81,73.84,114.5,9.07,1828.89,1734.0,Warning
85.08,81.22,111.23,9.4,1806.42,2127.0,Warning
81.26,70.3,116.1,8.95,1764.07,1390.0,Healthy
94.69,86.04,108.74,9.98,1698.73,2997.0,Critical
70.22,63.68,117.83,8.58,2178.53,473.0,Healthy
83.36,67.66,113.51,8.79,1932.43,1338.0,Warning
90.79,85.91,113.76,9.35,1812.18,2327.0,Warning
97.71,83.22,110.15,9.69,1529.69,2498.0,Critical
77.53,71.34,113.63,9.01,1923.85,1382.0,Healthy
87.06,73.88,115.62,9.46,1788.25,1913.0,Warning
76.22,58.06,118.4,8.61,2239.54,230.0,Healthy
81.34,64.49,117.65,9.04,2170.51,563.0,Healthy
75.91,60.29,117.84,7.69,2177.02,237.0,Healthy
88.31,78.33,114.44,9.83,1711.71,2502.0,Critical
79.99,68.54,117.53,8.64,2042.43,754.0,Healthy
90.26,77.27,111.84,9.19,1666.46,2246.0,Critical
72.84,62.37,116.46,7.95,2262.46,253.0,Healthy
93.56,85.49,115.14,10.78,1560.06,3045.0,Critical
89.93,77.62,114.61,9.84,1649.49,2344.0,Critical
71.63,61.1,121.28,7.9,2090.05,276.0,Healthy
72.88,62.12,118.71,8.04,2259.12,75.0,Healthy
72.55,58.5,118.69,8.51,2152.63,215.0,Healthy
96.82,87.14,112.06,10.01,1767.78,3225.0,Critical
77.69,68.34,116.31,8.64,2025.59,624.0,Healthy
87.66,73.4,113.03,8.46,1891.2,1590.0,Warning
84.38,72.75,117.93,9.29,1851.19,1131.0,Warning
93.04,86.34,111.96,10.08,1618.55,2234.0,Critical
84.92,72.04,113.43,9.58,1854.41,1533.0,Warning
90.25,74.4,116.42,8.5,1877.65,1666.0,Warning
100.1,93.12,109.25,10.35,1447.92,3560.0,Failed
74.63,61.93,115.53,8.76,2049.25,401.0,Healthy
95.23,86.3,109.99,9.85,1625.65,2426.0,Critical
70.9,58.31,118.71,8.15,2195.67,173.0,Healthy
83.02,73.85,115.55,9.03,1862.74,1504.0,Warning
97.22,87.93,111.39,10.06,1565.21,2619.0,Critical
88.44,72.74,115.19,10.13,1628.16,1854.0,Warning
90.12,78.95,112.79,9.14,1760.38,2376.0,Warning
75.53,69.19,116.67,8.64,2083.11,753.0,Healthy
82.88,73.23,117.68,9.15,1983.89,1438.0,Warning
82.75,69.43,117.8,9.29,1955.4,1369.0,Healthy
85.01,72.33,114.47,9.25,1786.72,1479.0,Warning
77.84,75.75,115.82,9.54,1850.7,1610.0,Warning
81.58,68.84,116.02,8.8,1983.51,1172.0,Healthy
79.52,70.8,115.2,8.81,1984.66,1030.0,Healthy
74.55,68.67,120.79,8.66,1956.79,747.0,Healthy
83.27,69.61,115.54,9.17,1809.88,1047.0,Healthy
70.3,67.72,118.94,8.59,2050.59,535.0,Healthy
99.3,84.38,109.01,9.74,1567.38,2596.0,Critical
87.89,81.63,115.08,9.59,1803.25,2163.0,Warning
67.21,67.98,116.85,8.55,2073.57,486.0,Healthy
91.35,83.97,115.58,10.32,1694.18,2549.0,Warning
94.21,84.89,114.22,9.72,1615.56,3056.0,Critical
75.46,74.77,118.47,8.81,2159.06,882.0,Healthy
72.3,64.97,118.67,8.24,2081.27,565.0,Healthy
69.88,60.98,119.63,8.1,2070.07,28.0,Healthy
69.96,61.35,119.46,7.69,2112.16,139.0,Healthy
87.3,79.48,112.99,9.9,1811.06,2136.0,Critical
103.43,93.5,110.26,10.6,1623.7,3021.0,Failed
70.61,59.63,121.02,7.72,2243.75,129.0,Healthy
90.25,85.2,111.14,10.45,1732.47,2721.0,Critical
68.77,65.63,121.57,7.56,2206.73,261.0,Healthy
90.08,79.57,113.44,9.7,1766.39,1851.0,Warning
88.79,80.61,111.32,8.92,1740.13,2718.0,Critical
81.18,69.75,116.95,8.8,2021.05,1214.0,Healthy
68.58,52.3,120.53,8.22,2259.9,36.0,Healthy
86.28,77.51,111.44,9.77,1735.48,2142.0,Warning
96.43,92.15,109.37,10.44,1480.15,3559.0,Failed
75.87,67.02,114.17,8.55,1968.33,923.0,Healthy
75.71,63.91,117.09,8.7,2147.11,617.0,Healthy
74.42,62.82,117.81,8.69,2137.5,368.0,Healthy
84.3,80.3,114.89,9.94,1842.69,1708.0,Warning
87.62,77.73,112.85,8.97,1828.53,2047.0,Warning
96.43,89.34,111.25,9.9,1532.45,2951.0,Critical
87.6,80.88,114.43,9.01,1743.4,2624.0,Critical
96.76,87.43,114.17,9.68,1531.95,3189.0,Critical
91.32,82.87,110.56,9.73,1599.96,2364.0,Critical
74.26,73.64,119.06,8.96,1960.06,772.0,Healthy
87.46,77.22,115.02,9.2,1817.29,1954.0,Warning
77.29,75.31,114.42,8.63,1986.47,1093.0,Healthy
76.24,68.63,115.52,8.94,1857.87,1060.0,Healthy
101.93,92.54,106.14,10.06,1404.51,2408.0,Failed
93.22,80.81,113.67,8.91,1706.47,2519.0,Warning
93.44,91.75,108.64,10.14,1582.9,2616.0,Failed
78.08,68.85,116.03,8.99,1965.56,1350.0,Warning
87.9,77.17,118.48,9.53,1903.84,1706.0,Warning
83.76,71.41,117.52,9.14,1843.2,1847.0,Warning
77.72,63.99,117.78,8.45,2096.6,292.0,Healthy
78.95,62.55,116.12,8.96,2025.42,807.0,Healthy
86.73,75.55,116.66,9.77,1895.01,1561.0,Warning
68.96,65.31,117.82,8.24,2281.85,210.0,Healthy
99.42,89.59,112.17,9.87,1511.15,2881.0,Failed
69.89,60.01,122.87,7.81,2092.04,372.0,Healthy
79.86,60.24,119.03,8.03,2063.89,730.0,Healthy
94.23,84.45,114.12,9.48,1643.05,2666.0,Critical
70.43,67.65,120.63,8.28,2085.69,360.0,Healthy
99.42,84.12,110.16,11.01,1559.75,3237.0,Failed
98.5,88.06,113.18,9.9,1628.76,2245.0,Critical
71.41,62.04,117.88,8.14,2210.01,181.0,Healthy
92.41,74.88,115.02,10.11,1833.62,2036.0,Warning
87.65,74.27,112.06,9.25,1735.14,1896.0,Warning
92.98,85.03,113.48,10.31,1802.9,2038.0,Critical
90.32,85.23,113.42,10.46,1611.63,2284.0,Critical
91.55,86.0,112.08,9.82,1641.36,1860.0,Critical
87.72,73.99,113.06,10.3,1844.58,1830.0,Warning
85.07,70.03,116.52,9.25,1900.34,896.0,Healthy
85.53,80.94,111.69,9.76,1761.82,2027.0,Warning
97.87,88.28,110.66,10.33,1550.43,3039.0,Failed
91.49,76.48,112.75,9.3,1756.44,1627.0,Warning
89.21,78.84,112.09,9.61,1694.21,1756.0,Warning
82.6,73.64,116.45,9.05,1824.19,1548.0,Warning
90.18,83.59,113.37,9.76,1753.24,2793.0,Critical
97.13,90.69,109.58,10.41,1483.81,2985.0,Failed
69.33,68.43,115.93,7.92,2112.62,506.0,Healthy
74.18,62.47,119.73,8.28,2057.44,593.0,Healthy
83.22,70.75,113.93,8.71,1805.42,1700.0,Warning
84.8,77.49,118.28,9.37,1889.15,1287.0,Warning
84.78,74.32,114.09,9.46,1840.86,1799.0,Warning
70.03,60.33,119.71,8.07,2176.73,155.0,Healthy
80.77,70.29,115.31,9.37,1901.89,1194.0,Warning
87.34,75.59,114.54,9.11,1704.98,2140.0,Warning
85.97,73.18,119.36,9.18,1742.08,1813.0,Warning
86.53,78.01,112.9,9.05,1715.38,1808.0,Warning
91.86,83.55,114.71,10.21,1697.13,2536.0,Critical
92.45,79.23,113.72,9.85,1611.79,1763.0,Warning
94.09,85.22,113.86,10.51,1696.39,2109.0,Critical
86.91,77.25,110.85,10.19,1788.35,1894.0,Warning
85.76,78.83,117.54,9.17,1777.19,1925.0,Warning
82.03,76.66,114.45,9.23,1702.36,2290.0,Warning
72.62,56.71,118.59,7.53,2074.23,344.0,Healthy
76.99,69.14,118.62,8.24,1902.9,1012.0,Healthy
83.02,78.12,114.94,9.19,1803.67,1734.0,Warning
93.93,84.51,109.55,9.36,1574.55,2448.0,Critical
89.14,83.97,109.57,9.27,1798.14,2230.0,Warning
75.69,60.16,121.84,8.19,2174.66,317.0,Healthy
91.04,79.78,113.74,9.84,1885.18,1573.0,Warning
73.87,71.89,116.86,8.27,2053.76,687.0,Healthy
90.47,82.13,111.86,9.89,1613.3,1958.0,Critical
93.35,84.14,113.92,10.81,1760.05,2538.0,Critical
90.23,77.49,113.33,8.76,1759.1,1947.0,Warning
88.18,82.63,115.05,9.91,1662.4,2057.0,Warning
80.44,71.37,116.11,9.0,1980.61,1021.0,Healthy
85.0,79.82,113.66,9.62,1760.44,1212.0,Warning
94.13,86.76,112.71,10.55,1588.35,2760.0,Critical
95.79,79.74,114.42,9.54,1655.65,1971.0,Critical
85.59,73.84,113.78,9.3,1878.07,1395.0,Warning
78.48,71.23,116.26,8.34,2018.52,1288.0,Healthy
70.82,55.39,119.64,7.92,2138.75,168.0,Healthy
77.99,62.87,119.24,8.37,2068.2,463.0,Healthy
74.52,64.43,121.03,8.6,2125.53,536.0,Healthy
84.05,71.92,115.78,9.25,1877.29,1396.0,Healthy
96.45,94.15,110.06,10.99,1544.26,3457.0,Failed
82.86,75.32,114.69,9.09,1889.71,1838.0,Warning
79.02,61.28,116.24,9.05,1972.36,621.0,Healthy
70.55,60.43,116.36,8.37,2101.92,280.0,Healthy
82.62,70.94,116.82,8.32,1971.26,1070.0,Healthy
95.53,84.75,112.63,9.98,1735.45,2389.0,Critical
78.88,76.37,116.17,9.0,1834.9,1146.0,Healthy
92.96,86.06,112.18,9.6,1647.31,2679.0,Critical
92.43,86.87,110.62,9.59,1746.41,3016.0,Critical
74.37,62.67,119.27,7.85,2200.13,369.0,Healthy
93.92,81.56,114.17,9.3,1751.89,1581.0,Warning
97.66,86.09,111.12,10.05,1522.93,2505.0,Failed
83.67,74.97,116.46,9.5,1955.26,1149.0,Warning
71.6,60.68,120.08,7.15,2202.75,131.0,Healthy
97.77,83.36,112.75,10.35,1663.94,2527.0,Failed
96.01,88.29,112.02,10.42,1671.95,2322.0,Critical
83.09,79.86,115.5,8.92,1723.92,1522.0,Warning
87.57,75.35,111.86,9.29,1685.82,1446.0,Warning
75.49,71.04,119.46,8.39,2008.29,789.0,Healthy
91.87,79.62,111.36,10.02,1478.18,2647.0,Critical
88.0,71.37,115.13,9.51,1955.97,1826.0,Warning
71.31,60.58,117.75,8.31,2056.61,116.0,Healthy
89.81,79.38,116.3,9.47,1697.96,2151.0,Warning
102.54,86.51,106.78,9.77,1464.96,3000.0,Failed
89.37,85.28,113.94,10.14,1492.63,2887.0,Critical
82.13,66.73,117.87,8.43,2100.42,823.0,Healthy
68.96,60.52,116.61,7.92,2116.53,173.0,Healthy
98.85,89.05,113.65,10.44,1694.32,2549.0,Failed
96.35,86.11,111.4,10.17,1656.49,3340.0,Failed
83.2,75.65,111.14,9.45,1827.06,1587.0,Warning
93.21,77.33,112.94,10.61,1582.76,1791.0,Warning
89.45,70.26,116.18,9.43,1848.96,1623.0,Warning
81.93,74.88,118.37,9.59,2089.04,1125.0,Warning
74.59,68.71,118.19,8.5,2150.64,451.0,Healthy
73.07,66.1,115.06,8.27,2118.89,333.0,Healthy
82.17,67.98,119.86,8.79,1988.17,816.0,Healthy
88.76,83.17,112.38,10.28,1685.33,2230.0,Critical
75.51,63.51,115.19,8.71,2127.49,479.0,Healthy
74.62,69.97,118.25,8.59,2064.02,589.0,Healthy
79.39,69.61,115.19,8.85,1906.86,1634.0,Warning
75.37,65.36,117.36,7.95,2136.0,750.0,Healthy
80.44,67.1,117.13,8.59,2120.73,463.0,Healthy
84.93,73.48,113.45,8.96,1678.73,1945.0,Warning
83.42,72.31,115.83,9.19,1863.75,1202.0,Healthy
92.38,79.92,114.27,10.1,1712.36,2333.0,Warning
97.33,83.0,112.06,10.19,1558.47,2915.0,Failed
74.89,64.79,115.27,8.86,2214.23,445.0,Healthy
92.25,85.55,111.25,10.39,1724.8,3361.0,Failed
94.93,88.32,111.71,10.27,1599.59,2863.0,Failed
97.59,86.88,111.96,10.1,1663.65,2428.0,Critical
89.12,80.14,113.08,9.25,1637.2,1952.0,Warning
89.71,78.82,115.93,9.17,1732.08,1939.0,Warning
89.58,80.04,115.62,8.94,1708.3,1818.0,Warning
97.29,77.19,112.55,9.43,1665.72,2472.0,Warning
69.2,60.4,119.71,8.9,2234.84,60.0,Healthy
103.56,86.35,111.58,9.8,1493.26,2999.0,Failed
87.97,80.66,116.07,8.99,1638.47,1512.0,Warning
98.53,85.49,110.96,9.63,1720.38,2103.0,Critical
77.64,73.36,114.66,8.64,2032.18,1212.0,Healthy
70.93,65.51,120.29,8.14,2214.38,36.0,Healthy
84.11,74.3,113.22,9.03,1829.73,1521.0,Warning
85.63,73.57,112.01,9.19,1773.02,1643.0,Warning
86.78,72.05,114.4,8.75,1827.12,1489.0,Warning
81.33,65.38,117.23,8.66,2047.88,951.0,Healthy
81.16,62.92,119.83,8.6,1965.25,859.0,Healthy
83.82,77.69,113.66,9.27,1991.73,1424.0,Warning
78.79,67.07,116.06,9.73,2013.27,1232.0,Healthy
99.15,85.87,110.53,10.41,1548.22,3315.0,Failed
75.07,64.88,117.3,8.35,2296.12,507.0,Healthy
79.03,68.35,115.71,7.8,2078.29,1161.0,Healthy
75.94,71.48,117.56,8.83,1959.79,1049.0,Healthy
89.9,76.48,112.77,8.57,1737.79,2004.0,Warning
83.89,72.58,113.86,9.47,1816.58,1497.0,Warning
93.59,82.23,113.26,9.67,1741.17,2417.0,Warning
98.54,90.69,110.98,10.69,1474.33,3021.0,Failed
80.5,64.32,114.87,8.46,1910.39,844.0,Healthy
92.46,81.54,112.88,9.74,1733.89,2326.0,Warning
68.28,58.61,117.81,8.33,2253.53,92.0,Healthy
78.97,65.65,116.35,8.28,2164.94,970.0,Healthy
89.7,79.52,116.55,9.4,1881.53,1331.0,Warning
71.68,61.3,119.58,8.3,2226.5,85.0,Healthy
91.23,77.88,116.33,9.49,1619.54,1935.0,Warning
92.43,80.6,113.11,10.33,1793.87,2551.0,Warning
93.32,85.02,113.98,10.07,1596.58,2834.0,Critical
86.06,73.39,116.03,8.62,1862.78,1505.0,Warning
89.76,76.53,113.94,9.91,1773.79,1598.0,Warning
84.17,73.85,114.07,8.73,1903.41,1374.0,Healthy
67.18,56.69,119.43,8.42,2052.43,118.0,Healthy
73.74,65.97,118.2,8.37,2069.47,283.0,Healthy
89.1,74.83,112.59,8.58,1665.14,2294.0,Warning
98.69,89.13,110.28,10.73,1455.58,2805.0,Failed
74.36,55.68,117.67,7.95,2283.53,56.0,Healthy
84.53,73.56,113.11,9.21,1781.48,2088.0,Warning
88.35,86.42,110.97,9.71,1620.46,2070.0,Critical
97.19,87.94,111.35,10.38,1673.22,2696.0,Critical
82.09,79.81,113.4,8.99,1844.48,1884.0,Warning
82.81,74.25,112.75,10.0,1928.64,2012.0,Warning
93.63,77.75,113.24,9.13,1793.18,2595.0,Warning
96.25,86.79,110.74,10.27,1439.61,2273.0,Critical
75.09,65.81,118.78,8.61,2178.81,469.0,Healthy
96.46,85.39,109.06,10.61,1606.56,3036.0,Failed
66.63,59.04,118.5,8.14,2314.55,74.0,Healthy
91.53,81.69,114.7,10.01,1598.78,2818.0,Critical
71.49,67.28,118.19,7.97,2233.99,262.0,Healthy
72.02,64.41,114.89,8.0,2035.39,500.0,Healthy
71.04,60.21,120.47,7.74,2220.51,14.0,Healthy
81.97,73.61,114.49,8.73,1803.93,1180.0,Warning
80.59,73.35,117.02,8.39,1855.99,948.0,Healthy
75.45,62.12,118.21,9.14,2153.37,552.0,Healthy
84.69,77.04,116.31,8.44,1884.52,1602.0,Warning
83.57,68.23,115.83,9.46,1815.88,1359.0,Warning
92.0,86.53,111.98,9.42,1727.8,2575.0,Critical
97.35,81.65,112.79,9.82,1355.96,2850.0,Critical
90.29,79.26,110.15,9.22,1678.41,2100.0,Warning
66.45,68.61,116.77,7.87,1980.05,387.0,Healthy
80.8,70.95,115.81,9.11,2089.16,861.0,Healthy
97.85,88.66,108.33,10.52,1525.99,2762.0,Failed
74.35,59.52,118.39,8.13,2144.2,327.0,Healthy
78.35,70.0,115.06,10.1,1939.54,1241.0,Warning
97.33,92.31,112.04,10.35,1604.93,3331.0,Failed
95.25,89.94,110.36,10.4,1590.16,3179.0,Failed
84.57,75.01,115.57,8.75,1976.26,1171.0,Warning
85.81,80.24,112.76,9.35,1711.58,1840.0,Warning
80.92,72.86,113.85,8.93,1948.53,1241.0,Warning
94.21,84.9,113.8,10.22,1620.15,2407.0,Critical
69.06,61.73,121.5,8.31,2145.73,89.0,Healthy
71.54,63.81,116.74,8.88,1976.15,417.0,Healthy
91.15,74.18,116.29,9.25,1904.17,2231.0,Warning
79.82,69.84,116.67,8.82,1957.72,741.0,Healthy
92.15,81.3,112.21,9.79,1846.63,1989.0,Warning
83.08,68.72,117.2,9.05,1997.13,982.0,Healthy
95.9,90.14,111.98,9.87,1595.29,2766.0,Critical
93.96,85.31,111.7,9.63,1655.88,2374.0,Critical
82.84,75.58,114.55,9.45,1769.79,1286.0,Warning
93.69,85.84,114.03,10.28,1787.42,2837.0,Critical
76.55,70.14,116.35,8.43,1981.27,891.0,Healthy
83.53,75.71,114.95,9.48,1935.05,1791.0,Warning
77.72,65.36,120.57,8.97,2018.3,693.0,Healthy
99.38,91.78,109.39,10.01,1482.87,2220.0,Critical
95.89,82.49,111.08,9.48,1782.53,2795.0,Critical
102.45,89.3,112.52,9.73,1520.22,2472.0,Failed
94.21,86.07,112.02,9.92,1622.71,2328.0,Critical
93.27,90.15,111.75,10.22,1286.06,2492.0,Failed
78.99,70.55,115.73,8.56,2034.49,831.0,Healthy
95.64,87.02,111.16,10.32,1596.05,3066.0,Failed
86.32,78.94,113.86,9.32,1811.55,2027.0,Warning
77.37,73.47,119.18,9.33,1896.41,1427.0,Warning
84.11,74.89,115.61,9.1,1790.86,1534.0,Warning
75.77,74.05,116.54,9.36,2029.82,1144.0,Healthy
77.35,70.79,117.54,9.1,1894.52,780.0,Healthy
76.06,65.94,117.67,8.95,2012.14,634.0,Healthy
72.74,65.78,120.22,7.94,2257.08,247.0,Healthy
88.62,72.4,113.75,9.19,1733.79,1335.0,Warning
98.66,86.55,113.17,10.51,1570.05,3074.0,Critical
84.04,77.62,111.71,9.5,1670.63,2102.0,Warning
87.45,77.88,115.1,9.02,1859.4,1789.0,Warning
83.19,71.42,114.48,8.78,1902.63,1595.0,Warning
83.64,76.21,115.42,8.88,1799.4,1405.0,Warning
76.21,68.06,119.39,8.06,2055.45,685.0,Healthy
95.3,83.56,109.2,11.21,1629.2,2501.0,Critical
73.88,71.44,117.76,7.72,2012.39,543.0,Healthy
90.95,79.26,110.67,9.4,1665.04,2606.0,Critical
96.35,78.57,111.98,10.14,1616.17,2502.0,Critical
85.13,79.81,112.09,9.16,1615.15,1930.0,Warning
92.8,79.44,111.61,10.02,1670.1,2494.0,Critical
78.55,73.21,116.45,8.89,2091.85,1054.0,Healthy
93.06,86.75,112.3,10.62,1442.85,2832.0,Critical
86.71,77.6,114.55,9.71,1786.06,1932.0,Critical
92.93,81.12,112.03,10.37,1672.99,2373.0,Critical
94.28,75.04,114.69,8.98,1646.62,2088.0,Warning
95.27,86.54,113.61,9.87,1590.82,2528.0,Critical
100.33,85.81,108.69,10.68,1448.38,2688.0,Failed
76.21,74.11,117.95,9.84,1979.75,1250.0,Warning
95.73,83.5,111.81,9.65,1556.85,2087.0,Critical
92.62,80.91,111.09,9.4,1848.63,2108.0,Critical
81.59,75.11,115.92,9.27,1975.67,1530.0,Warning
98.35,89.68,110.62,10.34,1453.14,3014.0,Failed
82.34,75.27,113.95,8.7,2054.98,1199.0,Healthy
83.79,75.06,112.69,8.93,1862.56,2142.0,Warning
74.17,63.09,121.4,8.06,2113.79,277.0,Healthy
80.36,64.87,118.16,8.77,2096.02,763.0,Healthy
94.54,85.71,113.82,9.97,1685.49,2821.0,Critical
79.29,69.56,115.41,9.46,1861.75,1280.0,Healthy
81.29,70.55,114.86,8.93,1990.94,1142.0,Healthy
79.94,66.12,115.02,8.86,1993.2,788.0,Healthy
81.07,75.63,116.54,9.34,1921.01,1554.0,Warning
95.91,84.18,112.56,9.85,1625.01,2213.0,Critical
94.82,88.37,110.44,10.57,1492.8,2563.0,Critical
72.83,61.78,118.11,7.69,2201.34,219.0,Healthy
85.55,75.51,115.94,9.22,1767.33,1745.0,Warning
82.32,74.59,115.06,9.0,1885.27,1274.0,Warning
93.0,75.68,113.61,9.69,1802.71,1760.0,Warning
79.19,75.13,114.63,9.37,2004.45,1484.0,Warning
83.42,71.1,115.4,8.67,1886.09,1380.0,Healthy
89.35,74.77,116.11,8.8,1801.83,1662.0,Warning
89.52,78.12,112.06,9.49,1924.26,1892.0,Warning
81.04,79.83,115.11,8.64,1849.57,1318.0,Warning
80.32,75.31,116.71,9.58,1825.89,1348.0,Warning
92.28,84.75,111.69,9.96,1656.5,2856.0,Critical
92.84,80.29,114.12,9.4,1650.56,2184.0,Critical
80.92,72.65,118.6,8.38,1939.61,1167.0,Healthy
90.2,83.21,113.35,10.13,1845.49,2713.0,Critical
92.99,81.03,110.66,10.25,1523.4,2749.0,Critical
72.17,64.02,118.41,8.08,1977.51,454.0,Healthy
86.94,78.05,114.69,9.41,1890.16,1551.0,Warning
84.51,66.1,116.44,8.26,1969.95,997.0,Healthy
89.38,81.82,111.85,9.74,1708.11,2126.0,Critical
74.23,66.95,116.77,9.19,2083.91,698.0,Healthy
86.74,79.97,117.1,10.53,1590.03,1824.0,Warning
79.56,71.36,117.04,8.55,2112.66,891.0,Healthy
85.21,71.4,116.49,9.45,1797.29,1936.0,Warning
95.77,94.56,109.21,10.53,1687.86,3014.0,Failed
80.35,71.34,118.74,8.26,1869.38,1153.0,Healthy
93.9,88.01,110.67,9.73,1712.24,2821.0,Critical
100.5,89.99,110.21,9.54,1648.88,3021.0,Failed
104.3,81.07,108.5,10.37,1548.44,2585.0,Critical
76.63,61.81,120.02,9.19,2068.67,631.0,Healthy
94.31,83.02,113.8,10.48,1601.12,3079.0,Critical
68.97,63.95,117.9,8.1,2299.07,108.0,Healthy
77.77,67.65,117.83,8.94,1939.04,1017.0,Healthy
98.32,83.55,109.29,10.04,1633.11,2643.0,Critical
92.7,81.16,114.06,10.15,1706.39,1939.0,Warning
84.58,77.4,114.24,9.42,1864.85,1762.0,Warning
85.28,72.96,118.13,8.99,1971.47,1191.0,Healthy
94.43,81.42,112.25,9.59,1583.65,2513.0,Critical
93.61,76.49,114.3,10.01,1845.11,2655.0,Critical
84.94,75.67,117.17,9.11,1855.82,1741.0,Warning
96.24,91.07,110.64,10.39,1657.66,2595.0,Critical
74.03,65.86,117.66,8.97,1938.1,772.0,Healthy
74.68,61.68,116.63,7.77,2135.45,625.0,Healthy
91.81,77.99,113.12,9.49,1835.23,2435.0,Warning
97.64,90.34,113.17,10.25,1540.88,3414.0,Failed
78.74,66.72,118.66,8.41,2112.99,664.0,Healthy
74.24,71.71,115.94,8.18,1968.65,856.0,Healthy
76.53,66.96,121.05,8.06,2140.15,445.0,Healthy
96.76,86.37,111.98,9.71,1475.95,2521.0,Critical
73.19,60.93,118.98,8.9,2053.41,838.0,Healthy
84.42,73.02,115.7,9.41,1784.34,1699.0,Warning
102.52,88.08,110.72,10.6,1500.89,3695.0,Failed
66.59,58.12,116.88,7.26,2301.84,32.0,Healthy
83.48,77.27,116.1,10.17,1949.49,1983.0,Warning
85.16,76.0,111.5,9.12,1738.81,1696.0,Warning
100.62,79.2,113.45,10.72,1734.41,2379.0,Critical
78.64,73.07,116.6,9.19,2063.23,1308.0,Healthy
83.8,72.36,117.15,8.93,1938.73,1469.0,Warning
75.82,66.11,118.56,9.24,2191.08,552.0,Healthy
90.46,84.46,114.16,10.08,1648.23,2818.0,Critical
94.02,81.24,112.18,9.87,1609.59,2811.0,Critical
72.76,67.88,119.05,8.19,2063.57,432.0,Healthy
80.73,71.38,116.67,9.4,1981.7,1035.0,Healthy
91.8,91.32,113.89,10.02,1567.19,2982.0,Critical
70.01,57.4,120.87,7.86,2140.84,8.0,Healthy
81.66,73.28,115.04,8.51,1937.44,986.0,Healthy
86.82,73.94,113.6,9.09,1811.57,1454.0,Warning
83.29,77.67,117.56,8.56,1898.2,1207.0,Healthy
79.9,65.31,119.17,9.39,2063.04,977.0,Healthy
83.62,76.97,114.32,9.55,1973.58,1622.0,Warning
73.56,64.36,121.54,8.55,2150.84,646.0,Healthy
84.43,78.03,114.97,9.11,2062.15,1479.0,Warning
86.79,81.08,113.56,9.55,1738.18,2272.0,Critical
86.46,73.99,112.37,9.29,1932.91,2031.0,Warning
73.23,54.4,120.74,8.95,2149.53,313.0,Healthy
100.48,92.86,110.89,10.23,1586.64,2721.0,Critical
76.83,65.47,117.13,8.74,2087.05,527.0,Healthy
90.35,74.11,111.88,9.99,1677.94,2606.0,Critical
76.5,71.72,118.47,8.55,1937.72,941.0,Healthy
92.86,85.55,112.87,10.0,1565.47,2032.0,Critical
78.62,64.04,116.6,8.09,1977.25,643.0,Healthy
74.94,63.47,117.34,8.94,2159.99,609.0,Healthy
86.54,74.85,117.14,8.94,1918.81,1479.0,Warning
70.44,64.6,119.32,7.85,2319.24,113.0,Healthy
78.91,67.06,118.59,8.89,2010.87,845.0,Healthy
86.93,86.11,113.97,9.53,1654.31,1972.0,Critical
99.93,88.52,106.5,10.01,1521.9,2652.0,Critical
69.09,61.74,121.09,7.15,2227.93,304.0,Healthy
98.84,81.75,109.9,10.08,1511.18,3336.0,Critical
93.11,83.25,111.48,10.23,1639.27,2543.0,Critical
95.74,87.67,113.61,9.92,1616.28,3084.0,Critical
90.23,81.13,115.19,9.97,1586.02,1960.0,Warning
90.99,82.13,114.0,9.68,1790.25,2420.0,Warning
87.13,78.34,115.84,9.75,1913.24,2000.0,Warning
92.76,81.18,114.94,9.34,1765.19,1948.0,Warning
101.8,86.75,112.95,10.2,1549.68,2629.0,Failed
74.01,64.58,121.33,7.66,2127.05,272.0,Healthy
84.61,76.18,117.0,8.75,2090.98,989.0,Healthy
72.45,57.7,118.17,8.01,2153.55,216.0,Healthy
101.58,89.81,110.17,10.75,1537.02,3022.0,Failed
84.64,78.85,115.74,8.86,1833.38,1435.0,Warning
88.61,76.74,113.17,9.52,1503.33,2475.0,Warning
95.78,88.24,110.07,9.83,1698.92,3103.0,Critical
101.24,93.13,110.75,10.49,1506.07,3092.0,Failed
74.76,60.42,116.03,9.2,2016.72,571.0,Healthy
95.22,86.12,112.13,8.6,1809.17,2618.0,Critical
99.22,85.81,111.35,10.2,1613.96,3097.0,Critical
71.4,61.28,119.68,8.59,2149.31,169.0,Healthy
83.79,81.65,113.74,9.68,1753.59,2730.0,Critical
85.68,74.58,117.53,9.1,1981.13,982.0,Healthy
88.57,79.12,116.85,10.09,1773.86,2321.0,Warning
82.95,74.03,114.08,9.17,1791.47,1464.0,Warning
74.42,66.45,117.82,8.39,2073.89,894.0,Healthy
73.05,63.03,118.97,8.71,2180.57,512.0,Healthy
71.82,60.27,119.08,8.49,2069.88,387.0,Healthy
70.89,61.68,117.07,8.23,1976.08,382.0,Healthy
87.09,79.49,111.85,9.84,1829.55,2295.0,Warning
82.13,71.76,116.5,9.26,2004.29,1215.0,Healthy
82.59,70.11,115.47,8.52,2115.72,575.0,Healthy
93.22,81.48,112.58,9.85,1719.38,1793.0,Warning
93.97,79.18,112.16,9.93,1796.22,2555.0,Warning
85.04,73.14,114.16,9.16,1770.35,1861.0,Warning
98.36,88.93,112.35,10.81,1530.6,3049.0,Failed
82.84,71.21,114.53,8.55,1846.46,988.0,Healthy
93.1,84.82,112.95,10.04,1707.49,2273.0,Critical
70.98,63.04,118.39,8.49,2143.66,259.0,Healthy
94.76,83.75,111.93,9.43,1700.67,2116.0,Critical
102.92,90.46,110.81,10.82,1542.75,2981.0,Failed
95.6,84.89,111.12,10.19,1588.3,3066.0,Critical
83.8,74.99,112.86,9.98,1860.03,1725.0,Warning
87.92,76.96,113.18,9.81,1893.9,2020.0,Warning
76.27,73.14,113.8,8.82,2031.07,936.0,Healthy
90.61,79.11,113.78,9.79,1586.5,2171.0,Warning
93.88,79.07,107.64,10.03,1669.51,2679.0,Critical
99.13,93.43,111.35,11.3,1513.66,2848.0,Failed
85.5,71.95,116.0,9.27,1954.66,1626.0,Warning
73.09,61.94,121.79,8.1,2113.16,203.0,Healthy
88.65,79.35,117.31,9.41,1699.67,2147.0,Warning
69.97,63.58,120.21,8.37,2183.53,360.0,Healthy
76.58,59.91,116.61,8.16,2027.13,907.0,Healthy
81.09,71.03,119.97,8.67,1919.95,1040.0,Healthy
96.67,85.91,110.9,9.42,1667.47,1902.0,Critical
74.7,67.87,115.31,8.11,1958.45,489.0,Healthy
76.63,58.6,121.12,8.74,2097.58,618.0,Healthy
73.98,67.73,120.45,8.12,2144.22,120.0,Healthy
95.61,82.22,108.45,9.89,1631.37,3123.0,Critical
94.25,77.57,111.03,9.67,1698.15,2651.0,Warning
74.8,63.54,120.43,8.0,2174.88,145.0,Healthy
74.99,62.21,118.41,8.09,2143.77,87.0,Healthy
88.14,77.0,113.32,8.79,1788.56,1597.0,Warning
85.56,66.77,120.12,8.27,1911.85,781.0,Healthy
86.06,81.89,117.26,8.92,1864.87,1808.0,Warning
89.41,72.92,115.87,8.73,1892.44,1385.0,Warning
100.0,83.0,110.54,10.02,1394.55,2925.0,Failed
82.66,72.33,118.48,8.31,1871.7,965.0,Healthy
89.41,81.03,112.37,10.0,1807.6,2427.0,Warning
74.16,64.97,116.11,8.87,2158.7,150.0,Healthy
102.96,90.39,106.3,10.72,1529.3,2852.0,Failed
96.16,96.6,110.08,10.23,1513.25,3443.0,Failed
91.68,81.24,113.93,9.93,1721.64,2735.0,Critical
77.53,74.0,115.37,9.14,1996.8,1691.0,Warning
76.06,68.76,119.02,8.31,2081.61,836.0,Healthy
91.93,83.46,113.24,10.56,1655.83,2910.0,Critical
91.44,84.5,114.72,10.64,1638.85,2801.0,Critical
85.43,57.82,118.06,7.97,1921.22,834.0,Healthy
88.69,73.32,115.9,9.7,1922.11,1533.0,Warning
79.57,73.57,115.32,8.92,1920.46,1603.0,Warning
96.46,84.37,111.35,9.96,1709.49,2442.0,Critical
92.91,77.88,110.8,9.82,1858.28,2537.0,Warning
88.28,82.01,115.33,10.23,1656.99,2222.0,Warning
90.03,77.98,112.93,9.74,1696.0,2409.0,Warning
78.94,68.71,116.63,8.84,2064.13,766.0,Healthy
77.11,71.04,115.47,9.27,1939.9,1127.0,Healthy
68.28,62.87,117.53,8.52,2283.51,122.0,Healthy
94.13,87.9,112.0,10.17,1633.65,2954.0,Critical
83.29,73.58,116.44,9.49,2056.98,1558.0,Warning
81.02,75.67,114.56,8.86,1897.71,1550.0,Warning
74.98,67.8,119.1,7.92,2158.46,766.0,Healthy
76.01,64.76,117.35,9.25,1860.85,539.0,Healthy
90.29,77.21,111.82,9.05,1827.43,2234.0,Warning
76.75,66.13,119.74,8.37,2039.08,710.0,Healthy
76.79,63.63,119.66,8.03,1987.56,185.0,Healthy
90.94,83.35,113.62,9.72,1661.52,2804.0,Critical
81.87,68.91,117.57,8.65,1837.45,1063.0,Healthy
80.34,70.74,114.78,9.14,1892.26,1057.0,Healthy
84.7,68.36,114.9,9.27,1922.49,1364.0,Warning
92.11,83.9,113.4,10.29,1619.64,2565.0,Critical
85.41,69.63,119.54,9.02,2003.92,1185.0,Healthy
87.67,88.17,112.51,9.73,1681.95,2907.0,Critical
103.33,92.23,109.66,10.18,1730.67,2717.0,Failed
90.1,76.72,115.91,10.1,1758.13,1862.0,Warning
84.61,73.56,114.74,8.87,1906.82,1364.0,Warning
96.44,83.09,113.02,9.65,1710.22,2337.0,Critical
86.31,73.05,114.78,9.52,1877.37,1655.0,Warning
80.24,71.93,116.26,9.03,1783.18,1112.0,Warning
87.56,74.7,113.33,9.11,1887.65,1453.0,Warning
85.13,75.15,116.26,8.6,2080.85,896.0,Healthy
70.47,61.88,118.02,8.71,2251.44,278.0,Healthy
88.8,73.47,116.84,9.27,1964.75,1096.0,Warning
74.87,56.13,119.01,8.4,2091.79,399.0,Healthy
81.01,74.78,117.22,8.56,1933.73,1518.0,Warning
84.03,80.26,113.19,9.49,1953.06,2012.0,Warning
97.25,84.77,110.38,10.24,1530.59,2612.0,Failed
65.22,59.55,120.58,7.73,2079.16,99.0,Healthy
87.4,80.0,115.07,9.31,1941.73,2078.0,Warning
82.94,73.79,113.25,9.42,1798.14,1365.0,Warning
67.38,62.01,120.27,8.55,2060.07,65.0,Healthy
79.73,66.62,116.28,8.2,2050.85,868.0,Healthy
72.9,69.14,120.18,7.92,2149.76,440.0,Healthy
74.6,64.49,120.62,8.82,2084.89,607.0,Healthy
77.26,76.31,113.34,8.52,2078.06,727.0,Healthy
83.1,75.76,115.0,9.22,1906.15,1144.0,Warning
86.09,78.37,115.11,9.15,1817.89,1729.0,Warning
67.93,56.91,119.98,8.23,2153.45,3.0,Healthy
75.23,67.59,119.79,7.86,2097.64,482.0,Healthy
72.65,64.62,119.18,8.45,2177.86,276.0,Healthy
83.07,70.13,113.71,8.53,1887.77,1484.0,Warning
79.01,65.66,115.18,9.19,1897.82,1255.0,Healthy
88.19,77.52,112.73,9.36,1716.42,2004.0,Warning
78.37,66.25,116.67,8.73,2115.52,736.0,Healthy
70.04,59.18,118.91,8.16,2140.72,89.0,Healthy
100.27,91.48,111.16,9.67,1462.23,2754.0,Failed
70.31,60.6,118.68,8.82,1976.17,394.0,Healthy
70.96,62.44,117.76,8.45,2223.79,435.0,Healthy
73.64,62.46,117.02,8.67,2119.47,419.0,Healthy
103.93,90.97,109.13,10.13,1556.75,3359.0,Failed
89.02,73.37,112.98,9.64,1802.63,1986.0,Warning
87.48,76.82,112.77,9.0,1789.8,1951.0,Warning
104.23,84.43,111.14,10.53,1507.45,3700.0,Failed
71.79,61.71,121.17,7.85,2132.47,270.0,Healthy
105.94,91.4,108.49,12.44,1439.7,3640.0,Failed
74.59,68.34,119.64,8.75,1915.96,739.0,Healthy
85.66,76.51,114.81,10.09,1943.5,1932.0,Warning
82.1,74.2,116.07,8.95,1908.98,1492.0,Warning
80.77,70.96,118.45,9.12,1896.23,1039.0,Healthy
95.51,92.02,110.43,10.69,1484.05,2981.0,Failed
82.28,64.09,119.11,7.94,2179.51,394.0,Healthy
100.87,80.99,110.21,10.22,1513.63,2803.0,Failed
82.77,74.06,116.28,9.34,1865.54,1144.0,Healthy
88.08,78.09,114.2,9.53,1721.57,1737.0,Warning
97.3,88.21,110.39,10.12,1547.37,3582.0,Failed
74.8,62.74,120.12,7.89,2128.75,212.0,Healthy
92.66,83.41,109.77,9.82,1619.2,2368.0,Failed
83.61,77.26,113.36,8.64,1972.46,1526.0,Warning
90.39,82.74,111.94,9.08,1673.17,2651.0,Critical
78.53,65.57,117.96,8.39,2072.78,382.0,Healthy
84.88,74.2,116.19,9.6,1760.23,2018.0,Warning
91.45,83.18,112.57,10.69,1716.26,2218.0,Warning
83.77,70.69,116.42,9.12,1723.8,1492.0,Warning
78.54,62.77,118.85,7.88,2179.46,404.0,Healthy
72.57,66.92,116.9,8.6,1922.38,738.0,Healthy
97.84,86.52,113.42,10.42,1537.42,3102.0,Critical
70.44,60.06,120.76,8.5,2182.58,103.0,Healthy
94.04,84.95,112.91,10.15,1813.99,2636.0,Critical
97.52,90.87,109.88,10.73,1432.09,3217.0,Failed
70.3,60.45,120.07,8.06,2179.83,27.0,Healthy
74.52,65.61,116.1,8.7,2110.75,574.0,Healthy
87.22,82.42,112.02,9.21,1674.37,2126.0,Warning
67.96,62.52,120.09,7.35,2148.37,218.0,Healthy
85.95,72.27,111.73,10.31,1659.91,2161.0,Warning
90.91,83.79,112.04,9.69,1678.98,2593.0,Warning
85.37,78.0,113.53,9.68,1886.73,1563.0,Warning
79.97,73.01,120.7,7.79,2009.62,1313.0,Healthy
85.26,79.7,114.04,10.36,1676.4,2380.0,Warning
86.72,72.35,115.7,9.95,1702.95,2054.0,Warning
79.3,59.39,116.72,7.89,2037.67,778.0,Healthy
89.01,74.06,114.91,9.28,1688.71,1470.0,Warning
96.2,88.01,108.54,10.31,1566.92,3110.0,Critical
90.74,83.9,112.84,9.16,1700.41,2027.0,Warning
81.67,75.06,116.04,9.37,1834.02,1572.0,Warning
84.52,66.49,114.66,9.22,1963.6,920.0,Healthy
78.78,60.22,119.73,8.34,2182.82,252.0,Healthy
77.83,71.42,118.27,7.99,1945.67,819.0,Healthy
78.11,56.4,118.98,7.61,2268.78,34.0,Healthy
97.56,95.9,108.88,10.42,1599.38,2902.0,Failed
72.92,72.3,116.7,8.46,2220.24,580.0,Healthy
92.32,90.85,111.33,9.95,1653.29,2246.0,Critical
74.4,66.2,117.84,8.32,2199.79,563.0,Healthy
85.44,67.48,117.93,7.99,2079.59,873.0,Healthy
81.7,73.62,115.02,9.37,1922.44,1087.0,Warning
77.15,72.46,119.16,9.06,1875.55,976.0,Healthy
91.26,82.0,114.41,10.2,1712.77,2417.0,Critical
102.15,85.43,110.78,10.57,1548.79,2733.0,Failed
99.25,85.41,110.73,10.07,1730.28,2427.0,Critical
73.15,62.29,117.66,8.14,2151.71,395.0,Healthy
87.67,87.02,112.71,9.53,1740.78,2614.0,Critical
71.05,62.59,119.26,8.99,2050.17,524.0,Healthy
102.57,87.69,110.56,10.28,1580.2,2610.0,Failed
87.6,78.49,114.23,8.63,1683.6,1541.0,Warning
80.29,73.93,117.17,8.83,2008.89,1249.0,Healthy
80.32,65.34,118.53,7.56,2187.5,596.0,Healthy
76.23,61.51,119.02,8.13,2303.09,39.0,Healthy
77.33,64.39,117.69,8.68,1998.04,761.0,Healthy
97.37,90.49,109.95,10.07,1415.09,3494.0,Failed
92.17,87.71,110.9,9.62,1598.91,2100.0,Critical
98.24,83.48,110.29,10.65,1514.92,2849.0,Failed
68.56,68.31,118.13,8.22,2162.17,326.0,Healthy
83.29,75.66,112.98,8.7,1623.12,1703.0,Warning
72.55,69.5,119.0,9.12,2011.63,962.0,Healthy
89.54,76.52,113.98,8.98,1736.94,1755.0,Warning
74.93,69.43,119.56,8.27,2091.4,1186.0,Healthy
84.35,67.88,118.11,9.25,1814.78,846.0,Healthy
85.02,74.24,113.03,9.86,1879.32,1591.0,Warning
80.71,67.07,119.91,8.29,2058.92,684.0,Healthy
82.98,73.22,114.23,8.67,1707.85,1488.0,Warning
84.83,75.6,116.45,9.26,1878.63,2327.0,Warning
77.7,60.74,119.06,8.15,2218.29,380.0,Healthy
102.12,84.04,111.51,10.81,1648.58,2513.0,Failed
82.45,73.6,114.99,9.78,1853.44,1705.0,Warning
93.59,86.04,112.2,10.12,1572.61,2374.0,Critical
86.9,77.48,113.12,9.89,1747.47,2441.0,Warning
90.94,84.23,111.51,9.69,1746.68,2085.0,Critical
91.81,81.13,113.35,9.44,1655.31,2096.0,Critical
95.2,85.38,112.79,9.59,1518.81,3085.0,Critical
82.95,78.46,112.08,9.66,1809.93,1867.0,Warning
76.6,72.53,119.53,9.06,2020.88,763.0,Healthy
75.1,58.87,119.91,8.04,2204.42,285.0,Healthy
87.56,83.16,113.28,9.99,1897.47,2067.0,Warning
71.01,64.87,118.65,8.01,2222.06,180.0,Healthy
74.45,67.17,120.38,8.64,1938.91,833.0,Healthy
69.99,65.37,120.8,8.06,2156.47,229.0,Healthy
90.69,75.5,116.22,9.87,1846.74,1501.0,Warning
71.39,65.67,118.02,8.6,2152.5,468.0,Healthy
90.47,76.69,114.73,9.5,1841.36,1829.0,Warning
93.87,86.63,112.62,10.01,1641.75,2619.0,Critical
95.39,82.53,111.52,9.58,1585.45,2785.0,Critical
77.09,69.13,117.07,7.88,2064.01,1174.0,Healthy
85.41,78.51,116.18,9.16,1845.94,2096.0,Warning
86.87,80.03,116.77,9.33,1828.41,1672.0,Warning
82.62,71.72,114.89,9.39,1812.61,1336.0,Warning
90.65,81.91,111.48,9.57,1909.41,1886.0,Warning
77.67,63.36,120.36,8.34,2072.86,702.0,Healthy
105.9,82.93,112.69,9.27,1507.58,2843.0,Failed
73.78,60.7,119.62,8.46,2151.27,353.0,Healthy
89.14,87.38,114.4,10.16,1609.01,2614.0,Critical
91.31,77.79,114.55,9.81,1681.03,1529.0,Warning
76.73,65.74,116.19,8.62,2052.5,873.0,Healthy
98.41,82.54,110.58,10.32,1561.9,2312.0,Critical
76.95,62.6,117.17,7.99,2149.11,324.0,Healthy
91.72,85.1,112.26,9.92,1530.45,2738.0,Critical
89.87,72.86,113.4,9.57,1614.67,1933.0,Warning
71.54,63.02,118.02,8.54,2171.52,301.0,Healthy
72.39,62.76,119.04,8.37,2056.05,257.0,Healthy
94.55,78.43,113.78,10.07,1709.15,2512.0,Critical
82.13,64.65,116.25,8.84,2008.49,1070.0,Healthy
99.36,85.58,110.03,10.15,1589.24,3200.0,Critical
93.09,82.89,111.66,10.27,1616.38,2864.0,Critical
98.4,80.98,114.4,9.08,1700.79,2421.0,Warning
77.26,66.69,117.11,8.44,1952.47,884.0,Healthy
86.45,79.48,113.33,10.41,1779.32,2188.0,Critical
94.2,87.26,112.85,10.1,1497.66,3006.0,Failed
77.17,63.64,123.35,8.2,2116.04,270.0,Healthy
79.55,73.52,117.7,9.37,2031.26,894.0,Healthy
77.52,60.38,118.47,8.54,1986.01,678.0,Healthy
80.17,73.67,114.29,8.65,1781.43,1356.0,Healthy
90.91,81.94,113.13,10.34,1595.49,1976.0,Critical
81.87,75.8,115.35,9.07,1952.49,1452.0,Warning
88.54,80.68,115.63,9.34,1807.1,1590.0,Warning
79.13,67.16,116.27,7.99,2003.46,1081.0,Healthy
75.54,67.07,118.89,8.3,2124.76,422.0,Healthy
79.03,64.25,118.24,8.94,2156.21,862.0,Healthy
94.51,86.17,114.25,9.98,1432.21,3121.0,Critical
83.7,77.34,116.32,8.99,1768.08,1949.0,Warning
76.7,71.48,118.12,8.75,1937.81,1112.0,Healthy
102.78,80.73,113.19,9.73,1645.44,2626.0,Critical
76.37,63.24,118.71,8.06,2218.84,245.0,Healthy
81.64,72.38,118.55,8.43,2088.27,835.0,Healthy
74.88,63.99,116.54,9.24,2021.63,691.0,Healthy
99.59,90.13,109.84,10.58,1375.08,3494.0,Failed
88.74,83.75,115.61,9.07,1906.41,2368.0,Critical
84.6,77.64,114.63,9.57,1767.05,2346.0,Warning
68.38,64.23,120.29,8.0,2203.51,14.0,Healthy
79.51,64.24,118.69,8.94,2171.97,705.0,Healthy
91.59,78.72,113.5,9.53,1723.66,2195.0,Warning
78.48,68.41,112.97,8.88,2037.53,1270.0,Healthy
96.78,88.11,108.86,11.06,1528.48,3266.0,Failed
95.19,82.95,113.28,9.48,1811.02,2106.0,Critical
81.71,75.33,114.15,9.44,1923.26,1292.0,Warning
92.72,80.58,112.34,9.9,1621.3,2033.0,Critical
100.47,87.22,108.4,10.24,1691.65,3112.0,Failed
85.0,75.22,114.31,8.89,1925.51,1483.0,Warning
90.04,83.47,113.57,10.15,1701.52,2387.0,Warning
95.6,89.45,112.2,10.48,1444.36,2872.0,Failed
75.81,73.0,119.2,8.86,2081.73,866.0,Healthy
93.2,88.26,110.03,10.57,1690.14,2728.0,Critical
68.24,64.48,119.48,8.38,2162.68,349.0,Healthy
89.11,81.49,111.38,9.2,1772.49,1757.0,Warning
95.93,87.95,112.26,9.33,1776.7,2108.0,Critical
84.3,82.15,115.28,10.15,1817.64,1827.0,Warning
85.68,71.61,114.94,9.32,1800.49,1900.0,Warning
90.87,80.92,115.8,9.58,1718.66,2002.0,Warning
69.04,65.35,119.74,9.1,2138.28,515.0,Healthy
75.66,65.89,118.21,8.11,2089.27,579.0,Healthy
83.04,62.78,116.93,7.67,2098.11,826.0,Healthy
89.59,73.31,113.22,8.77,1811.04,2243.0,Warning
77.65,72.16,113.39,8.89,1945.06,1454.0,Warning
79.31,62.94,115.61,8.66,2056.72,644.0,Healthy
94.24,85.45,112.66,10.76,1659.17,3221.0,Critical
83.29,73.36,118.53,9.27,1997.92,1008.0,Healthy
81.31,71.64,113.92,8.09,1867.11,1495.0,Warning
82.13,72.54,116.01,10.14,1898.14,1128.0,Warning
73.85,62.25,115.82,8.29,2098.55,669.0,Healthy
91.96,82.85,111.22,10.32,1696.83,2784.0,Critical
81.75,74.98,115.91,9.34,1991.22,1297.0,Warning
69.82,56.22,119.06,8.04,2205.57,59.0,Healthy
95.39,86.66,107.49,10.32,1411.32,3586.0,Failed
95.94,80.67,114.42,9.59,1534.41,2881.0,Critical
92.23,83.23,112.69,9.29,1674.38,2571.0,Critical
91.22,86.56,109.65,10.11,1649.38,3005.0,Critical
100.18,87.06,111.12,9.71,1507.21,2402.0,Failed
79.6,69.74,116.5,9.5,2015.86,1018.0,Healthy
88.81,79.3,114.52,9.57,1710.97,1804.0,Warning
90.56,79.29,113.4,10.36,1786.54,1721.0,Warning
79.0,66.53,117.8,8.49,2046.05,842.0,Healthy
80.15,64.75,119.2,8.32,1953.17,642.0,Healthy
72.54,63.24,116.88,8.52,2151.92,368.0,Healthy
92.88,79.21,112.37,9.54,1867.72,2093.0,Warning
93.8,89.61,113.45,10.34,1637.55,2007.0,Critical
94.35,81.68,111.56,10.48,1673.45,2076.0,Critical
80.7,70.36,116.71,9.23,1998.88,1047.0,Healthy
79.88,67.56,117.24,9.06,2063.57,783.0,Healthy
85.77,77.81,114.85,9.46,1884.39,1496.0,Warning
85.08,73.97,113.79,9.15,1812.97,2051.0,Warning
95.65,91.59,108.92,10.75,1431.24,3520.0,Failed
96.1,85.8,111.94,10.47,1623.86,3006.0,Critical
95.2,94.99,112.43,10.04,1472.76,3036.0,Failed
92.35,86.6,111.23,9.93,1634.94,2808.0,Critical
92.55,85.25,111.78,10.37,1580.89,2718.0,Failed
79.32,73.37,114.61,9.61,1906.7,1291.0,Warning
77.38,65.43,118.7,8.17,2096.08,140.0,Healthy
70.54,62.75,119.78,8.21,2166.74,249.0,Healthy
87.42,71.53,116.74,8.91,1909.71,1138.0,Healthy
78.94,69.89,117.25,8.5,1972.43,723.0,Healthy
74.95,64.06,119.32,7.96,2246.13,599.0,Healthy
94.09,87.96,108.54,10.7,1460.9,2895.0,Failed
75.88,63.03,117.59,8.08,2102.78,646.0,Healthy
104.46,93.97,111.85,10.43,1650.5,2945.0,Failed
97.5,79.16,113.83,9.74,1698.04,2376.0,Critical
90.05,79.74,114.84,9.91,1702.13,1990.0,Warning
86.83,81.72,114.77,9.55,1682.69,2229.0,Warning
77.07,69.9,116.13,8.43,1856.21,947.0,Healthy
86.84,75.63,110.98,10.01,1754.98,2468.0,Warning
79.44,62.6,117.74,8.14,2079.74,622.0,Healthy
103.03,89.7,111.58,10.41,1523.55,3235.0,Failed
79.64,66.71,118.18,9.26,2102.65,906.0,Healthy
76.75,61.44,116.66,8.35,2018.38,934.0,Healthy
95.98,82.5,111.44,9.74,1578.18,2155.0,Critical
86.76,77.08,112.13,9.47,1861.8,2381.0,Warning
83.69,75.43,114.67,9.18,1792.21,1286.0,Warning
90.36,78.37,110.83,9.55,1801.09,2296.0,Warning
72.2,64.04,117.61,8.77,2142.65,602.0,Healthy
88.29,80.36,113.34,9.44,1725.61,1899.0,Warning
75.98,64.7,117.15,9.19,2088.58,704.0,Healthy
82.44,65.71,116.78,9.32,2018.53,986.0,Healthy
80.61,64.09,117.34,8.51,2061.09,536.0,Healthy
80.32,66.54,115.82,8.51,1803.95,955.0,Healthy
79.13,72.08,115.85,8.81,1832.98,1075.0,Healthy
81.83,72.7,116.52,9.09,2105.79,1735.0,Warning
75.72,61.36,118.09,9.18,2128.97,717.0,Healthy
74.14,64.11,122.82,8.44,2168.86,570.0,Healthy
85.96,76.56,114.08,9.91,2025.53,1865.0,Warning
75.11,62.53,119.37,8.37,2084.63,414.0,Healthy
89.45,81.87,112.65,9.74,1710.35,2016.0,Warning
97.75,90.04,110.06,10.22,1411.11,2589.0,Failed
82.25,80.01,118.08,8.96,1881.95,1162.0,Warning
96.08,90.49,112.49,10.61,1547.84,2335.0,Failed
71.63,58.04,116.38,7.95,2103.8,332.0,Healthy
73.58,60.21,118.04,8.49,2257.94,125.0,Healthy
86.33,80.84,112.58,10.38,1756.19,2387.0,Critical
97.55,84.56,111.61,9.67,1744.83,2685.0,Critical
95.7,82.49,109.31,10.59,1516.19,2163.0,Critical
73.53,60.11,119.61,8.56,2166.43,178.0,Healthy
95.48,79.57,109.41,10.29,1687.55,2259.0,Critical
79.17,69.49,116.42,8.69,2089.76,1260.0,Healthy
76.36,67.41,118.06,8.71,2000.89,832.0,Healthy
72.09,64.25,119.58,8.38,2069.68,569.0,Healthy
99.14,86.32,109.82,11.33,1593.61,3297.0,Failed
74.01,64.86,121.63,8.16,2138.67,215.0,Healthy
93.06,86.23,112.23,9.99,1662.59,2224.0,Critical
91.01,74.84,114.87,9.14,1791.48,2439.0,Warning
84.95,82.13,111.54,9.45,1647.73,2292.0,Critical
90.19,76.66,115.17,9.51,1650.38,2240.0,Critical
99.25,89.78,111.41,10.29,1596.57,2987.0,Critical
75.0,70.36,120.53,7.89,2036.72,688.0,Healthy
67.54,59.86,122.03,7.74,2079.56,3.0,Healthy
85.99,75.4,114.4,8.75,1838.75,2043.0,Warning
71.53,68.62,117.07,9.45,1997.93,1221.0,Healthy
70.68,62.35,118.49,8.35,2053.93,424.0,Healthy
78.76,65.26,116.91,8.59,2002.52,605.0,Healthy
78.2,74.06,117.58,8.39,2006.86,1068.0,Healthy
70.71,64.97,120.11,8.64,2291.0,223.0,Healthy
64.71,64.62,117.0,8.74,2241.82,201.0,Healthy
92.59,87.99,110.72,10.32,1654.83,2893.0,Failed
82.93,65.9,118.18,8.59,1957.17,854.0,Healthy
101.32,87.16,112.38,10.68,1545.68,3129.0,Failed
95.04,89.11,111.44,10.7,1514.35,3255.0,Failed
72.39,60.67,116.3,8.7,2042.11,468.0,Healthy
91.36,82.36,111.27,10.05,1715.21,2395.0,Critical
84.44,80.44,113.47,9.89,1710.02,1832.0,Warning
84.71,82.36,115.19,9.45,1656.94,1923.0,Warning
72.41,64.4,118.13,8.61,2097.06,335.0,Healthy
77.37,60.06,119.7,8.29,2040.93,492.0,Healthy
74.07,66.3,118.3,7.19,2143.99,221.0,Healthy
90.75,73.42,114.76,9.33,1611.8,2268.0,Warning
94.94,89.14,108.72,10.24,1434.8,2991.0,Failed
90.33,82.02,112.99,9.78,1855.28,2008.0,Warning
90.52,82.4,111.19,10.11,1701.76,1933.0,Critical
99.28,85.7,112.32,10.54,1555.7,2837.0,Failed
89.71,77.05,112.18,10.5,1758.68,2030.0,Warning
69.22,62.07,117.28,7.89,2163.21,117.0,Healthy
86.96,87.54,108.89,9.37,1522.46,2496.0,Critical
84.43,67.62,116.23,9.02,1900.73,1368.0,Healthy
71.12,61.31,119.27,7.79,2353.62,14.0,Healthy
80.76,70.67,115.9,8.83,1802.27,1331.0,Warning
99.53,89.98,110.28,10.22,1681.82,3516.0,Failed
76.38,65.07,119.18,8.33,1986.64,925.0,Healthy
83.49,74.99,114.51,8.95,1830.41,1321.0,Warning
72.91,64.95,119.8,9.04,2084.47,497.0,Healthy
73.34,65.21,117.99,8.19,2145.53,162.0,Healthy
70.02,63.14,116.94,8.1,2068.53,277.0,Healthy
88.52,80.01,111.49,10.46,1689.96,2421.0,Critical
99.32,87.0,109.67,10.04,1477.38,3059.0,Critical
73.76,70.73,116.71,7.87,2128.84,460.0,Healthy
78.21,70.87,117.74,8.19,2016.16,850.0,Healthy
77.93,65.67,117.65,8.46,2121.75,560.0,Healthy
68.8,58.3,119.94,7.41,2141.45,92.0,Healthy
85.2,74.75,115.26,8.91,1871.66,1682.0,Warning
91.91,83.04,110.47,9.6,1744.51,2151.0,Warning
84.81,76.78,114.38,10.07,1756.69,1833.0,Warning
82.3,71.65,114.31,9.49,2086.53,1384.0,Healthy
84.38,80.96,113.58,9.65,1849.16,1853.0,Warning
75.39,63.27,116.22,8.23,2097.02,268.0,Healthy
76.27,61.39,119.44,8.16,2214.89,477.0,Healthy
99.2,94.49,108.15,10.48,1588.56,3227.0,Failed
88.02,88.13,110.58,10.62,1809.25,2623.0,Critical
97.37,89.19,109.08,10.36,1405.69,2894.0,Failed
93.97,91.33,110.64,10.11,1534.28,3115.0,Failed
89.37,78.68,113.27,9.56,1721.58,2180.0,Warning
90.9,90.02,111.94,10.21,1399.16,2478.0,Failed
77.88,71.23,115.68,9.26,1921.58,1378.0,Warning
73.68,56.04,121.41,7.7,2167.73,9.0,Healthy
72.98,69.65,119.94,8.32,1996.29,224.0,Healthy
72.22,59.07,117.49,8.5,2062.06,396.0,Healthy
70.13,63.75,118.05,8.38,2244.16,250.0,Healthy
77.3,71.41,118.75,8.44,2026.51,1049.0,Healthy
91.64,82.59,114.83,9.69,1652.17,2498.0,Critical
92.69,83.45,113.33,9.77,1587.28,2695.0,Critical
92.35,77.47,115.53,9.45,1855.72,1802.0,Warning
73.84,64.81,119.23,8.1,1940.25,424.0,Healthy
92.61,83.88,113.02,10.37,1723.96,2197.0,Critical
76.48,70.64,116.53,8.96,1805.1,964.0,Healthy
69.31,60.18,122.42,7.39,2322.26,50.0,Healthy
78.95,64.45,116.5,8.17,2056.26,961.0,Healthy
78.8,75.96,117.05,9.31,1821.06,1079.0,Healthy
76.77,69.83,114.7,8.61,1977.59,1048.0,Healthy
95.34,84.98,109.74,9.87,1657.07,2464.0,Critical
97.34,80.92,115.12,10.35,1509.1,2792.0,Critical
91.3,77.86,113.97,9.68,1709.63,2574.0,Warning
77.6,66.75,118.29,7.87,2141.22,377.0,Healthy
96.1,83.76,112.04,9.57,1469.03,3093.0,Critical
93.57,82.18,111.19,9.94,1785.67,2383.0,Warning
74.02,61.79,117.41,9.3,2053.64,585.0,Healthy
88.82,84.08,111.33,9.96,1819.68,1994.0,Warning
83.9,77.21,114.72,9.06,1842.78,1282.0,Warning
84.82,72.94,116.63,9.01,1807.89,1566.0,Warning
75.74,64.77,119.56,8.3,2029.14,331.0,Healthy
85.92,77.77,117.2,8.49,1812.22,1554.0,Warning
75.63,58.99,119.44,8.26,2114.95,322.0,Healthy
73.24,69.96,114.64,8.64,2170.15,527.0,Healthy
76.63,65.43,121.6,9.04,2084.87,374.0,Healthy
101.67,86.51,109.2,10.82,1407.3,2456.0,Failed
80.58,65.26,117.39,9.48,1963.97,989.0,Healthy
81.06,73.62,116.6,9.56,1829.42,1108.0,Healthy
81.8,70.3,117.14,9.36,2002.54,1121.0,Healthy
94.27,88.4,111.09,10.26,1617.61,2745.0,Critical
87.48,76.97,114.47,9.55,1865.95,1709.0,Warning
98.48,84.57,108.83,9.63,1532.39,3420.0,Failed
75.01,70.52,120.88,8.8,1934.07,871.0,Healthy
74.87,62.85,119.83,8.51,2078.76,350.0,Healthy
82.94,76.62,114.52,9.28,1803.34,1676.0,Warning
79.08,77.5,119.31,8.25,1917.39,971.0,Healthy
94.18,86.66,110.37,10.64,1767.43,2261.0,Critical
94.19,89.16,112.51,10.36,1555.12,3316.0,Critical
84.42,82.34,114.44,9.87,1861.01,1268.0,Warning
99.34,90.29,110.89,10.73,1459.94,3370.0,Failed
84.13,76.95,115.11,9.93,1754.59,1496.0,Warning
79.83,66.09,113.79,9.14,1908.51,748.0,Healthy
82.38,73.31,112.96,8.95,1775.44,1710.0,Warning
77.98,54.98,122.01,7.89,2323.66,126.0,Healthy
93.79,86.49,111.58,9.84,1680.71,2422.0,Critical
69.53,59.24,121.99,7.87,2101.88,291.0,Healthy
76.31,71.97,118.88,9.48,1931.35,956.0,Healthy
90.4,76.83,114.02,9.43,1903.1,2079.0,Warning
70.06,61.67,119.11,8.29,2103.06,150.0,Healthy
68.29,62.25,121.68,7.67,2008.22,294.0,Healthy
93.44,85.04,116.19,10.07,1750.73,2038.0,Warning
70.91,65.78,118.85,8.02,2075.62,227.0,Healthy
86.27,74.23,117.54,9.7,1763.36,1629.0,Warning
82.97,67.46,118.16,8.57,1875.52,1245.0,Healthy
77.67,69.61,119.52,9.1,2073.55,762.0,Healthy
82.85,62.74,118.26,8.85,2059.52,495.0,Healthy
87.73,78.24,111.36,9.72,1586.86,2390.0,Critical
96.09,90.04,108.9,10.95,1571.48,3484.0,Failed
73.44,67.86,116.64,8.81,2035.67,500.0,Healthy
105.57,87.58,113.27,10.6,1397.37,3631.0,Failed
93.24,79.06,114.07,9.09,1679.04,2092.0,Warning
93.12,78.0,111.87,9.92,1752.6,1775.0,Warning
88.92,83.46,114.4,9.8,1640.37,2001.0,Critical
89.09,84.41,112.24,9.78,1715.54,2114.0,Critical
92.11,83.81,110.83,10.08,1715.12,2220.0,Critical
82.15,71.42,118.27,9.2,1811.17,1667.0,Warning
90.48,71.63,112.67,8.99,2039.95,1610.0,Warning
78.98,72.49,117.11,8.2,1995.42,910.0,Healthy
72.82,59.75,118.06,7.57,2112.22,301.0,Healthy
92.26,81.06,112.23,9.78,1627.98,2502.0,Warning
66.02,63.34,117.47,7.11,2148.59,119.0,Healthy
78.43,66.77,117.33,8.98,1987.17,819.0,Healthy
69.54,62.33,117.75,8.44,2194.82,336.0,Healthy
74.84,68.72,118.98,8.36,2018.83,713.0,Healthy
87.4,76.74,113.54,10.01,1787.48,2264.0,Warning
86.94,76.13,113.25,9.47,1763.43,1923.0,Warning
83.31,71.93,114.49,9.22,1983.24,1174.0,Warning
73.37,66.54,121.24,7.44,2221.17,322.0,Healthy
82.34,77.83,116.77,8.19,1923.33,1140.0,Warning
81.69,70.29,115.45,8.79,2014.28,1033.0,Healthy
89.01,79.48,110.76,9.97,1785.56,1916.0,Critical
89.42,80.56,111.38,9.83,1837.67,1665.0,Warning
84.13,69.74,116.79,9.16,1878.13,1456.0,Warning
83.16,75.35,116.49,9.32,1891.85,1474.0,Warning
96.6,88.86,111.91,10.73,1652.53,2650.0,Failed
91.96,86.57,112.26,9.84,1679.6,2530.0,Critical
90.52,79.09,116.24,9.48,1910.43,1885.0,Warning
84.19,71.55,116.75,8.75,1810.44,1298.0,Warning
67.36,61.3,119.63,7.4,2301.54,92.0,Healthy
101.03,86.56,110.04,10.14,1576.21,2631.0,Failed
78.16,68.7,115.34,9.11,1948.95,1080.0,Healthy
78.53,69.53,118.08,8.36,2015.24,709.0,Healthy
98.17,88.98,110.84,10.76,1482.94,3694.0,Failed
95.4,82.14,112.2,9.39,1697.32,1862.0,Critical
69.65,64.29,119.09,7.89,2183.63,134.0,Healthy
76.05,66.4,119.06,8.25,2140.94,210.0,Healthy
67.62,61.63,120.93,7.8,2055.11,87.0,Healthy
87.11,78.34,111.94,9.3,1922.22,1886.0,Warning
76.35,58.83,117.63,7.14,2171.21,206.0,Healthy
98.51,92.76,109.04,10.67,1568.33,3133.0,Failed
104.92,89.59,110.41,10.29,1540.32,3588.0,Failed
85.57,76.79,115.01,8.99,1890.41,1845.0,Warning
89.27,78.75,112.23,10.27,1772.21,1719.0,Warning
84.47,69.84,118.44,8.41,1970.8,1090.0,Healthy
67.38,64.23,121.55,7.95,2135.46,222.0,Healthy
87.21,84.81,113.25,9.46,1783.88,2454.0,Critical
70.67,67.89,120.67,8.7,2144.94,284.0,Healthy
75.01,63.29,117.77,8.79,2137.3,252.0,Healthy
74.51,74.6,115.55,9.31,1947.31,987.0,Healthy
72.17,63.55,120.65,8.56,2165.63,41.0,Healthy
84.6,72.84,115.6,8.85,1982.63,1306.0,Warning
97.27,76.23,111.58,10.44,1631.32,2399.0,Critical
97.18,84.3,114.12,9.93,1692.63,2220.0,Critical
89.22,82.8,114.41,8.89,1833.51,2182.0,Warning
99.48,83.08,112.58,9.95,1624.44,2354.0,Critical
83.81,72.44,114.92,9.15,1900.26,1538.0,Warning
94.08,85.96,114.03,9.86,1487.3,2960.0,Critical
81.76,78.02,114.7,9.32,1898.6,1796.0,Warning
74.98,65.53,119.3,8.77,1916.27,665.0,Healthy
98.2,85.72,109.68,10.52,1552.44,2793.0,Failed
78.77,69.96,117.5,8.95,2011.69,991.0,Healthy
64.38,58.56,120.57,7.99,2243.1,95.0,Healthy
76.62,61.77,120.57,8.32,1958.47,803.0,Healthy
81.09,76.52,115.67,8.33,1867.71,1119.0,Healthy
82.18,73.32,116.79,8.84,1996.82,1151.0,Healthy
90.62,81.39,115.64,9.1,1819.07,1816.0,Warning
97.05,89.12,109.05,10.16,1420.44,3152.0,Critical
76.04,70.81,113.82,7.9,1994.87,917.0,Healthy
80.17,76.73,113.3,8.69,1980.08,1862.0,Warning
82.27,69.65,118.05,9.05,2005.79,1150.0,Healthy
92.05,86.19,114.36,9.4,1529.91,2991.0,Critical
77.33,63.07,117.04,8.32,2127.25,565.0,Healthy
77.3,59.9,117.14,7.93,2206.17,320.0,Healthy
80.46,74.09,117.27,8.9,1709.9,1783.0,Warning
91.82,84.03,112.43,9.71,1706.68,2240.0,Warning
97.74,80.17,111.49,10.0,1747.1,2712.0,Critical
90.75,74.04,116.29,9.69,1665.33,1681.0,Warning
86.93,84.99,114.2,9.49,1635.91,2747.0,Critical
79.22,70.54,117.47,8.63,1907.89,1063.0,Healthy
67.15,62.44,117.1,8.53,2143.75,92.0,Healthy
75.05,66.45,116.95,8.2,2228.8,349.0,Healthy
72.4,62.55,121.29,8.24,2270.68,137.0,Healthy
71.77,67.97,117.19,8.62,1945.54,1017.0,Healthy
83.96,78.71,113.88,9.42,1771.79,1661.0,Warning
83.09,72.92,115.92,7.9,2052.41,1331.0,Healthy
87.26,76.9,116.06,9.86,1869.57,1946.0,Warning
84.86,74.35,117.49,9.02,1862.23,1742.0,Warning
89.24,81.46,113.21,9.2,1777.83,1851.0,Warning
86.83,79.07,112.3,9.24,1784.93,1759.0,Warning
79.49,64.65,116.41,8.69,1907.39,913.0,Healthy
80.54,72.64,118.55,8.82,1910.13,1284.0,Healthy
89.4,79.63,116.13,9.52,1790.85,2045.0,Warning
89.98,70.99,114.33,9.01,1627.83,1818.0,Warning
79.7,70.97,116.06,9.14,1952.3,1172.0,Healthy
83.19,75.18,118.32,8.62,1905.39,1123.0,Healthy
89.7,77.44,115.49,9.51,1727.88,2488.0,Warning
85.09,79.2,111.35,9.53,1656.72,1730.0,Warning
75.48,63.51,118.3,8.6,2139.82,490.0,Healthy
83.61,78.21,117.32,9.09,1909.07,1406.0,Warning
98.27,90.14,111.18,10.01,1566.96,2382.0,Critical
67.3,58.45,118.9,7.96,2212.12,95.0,Healthy
101.03,86.68,111.73,10.63,1648.77,2809.0,Critical
77.03,71.8,118.92,8.83,2066.74,540.0,Healthy
84.35,73.34,113.24,9.41,1847.76,1416.0,Warning
79.92,72.7,115.89,9.12,1848.67,1253.0,Warning
73.54,61.84,120.45,8.95,2137.68,31.0,Healthy
94.16,85.63,110.11,10.47,1685.67,2356.0,Failed
90.43,78.94,114.28,9.21,1865.37,1730.0,Warning
96.79,87.21,109.65,10.3,1531.07,3456.0,Failed
83.76,64.44,115.68,8.86,1993.1,826.0,Healthy
95.43,84.41,112.61,8.95,1623.33,3154.0,Critical
102.41,89.63,109.3,10.72,1510.81,3081.0,Failed
84.5,74.31,114.72,8.88,1774.39,1553.0,Warning
76.14,66.99,117.41,8.22,2133.09,724.0,Healthy
92.97,82.25,112.09,9.15,1601.34,1839.0,Warning
88.46,72.84,116.57,9.08,1830.67,1703.0,Warning
101.64,86.64,110.36,10.23,1473.16,3330.0,Failed
81.72,74.23,114.6,9.45,1731.79,1629.0,Warning
78.31,70.16,116.17,9.19,2005.55,786.0,Healthy
77.89,62.53,119.13,9.12,2010.84,461.0,Healthy
88.84,81.41,114.25,9.79,1604.29,2542.0,Warning
100.94,88.37,112.17,10.35,1725.79,3573.0,Failed
70.19,63.03,119.47,8.38,2223.53,73.0,Healthy
92.83,83.77,112.25,9.51,1727.02,1985.0,Critical
98.06,86.69,110.93,9.93,1546.89,2597.0,Failed
69.88,63.68,119.5,8.04,2052.12,193.0,Healthy
72.52,62.07,117.74,8.26,2109.64,408.0,Healthy
91.19,82.13,115.27,8.9,1687.21,1830.0,Warning
89.13,80.85,113.55,10.05,1592.48,2418.0,Warning
76.78,69.18,120.11,8.27,2295.12,203.0,Healthy
98.06,84.02,112.29,10.41,1608.75,2216.0,Critical
86.57,75.28,115.37,8.68,1766.98,1593.0,Warning
94.93,85.27,109.42,10.0,1574.81,3168.0,Failed
93.87,83.24,111.21,9.91,1475.12,2399.0,Critical
100.3,83.01,115.3,9.95,1556.22,3072.0,Critical
82.45,77.47,117.22,9.28,1961.79,1437.0,Warning
77.89,69.76,117.72,8.98,1982.22,934.0,Healthy
86.26,76.07,114.39,9.3,1844.36,1305.0,Warning
72.09,62.14,115.67,7.96,2137.71,353.0,Healthy
86.76,78.29,112.67,10.52,1724.88,2097.0,Warning
71.66,61.27,118.54,8.23,2063.12,475.0,Healthy
83.7,73.66,114.41,8.92,2023.71,1738.0,Warning
69.5,57.75,119.08,7.38,2102.65,153.0,Healthy
82.97,73.06,117.94,8.78,1918.83,786.0,Healthy
76.94,72.47,116.18,8.86,2076.79,714.0,Healthy
87.03,72.79,114.21,9.09,1663.19,2047.0,Warning
93.92,84.47,111.97,10.22,1730.95,2870.0,Critical
73.72,62.54,118.1,8.18,2143.8,164.0,Healthy
94.47,86.13,114.01,9.42,1615.12,2505.0,Critical
98.53,84.04,112.51,10.4,1621.1,2578.0,Critical
76.45,73.34,115.4,8.75,1933.25,1193.0,Healthy
93.28,81.0,114.19,9.2,1811.95,1793.0,Warning
82.05,75.18,113.89,9.39,1970.15,1300.0,Warning
74.48,62.41,117.46,8.76,2133.38,511.0,Healthy
83.78,71.71,116.7,8.86,1708.79,1706.0,Warning
68.91,63.9,119.66,8.33,2111.66,281.0,Healthy
91.35,83.47,111.62,10.28,1576.17,2737.0,Critical
95.44,90.89,112.24,10.28,1692.01,3533.0,Failed
96.41,78.27,112.7,9.85,1511.75,2577.0,Critical
83.99,75.47,113.98,9.35,1755.18,2043.0,Warning
82.08,74.88,115.83,9.77,1896.21,1823.0,Warning
96.81,88.54,107.62,10.63,1435.67,3291.0,Failed
76.28,68.22,116.52,7.85,1973.85,892.0,Healthy
71.24,63.47,119.1,7.33,2280.75,290.0,Healthy
86.47,78.78,115.2,8.66,1835.9,1540.0,Warning
82.96,72.13,116.22,8.28,2038.49,1086.0,Healthy
83.42,69.16,114.1,8.5,2032.17,900.0,Healthy
76.23,66.54,117.04,7.84,2204.41,19.0,Healthy
83.01,82.05,113.94,9.46,1789.95,2212.0,Warning
75.35,66.99,116.64,8.65,2086.11,1012.0,Healthy
77.73,65.23,116.76,8.45,2000.74,647.0,Healthy
69.85,60.21,117.98,8.56,2310.42,124.0,Healthy
83.51,72.02,116.56,8.24,1902.22,1285.0,Healthy
96.99,83.45,113.16,10.33,1666.57,3361.0,Critical
84.84,67.73,116.83,8.97,2004.8,1256.0,Healthy
93.5,73.87,115.18,9.19,1680.86,2488.0,Warning
95.88,81.5,111.87,10.1,1709.1,2435.0,Critical
78.61,73.04,117.38,8.97,1980.53,930.0,Healthy
94.36,84.19,113.81,10.04,1483.61,2244.0,Critical
89.84,80.47,112.84,8.76,1708.74,1834.0,Warning
82.26,77.61,114.45,9.78,1708.63,1676.0,Warning
74.45,57.02,119.43,8.09,2239.9,3.0,Healthy
73.29,61.13,120.54,8.25,2164.11,120.0,Healthy
98.69,92.4,111.44,9.12,1576.59,3583.0,Failed
97.38,84.39,112.7,9.74,1596.66,2801.0,Critical
96.24,91.06,110.28,9.77,1440.03,2502.0,Failed
91.55,90.86,108.73,10.77,1482.29,2541.0,Failed
73.64,62.6,119.72,7.61,2347.3,78.0,Healthy
89.92,81.62,111.79,10.57,1888.03,3038.0,Critical
82.95,72.5,115.84,9.51,2044.3,1716.0,Warning
94.31,89.48,112.28,10.06,1524.1,2954.0,Critical
71.36,61.14,122.29,8.47,2085.14,18.0,Healthy
81.19,69.19,116.07,8.34,1913.05,1029.0,Healthy
94.28,79.96,110.12,9.57,1736.01,2128.0,Critical
95.44,83.52,110.36,10.35,1813.51,2291.0,Critical
86.22,80.74,112.85,9.17,1838.58,1976.0,Warning
79.92,69.08,118.61,8.22,2004.32,1081.0,Healthy
74.79,67.75,114.95,8.65,1908.79,971.0,Healthy
103.69,88.14,108.59,10.06,1500.41,2754.0,Failed
78.97,76.75,116.23,9.84,1899.64,1636.0,Warning
82.37,75.42,116.8,9.43,1957.63,1308.0,Warning
82.61,78.17,112.15,9.15,1773.44,1960.0,Warning
80.09,73.61,113.25,8.62,1945.44,1449.0,Warning
86.62,73.03,113.29,9.52,1835.14,1479.0,Warning
81.38,73.79,116.66,9.56,1905.39,1353.0,Warning
98.23,88.01,111.95,10.18,1589.66,2256.0,Critical
97.95,86.49,109.78,9.89,1573.34,3169.0,Failed
96.57,90.9,111.79,9.76,1539.85,3272.0,Failed
86.53,78.56,114.54,9.26,1742.45,1662.0,Warning
86.92,75.75,115.42,9.23,1961.26,1518.0,Warning
93.88,81.31,110.53,9.57,1832.31,2181.0,Critical
91.73,87.81,110.46,10.5,1626.78,2748.0,Critical
84.85,72.5,117.31,9.62,1802.23,1935.0,Warning
92.42,81.1,112.5,9.84,1770.71,2544.0,Warning
93.55,84.63,111.07,10.08,1690.01,2393.0,Critical
87.14,81.18,112.66,9.14,1817.75,2339.0,Warning
94.63,85.67,112.72,9.67,1686.21,2175.0,Critical
73.59,65.79,119.24,8.11,2100.84,659.0,Healthy
88.86,73.31,115.95,9.4,1989.82,1332.0,Warning
89.24,72.73,113.1,9.06,1889.63,1869.0,Warning
66.68,59.26,121.88,8.04,2185.72,8.0,Healthy
94.09,87.23,112.66,10.07,1687.34,3200.0,Critical
86.66,80.58,113.23,9.77,1687.56,1766.0,Warning
74.35,59.68,118.52,7.84,2093.53,495.0,Healthy
93.88,88.02,112.74,10.22,1695.24,2310.0,Critical
88.08,78.59,114.44,9.36,1820.44,2385.0,Critical
88.57,82.39,110.14,9.51,1609.08,2259.0,Critical
83.41,70.05,116.19,8.92,1923.38,1455.0,Healthy
96.48,86.88,111.41,10.61,1602.3,2714.0,Critical
82.74,72.7,115.0,8.7,1902.81,1199.0,Warning
87.93,79.15,113.43,8.72,1703.35,1584.0,Warning
68.16,65.55,121.58,7.62,2239.61,2.0,Healthy
89.9,80.54,114.35,9.46,1646.54,2388.0,Warning
99.16,79.82,115.98,10.54,1788.3,2543.0,Critical
90.54,78.4,113.47,9.57,1911.01,1828.0,Warning
84.03,80.73,115.24,8.94,1801.33,1856.0,Warning
92.73,86.27,112.37,9.97,1531.52,2604.0,Critical
81.86,83.28,114.53,10.33,1720.46,1937.0,Warning
81.55,63.56,119.26,8.6,1963.75,795.0,Healthy
101.13,89.93,110.55,10.31,1511.87,3242.0,Failed
89.59,80.41,111.29,9.61,1712.24,2548.0,Critical
95.34,87.6,109.05,10.75,1434.02,3413.0,Failed
95.67,89.07,110.5,10.22,1652.84,2639.0,Failed
98.9,87.89,112.5,10.65,1505.47,2896.0,Failed
92.39,80.79,110.28,10.31,1746.07,1996.0,Critical
90.36,78.85,112.15,9.77,1702.21,2278.0,Warning
75.42,64.64,119.41,8.34,2084.39,464.0,Healthy
89.2,78.41,112.63,8.8,1855.68,2025.0,Warning
94.07,83.64,110.66,9.82,1675.09,2310.0,Critical
88.11,76.75,116.5,9.03,1815.09,1723.0,Warning
89.78,88.99,110.99,9.86,1552.79,3006.0,Critical
69.59,64.95,118.46,8.18,2090.7,398.0,Healthy
80.34,71.41,118.24,9.14,1879.33,1323.0,Healthy
88.42,68.92,113.35,9.02,1872.47,1622.0,Warning
88.61,74.51,113.78,8.53,2043.87,1252.0,Warning
72.76,60.52,121.36,7.89,2152.73,306.0,Healthy
72.77,64.35,118.81,9.06,2140.19,527.0,Healthy
89.26,86.24,112.64,10.31,1700.25,2573.0,Critical
87.12,78.53,114.69,8.83,1824.85,1688.0,Warning
69.81,66.99,119.35,8.64,2021.55,173.0,Healthy
79.37,57.73,118.78,7.95,2188.69,48.0,Healthy
81.99,70.26,115.74,10.09,1936.96,1227.0,Warning
81.25,65.91,119.6,8.52,2245.76,526.0,Healthy
93.4,81.88,113.24,9.99,1627.99,2098.0,Critical
90.77,80.25,113.64,10.32,1731.26,2141.0,Critical
77.55,66.8,118.71,9.17,2061.07,710.0,Healthy
90.08,79.56,112.51,9.3,1754.37,1812.0,Warning
73.96,60.94,118.24,8.95,2008.21,440.0,Healthy
81.62,66.12,116.29,8.51,1940.78,905.0,Healthy
99.11,84.73,112.24,10.08,1623.71,2327.0,Critical
88.11,75.69,115.25,9.36,1916.95,2063.0,Warning
96.53,88.66,111.33,10.58,1361.94,3082.0,Critical
73.23,65.78,119.27,8.43,2083.32,629.0,Healthy
79.67,70.07,113.9,9.49,1923.1,1084.0,Healthy
84.66,80.87,114.39,9.71,1831.92,1602.0,Warning
78.77,71.53,114.42,9.22,1897.26,1555.0,Warning
100.44,87.97,110.4,10.11,1655.33,3327.0,Failed
73.14,65.47,119.68,8.69,2062.46,420.0,Healthy
91.67,88.52,111.48,9.29,1595.97,3152.0,Critical
94.91,87.15,109.39,10.46,1469.38,2241.0,Critical
85.66,82.02,115.08,9.05,1847.84,1781.0,Warning
86.11,71.27,116.75,9.36,1903.97,1082.0,Healthy
86.24,69.65,112.6,8.74,1962.63,1357.0,Warning
81.88,69.07,116.63,8.47,2024.1,1088.0,Healthy
93.62,82.26,112.57,10.17,1617.97,3060.0,Critical
79.33,79.1,117.5,9.49,1829.1,1728.0,Warning
99.79,90.67,109.11,10.06,1581.09,2693.0,Failed
86.71,73.91,114.96,9.42,1819.4,1647.0,Warning
84.42,79.48,113.24,9.67,1746.47,1503.0,Warning
88.17,84.15,110.98,10.18,1690.36,2372.0,Critical
85.34,74.14,113.14,9.12,1847.03,1475.0,Warning
100.33,86.9,111.86,10.02,1583.78,3176.0,Failed
78.33,69.71,118.35,7.91,2175.35,704.0,Healthy
103.96,83.29,109.79,10.53,1404.61,2757.0,Failed
99.55,85.7,112.56,10.36,1707.94,3112.0,Critical
89.68,89.1,111.45,10.21,1626.64,2754.0,Critical
80.91,74.22,115.34,8.84,1822.14,1494.0,Warning
89.69,87.06,111.17,10.81,1678.46,2355.0,Critical
81.1,69.51,115.39,7.93,1954.61,814.0,Healthy
90.78,80.51,114.92,10.26,1521.65,2677.0,Critical
72.75,61.79,120.7,8.44,1826.98,480.0,Healthy
78.56,71.35,119.31,8.96,1887.75,1087.0,Healthy
84.52,71.46,114.73,8.8,1844.45,1265.0,Warning
75.21,65.1,115.75,8.74,1988.11,1134.0,Healthy
77.83,71.98,115.51,9.08,1976.87,1302.0,Healthy
94.61,83.06,113.41,10.02,1605.28,2517.0,Critical
81.3,64.1,117.43,7.92,1907.52,714.0,Healthy
92.28,82.57,111.73,10.55,1647.86,2542.0,Critical
69.84,64.51,119.81,8.44,2130.94,275.0,Healthy
86.53,83.03,111.24,9.93,1802.99,2746.0,Critical
96.62,80.56,110.05,10.02,1690.13,3026.0,Critical
79.84,73.5,116.18,9.68,1786.29,1106.0,Warning
88.23,84.78,112.0,9.51,1669.06,2449.0,Critical
92.31,94.09,110.83,9.9,1615.12,2760.0,Failed
89.7,88.35,107.97,10.34,1641.18,2403.0,Critical
78.83,68.7,114.76,9.16,1796.78,1167.0,Healthy
83.81,77.1,115.09,8.81,1926.52,1650.0,Warning
89.75,84.15,109.93,10.38,1683.53,2778.0,Critical
79.33,65.32,114.85,8.85,1982.62,956.0,Healthy
93.38,84.97,112.02,9.65,1572.77,2778.0,Critical
86.51,75.6,117.77,9.02,2051.42,988.0,Healthy
89.07,87.77,110.6,10.15,1490.69,2578.0,Critical
73.09,59.56,118.74,8.18,2014.9,240.0,Healthy
71.85,61.37,119.2,8.26,2110.14,117.0,Healthy
96.84,91.41,107.68,10.74,1525.81,3135.0,Failed
96.37,80.89,113.08,10.54,1482.25,3312.0,Critical
98.79,81.4,110.9,10.25,1538.43,3303.0,Critical
98.83,89.0,110.23,10.27,1506.8,3528.0,Failed
87.3,73.65,116.18,9.19,1920.63,1327.0,Warning
72.07,63.09,114.79,9.19,1977.07,1010.0,Healthy
71.37,65.06,120.08,8.58,2087.14,489.0,Healthy
89.46,78.3,116.56,9.12,1792.69,1322.0,Warning
79.34,65.95,118.01,8.57,2133.09,689.0,Healthy
99.69,88.25,111.34,11.01,1597.89,2841.0,Failed
73.82,61.83,119.47,8.31,2247.1,15.0,Healthy
68.55,65.61,119.86,8.42,2037.52,473.0,Healthy
79.78,62.39,116.3,9.07,1986.46,946.0,Healthy
79.16,63.25,117.96,8.28,2098.84,524.0,Healthy
74.8,65.59,117.78,8.7,1994.96,668.0,Healthy
97.57,77.1,113.38,10.39,1666.65,2144.0,Warning
80.41,74.23,118.33,9.08,1993.84,930.0,Healthy
81.87,80.35,117.13,10.19,1664.85,2337.0,Warning
97.85,83.38,110.93,10.19,1560.07,3070.0,Critical
85.92,77.43,114.68,9.32,1849.59,2011.0,Warning
94.33,84.23,111.85,10.2,1725.45,1899.0,Warning
82.61,69.03,117.89,8.18,1860.38,1306.0,Healthy
73.0,67.35,117.63,8.47,2125.99,607.0,Healthy
84.12,73.77,121.51,9.21,1927.51,1150.0,Healthy
101.75,92.58,107.85,10.64,1592.65,3167.0,Failed
86.17,79.2,117.0,8.71,1805.46,2136.0,Warning
77.87,72.08,118.71,8.16,1977.97,900.0,Healthy
85.08,71.96,113.81,9.08,1824.37,1176.0,Warning
93.97,92.52,115.12,10.28,1547.2,3071.0,Critical
89.05,80.78,111.92,9.88,1939.26,1911.0,Warning
86.93,80.26,113.92,9.4,1624.23,1660.0,Warning
93.36,85.47,109.2,10.51,1439.56,3303.0,Critical
83.47,81.67,113.06,9.86,1817.49,2365.0,Warning
90.0,80.91,113.49,9.56,1821.02,2098.0,Warning
69.73,62.91,119.35,8.69,2095.99,548.0,Healthy
70.21,60.32,122.59,8.01,1966.17,384.0,Healthy
93.64,88.34,109.58,10.67,1567.51,3131.0,Failed
83.02,81.28,109.88,9.16,1702.43,1952.0,Warning
83.75,66.98,116.82,9.23,1901.12,1165.0,Warning
87.0,76.58,113.28,9.66,1820.24,1839.0,Warning
71.08,65.78,122.11,8.03,2197.26,186.0,Healthy
90.72,80.97,111.73,10.31,1572.46,2414.0,Critical
74.53,70.26,116.69,9.16,2151.14,686.0,Healthy
95.27,80.75,110.44,9.6,1701.85,2926.0,Critical
85.88,73.28,115.59,9.72,1749.12,1584.0,Warning
80.77,67.86,116.82,9.13,1968.02,795.0,Healthy
73.8,66.53,121.9,7.99,2118.16,111.0,Healthy
93.72,82.55,111.53,10.36,1623.91,2896.0,Critical
69.74,60.09,120.36,8.34,2126.81,579.0,Healthy
69.28,57.35,117.41,8.63,2015.68,178.0,Healthy
92.38,85.47,109.83,8.79,1512.15,2017.0,Critical
78.17,66.44,117.74,9.45,1888.4,1227.0,Healthy
78.52,75.24,115.41,8.53,2035.68,1441.0,Healthy
77.62,67.62,117.13,8.65,2046.06,782.0,Healthy
103.07,85.68,109.89,9.82,1724.75,3125.0,Critical
77.46,69.81,115.4,9.34,1979.41,978.0,Healthy
76.3,63.9,118.85,8.43,1985.5,548.0,Healthy
75.34,69.69,116.88,8.56,1849.41,797.0,Healthy
79.82,62.52,116.38,8.96,1991.46,553.0,Healthy
82.15,73.58,118.01,9.09,1928.03,1205.0,Healthy
74.91,59.41,120.93,8.07,1947.93,314.0,Healthy
78.84,66.07,118.25,8.0,2021.74,414.0,Healthy
81.23,69.41,117.33,8.59,1840.07,1265.0,Warning
95.48,84.78,109.7,10.71,1586.11,3317.0,Critical
76.85,60.6,120.29,8.31,2156.52,187.0,Healthy
78.28,75.32,118.12,8.6,2076.73,760.0,Healthy
90.59,87.21,109.73,10.47,1434.34,2563.0,Failed
98.06,84.24,114.18,9.45,1486.19,2396.0,Critical
88.64,79.05,113.55,9.57,1798.46,2027.0,Warning
79.91,62.7,116.71,8.48,2010.94,829.0,Healthy
83.82,72.11,115.83,9.44,1973.89,1574.0,Warning
71.12,71.89,116.58,7.94,2040.85,752.0,Healthy
74.66,64.87,116.98,8.74,2124.96,397.0,Healthy
82.03,74.11,115.53,9.67,1976.3,1154.0,Healthy
88.37,74.54,113.67,8.75,1752.41,2116.0,Warning
82.52,70.19,115.19,8.91,1894.68,1160.0,Healthy
92.81,78.94,115.77,9.73,1718.02,1921.0,Warning
80.13,66.71,115.89,9.09,1986.38,867.0,Healthy
80.44,71.58,115.14,8.0,2003.84,1191.0,Healthy
97.16,85.57,110.31,10.11,1614.0,2178.0,Critical
103.08,87.98,109.29,10.11,1677.59,2685.0,Critical
82.41,69.21,118.32,8.69,2114.55,1135.0,Healthy
87.76,80.42,114.67,10.26,1729.66,1957.0,Warning
79.64,67.57,118.25,8.61,2100.36,760.0,Healthy
72.37,60.55,120.99,8.31,2161.23,161.0,Healthy
92.19,86.46,112.12,9.8,1713.96,2261.0,Critical
81.63,61.81,120.5,8.52,2069.58,489.0,Healthy
80.52,67.66,114.8,9.29,1999.53,1199.0,Warning
88.08,72.01,113.49,9.57,1886.86,1564.0,Warning
75.16,66.7,118.72,8.15,2043.05,551.0,Healthy
68.4,66.69,119.27,8.3,2100.42,316.0,Healthy
79.88,68.46,116.73,8.95,1860.29,1176.0,Healthy
96.93,94.01,112.0,9.72,1487.67,3602.0,Failed
90.19,78.54,114.01,9.16,1867.03,2040.0,Warning
81.72,71.1,116.66,9.31,2019.65,1377.0,Healthy
68.1,58.62,121.65,7.91,2121.56,145.0,Healthy
92.42,83.86,114.4,10.55,1691.97,1864.0,Warning
76.04,62.32,119.82,8.62,2211.56,257.0,Healthy
91.03,72.28,112.45,9.54,1854.55,1583.0,Warning
93.27,89.93,118.06,10.48,1515.55,2584.0,Critical
82.6,73.89,113.38,9.37,2133.87,1259.0,Warning
81.09,71.38,116.2,8.82,1991.34,817.0,Healthy
69.69,66.47,118.67,7.55,2302.96,130.0,Healthy
71.13,62.59,122.91,8.33,2196.59,74.0,Healthy
82.37,75.83,114.8,9.63,1815.72,1181.0,Warning
92.12,86.66,111.83,9.97,1597.18,3299.0,Critical
77.7,69.52,116.72,7.88,1911.75,627.0,Healthy
85.9,77.12,112.7,9.01,1788.09,1640.0,Warning
89.8,80.47,114.01,10.41,1633.94,2565.0,Warning
72.92,62.18,118.31,8.18,2141.07,219.0,Healthy
78.41,63.4,118.78,8.97,2112.67,573.0,Healthy
77.39,71.45,117.63,8.84,1991.75,1220.0,Healthy
89.09,81.61,116.16,9.48,1614.15,2076.0,Warning
80.88,75.63,113.72,9.95,1841.09,1176.0,Warning
89.54,83.94,112.43,9.69,1528.04,2661.0,Critical
94.24,92.03,111.16,10.07,1642.35,2636.0,Critical
92.16,85.91,112.42,10.08,1685.36,2053.0,Critical
101.53,89.15,113.93,10.36,1411.44,3522.0,Failed
93.59,83.99,112.2,10.2,1784.42,1956.0,Critical
92.39,89.8,107.7,10.31,1640.8,2419.0,Critical
98.85,82.12,111.38,10.28,1608.92,2830.0,Critical
94.74,87.95,112.52,9.58,1650.95,2094.0,Critical
91.35,81.73,111.62,9.34,1587.73,2121.0,Critical
101.71,90.74,109.58,10.0,1482.58,3209.0,Failed
85.24,74.28,113.27,8.89,1961.27,1401.0,Warning
88.68,79.0,116.86,9.71,1775.16,2383.0,Warning
86.52,71.54,115.33,8.96,1755.62,1360.0,Warning
95.45,88.25,111.2,9.54,1708.02,2559.0,Critical
84.58,69.08,118.88,8.62,1890.82,1600.0,Warning
95.15,80.26,110.5,10.2,1552.67,2182.0,Critical
92.97,87.46,112.91,10.27,1798.49,2943.0,Critical
92.78,94.23,108.51,10.2,1439.08,3492.0,Failed
79.05,65.47,118.64,8.46,1959.74,679.0,Healthy
90.17,84.3,111.2,10.02,1703.28,2324.0,Critical
95.04,85.1,113.14,9.96,1695.93,2053.0,Critical
99.53,87.81,113.57,10.82,1484.38,3508.0,Failed
96.16,91.21,111.07,10.2,1388.3,3466.0,Failed
90.27,76.71,110.98,9.1,1801.13,1723.0,Warning
87.99,78.93,114.26,9.88,1710.91,2195.0,Warning
75.51,61.26,119.05,8.29,2054.17,487.0,Healthy
98.83,85.62,111.6,10.12,1452.71,3248.0,Failed
82.7,71.16,119.66,8.99,1934.8,732.0,Healthy
89.6,83.4,115.04,10.39,1671.37,1875.0,Critical
92.91,83.45,111.85,10.06,1592.37,2394.0,Critical
79.52,78.96,114.6,8.7,1823.94,1379.0,Warning
78.52,72.03,116.21,9.14,2129.41,593.0,Healthy
73.92,66.99,117.3,8.62,1988.13,609.0,Healthy
94.28,81.33,112.15,10.23,1580.25,3213.0,Critical
83.77,74.99,112.87,9.12,1839.47,1840.0,Warning
72.89,60.21,117.71,8.68,2001.66,278.0,Healthy
87.76,81.78,113.67,9.35,1608.67,2221.0,Critical
70.78,64.7,116.53,8.14,2021.72,918.0,Healthy
97.66,82.7,111.79,10.95,1580.36,2884.0,Critical
72.95,62.5,115.68,8.43,1920.25,958.0,Healthy
78.57,66.51,118.43,8.88,2057.73,584.0,Healthy
77.22,55.65,117.99,8.76,2162.01,319.0,Healthy
84.85,74.39,112.03,9.36,1888.87,1629.0,Warning
87.42,75.61,116.93,8.77,1937.8,1342.0,Warning
92.47,80.37,111.44,10.13,1770.81,2788.0,Critical
88.74,70.68,114.98,9.72,1883.39,1594.0,Warning
78.95,70.11,115.53,9.0,1848.21,1270.0,Healthy
70.76,65.36,118.2,8.36,1993.18,770.0,Healthy
78.1,68.9,117.72,8.82,1903.77,1060.0,Healthy
102.96,84.74,111.53,9.77,1618.11,3411.0,Failed
76.56,64.64,117.52,8.02,2194.29,557.0,Healthy
98.1,88.61,110.04,10.37,1507.79,3763.0,Failed
80.79,69.77,117.36,8.84,2064.14,1021.0,Healthy
75.57,67.56,121.43,7.74,2225.65,283.0,Healthy
77.2,68.06,117.97,8.72,2050.21,827.0,Healthy
79.63,63.27,117.91,8.35,2201.24,208.0,Healthy
92.15,81.83,112.5,9.89,1722.88,2732.0,Critical
88.38,76.05,114.63,8.42,1729.53,1914.0,Warning
82.4,69.29,113.63,8.88,1983.93,1065.0,Healthy
87.76,79.95,110.61,10.38,1780.89,2176.0,Warning
87.65,80.87,113.59,9.76,1643.79,1950.0,Warning
101.25,86.7,110.63,10.36,1695.07,3356.0,Failed
99.27,87.64,109.95,10.25,1614.52,3344.0,Failed
91.43,78.96,114.52,9.93,1811.58,2574.0,Warning
89.63,83.02,110.42,10.13,1660.24,3107.0,Critical
95.74,84.29,110.0,10.26,1569.42,2596.0,Critical
85.6,73.65,113.85,8.79,1754.61,1282.0,Warning
90.94,85.63,112.04,9.81,1698.94,2332.0,Critical
73.43,70.39,119.13,8.01,2200.96,265.0,Healthy
91.51,81.04,111.22,10.04,1712.78,2006.0,Critical
97.08,89.74,107.17,9.63,1663.54,2685.0,Failed
71.82,65.66,115.3,8.06,2115.66,312.0,Healthy
93.69,84.29,111.82,10.31,1585.92,2603.0,Critical
104.53,85.01,108.98,10.61,1547.54,3491.0,Failed
79.52,72.0,114.73,8.55,1949.17,672.0,Healthy
82.84,77.8,115.69,8.45,1952.78,2002.0,Warning
103.94,88.79,113.04,10.58,1530.5,3176.0,Failed
97.51,93.16,110.26,11.03,1548.1,3379.0,Failed
73.92,66.15,119.12,7.98,2175.63,426.0,Healthy
83.16,70.33,116.93,8.7,1895.49,1136.0,Healthy
85.03,78.01,109.55,10.07,1733.49,2437.0,Warning
75.94,65.17,119.12,8.89,2044.3,624.0,Healthy
78.02,73.36,118.61,9.25,2050.69,1034.0,Healthy
71.31,62.74,122.52,8.46,2184.37,88.0,Healthy
75.72,64.05,117.81,7.77,1863.98,569.0,Healthy
86.64,82.17,112.67,9.21,1731.61,2110.0,Warning
89.22,79.12,115.51,9.88,1622.86,2342.0,Warning
92.66,82.43,114.26,9.59,1899.94,2313.0,Warning
94.26,84.01,113.53,10.09,1768.31,2915.0,Critical
82.58,78.26,114.88,8.99,1737.27,1470.0,Warning
78.65,70.46,117.67,8.51,1927.71,732.0,Healthy
75.98,60.61,118.26,7.94,2078.3,51.0,Healthy
76.72,65.66,117.93,8.07,2072.67,539.0,Healthy
77.83,69.33,116.35,8.49,1904.86,871.0,Healthy
69.62,63.17,121.73,8.42,2054.02,611.0,Healthy
66.3,56.5,120.62,8.03,2075.72,75.0,Healthy
73.32,65.65,115.2,8.62,2124.21,406.0,Healthy
89.66,78.38,113.34,9.55,1599.39,2350.0,Warning
87.22,77.28,114.26,10.24,1959.54,1980.0,Warning
99.12,87.8,109.93,10.83,1665.37,3381.0,Failed
92.24,84.1,110.36,9.79,1839.82,2691.0,Critical
84.29,77.05,115.31,9.5,1851.08,1880.0,Warning
75.96,69.34,117.18,8.83,2228.27,427.0,Healthy
91.03,78.91,115.22,9.15,1876.57,1696.0,Warning
68.53,68.17,117.82,7.85,2076.53,197.0,Healthy
83.66,71.61,114.89,9.6,1868.6,1474.0,Warning
75.99,74.06,117.53,9.25,1960.74,1188.0,Healthy
78.41,71.68,116.46,9.5,1992.71,1362.0,Warning
76.63,66.71,117.25,8.83,2003.59,930.0,Healthy
93.98,87.01,113.1,9.61,1764.29,1758.0,Warning
92.89,82.92,111.73,9.57,1584.73,2383.0,Critical
90.61,76.36,111.13,9.98,1629.05,2149.0,Critical
88.94,76.71,111.45,10.06,1642.85,2309.0,Warning
86.26,70.13,115.47,9.84,1858.57,1998.0,Warning
68.58,58.08,121.98,8.51,2138.87,87.0,Healthy
97.65,79.11,113.68,10.12,1591.16,2497.0,Critical
85.55,76.46,114.93,10.25,1771.08,1686.0,Warning
78.46,61.97,115.48,8.06,2033.3,883.0,Healthy
78.63,73.42,118.04,8.91,2023.96,1011.0,Healthy
99.39,82.44,111.37,9.96,1530.32,2956.0,Failed
92.44,78.35,114.9,10.18,1848.4,2150.0,Warning
89.27,73.3,116.79,8.97,1986.08,1395.0,Warning
86.34,81.1,116.17,9.96,1742.41,1606.0,Warning
85.71,73.47,114.19,8.85,1988.28,1325.0,Warning
85.75,77.67,113.36,9.34,1817.48,1263.0,Warning
81.63,67.62,117.32,8.68,1892.76,1099.0,Healthy
82.92,71.8,114.22,9.09,1816.52,1319.0,Warning
90.01,81.81,111.5,9.85,1650.92,1773.0,Warning
74.01,64.29,121.43,8.47,2137.02,127.0,Healthy
96.71,86.33,110.54,9.94,1802.06,2363.0,Critical
83.19,69.45,117.15,9.06,1960.03,973.0,Healthy
91.07,81.17,110.73,10.12,1692.09,2364.0,Warning
88.96,79.17,113.67,9.44,1762.38,2220.0,Warning
82.2,80.81,115.25,10.39,1637.5,1998.0,Warning
83.41,84.35,115.74,9.82,1785.98,2225.0,Warning
97.59,88.05,111.98,10.23,1581.17,2513.0,Failed
81.95,74.16,114.8,9.52,1962.77,1607.0,Warning
94.41,80.65,114.34,10.25,1792.48,2763.0,Critical
87.23,82.33,113.59,10.0,1735.23,2184.0,Critical
75.58,60.72,116.98,8.67,2016.74,902.0,Healthy
77.11,68.09,117.74,7.33,1988.44,983.0,Healthy
86.33,75.36,117.09,8.67,1935.79,1308.0,Warning
76.51,66.75,115.23,8.97,2001.88,954.0,Healthy
82.36,71.56,114.74,8.52,1936.02,1383.0,Healthy
82.32,78.06,115.87,9.18,1851.57,1426.0,Healthy
90.83,79.11,112.13,9.86,1830.95,1697.0,Warning
79.15,59.88,115.95,8.5,2069.9,793.0,Healthy
94.03,79.9,111.33,9.3,1576.49,2293.0,Critical
78.04,72.37,117.11,8.8,2012.85,1176.0,Warning
90.49,78.78,114.4,10.04,1722.31,2173.0,Critical
72.38,62.75,119.67,8.71,2029.06,270.0,Healthy
84.96,73.22,115.57,8.34,1946.62,1391.0,Warning
68.63,64.34,122.85,8.1,2126.43,103.0,Healthy
93.7,77.0,112.43,9.1,1694.08,2012.0,Warning
80.35,69.69,116.92,8.9,1944.45,933.0,Healthy
95.72,89.13,109.62,10.31,1604.58,3036.0,Failed
78.35,70.75,114.83,9.75,1968.49,1093.0,Healthy
92.7,77.35,116.14,9.19,1854.8,1643.0,Warning
79.71,60.49,116.97,9.06,1893.94,954.0,Healthy
91.75,78.85,114.84,9.95,1677.65,1636.0,Warning
80.89,73.56,114.96,9.09,1875.63,1552.0,Warning
79.05,73.71,118.16,8.97,1882.55,1348.0,Healthy
74.07,68.28,116.47,8.51,2041.07,733.0,Healthy
73.9,64.07,120.63,7.98,2181.61,378.0,Healthy
73.07,64.54,120.14,7.97,2051.83,313.0,Healthy
98.5,94.03,107.32,10.33,1441.84,2661.0,Failed
81.28,75.82,115.1,8.58,1920.16,1310.0,Warning
67.68,60.88,121.51,7.8,2028.54,7.0,Healthy
98.05,95.02,112.93,10.3,1613.56,2535.0,Failed
73.94,58.71,120.87,8.11,2196.43,73.0,Healthy
78.02,69.0,115.22,9.22,1914.43,1507.0,Warning
92.56,81.49,111.37,9.72,1654.62,2713.0,Critical
101.58,86.32,111.7,9.98,1614.91,2519.0,Failed
90.84,73.99,112.23,9.95,1688.07,1921.0,Critical
82.32,71.95,114.79,9.48,1973.55,1412.0,Warning
102.01,90.26,109.92,10.24,1381.02,3141.0,Failed
68.23,61.01,120.93,7.71,2177.54,144.0,Healthy
99.54,87.28,112.84,10.29,1512.57,3689.0,Failed
92.36,85.61,113.05,10.05,1630.33,2523.0,Critical
92.26,88.24,110.73,10.78,1662.04,3357.0,Failed
77.19,69.79,116.1,8.91,1912.56,925.0,Healthy
70.48,62.35,119.58,8.35,1988.71,440.0,Healthy
89.86,82.52,115.87,10.42,1707.43,2087.0,Warning
88.82,72.2,116.35,9.28,1687.5,1903.0,Warning
91.26,74.18,115.08,9.87,2018.31,1927.0,Warning
98.02,92.84,110.02,10.8,1627.44,3504.0,Failed
91.66,75.53,114.32,10.01,1807.32,2073.0,Warning
80.53,67.36,118.62,8.91,2044.89,990.0,Healthy
80.85,68.24,116.35,9.05,2021.64,1448.0,Warning
68.23,61.52,118.51,8.34,2057.38,356.0,Healthy
80.65,66.18,117.05,8.82,2036.5,707.0,Healthy
71.15,66.42,122.45,8.04,2127.04,407.0,Healthy
98.46,84.25,110.56,9.92,1592.46,2561.0,Critical
92.76,80.17,111.48,10.43,1632.39,2424.0,Critical
82.98,72.18,114.94,9.58,1786.4,1377.0,Warning
82.17,69.05,115.95,9.32,1968.48,1146.0,Healthy
96.45,75.42,114.85,9.18,1804.97,1962.0,Warning
98.99,86.6,113.46,9.86,1529.3,2152.0,Critical
94.9,88.86,109.37,10.34,1567.96,2446.0,Critical
84.27,76.29,113.4,9.35,1812.77,1512.0,Warning
94.9,85.92,110.49,9.56,1514.83,2887.0,Critical
84.84,77.97,116.06,9.58,1877.99,1574.0,Warning
87.84,74.54,115.9,9.62,1859.26,1243.0,Warning
98.18,90.14,110.79,10.05,1519.11,2462.0,Critical
76.51,68.52,116.46,9.28,1890.95,1347.0,Healthy
83.25,70.83,114.35,9.8,1965.68,1127.0,Healthy
78.61,67.74,115.84,9.37,2064.79,951.0,Healthy
85.67,77.5,112.86,9.2,1864.08,1765.0,Warning
87.09,72.04,114.77,8.92,1971.09,2065.0,Warning
93.41,84.16,113.61,9.74,1826.91,1742.0,Warning
85.85,74.6,114.22,10.02,1942.76,1224.0,Warning
74.29,71.79,118.45,9.08,1991.29,620.0,Healthy
95.83,85.88,112.92,10.16,1683.7,3200.0,Critical
79.03,68.73,114.99,9.49,1896.31,1130.0,Healthy
92.64,89.66,110.28,10.77,1613.68,3250.0,Failed
75.89,69.31,118.7,7.76,1859.33,653.0,Healthy
92.34,74.66,114.39,9.82,1768.46,1773.0,Warning
80.96,70.11,112.58,9.39,1712.55,2043.0,Warning
94.79,79.38,111.05,9.72,1597.05,2296.0,Critical
74.0,64.95,117.9,8.38,1979.67,426.0,Healthy
98.16,91.92,110.65,10.44,1565.33,3479.0,Failed
83.05,72.04,114.49,9.01,1865.37,1538.0,Warning
83.31,76.77,116.49,9.42,1737.72,1584.0,Warning
81.17,74.26,114.59,9.14,1817.28,1500.0,Warning
75.07,66.84,117.06,8.41,2192.34,131.0,Healthy
81.96,81.69,115.17,9.12,1848.27,1906.0,Warning
76.41,69.18,119.99,7.98,2123.35,885.0,Healthy
86.59,72.97,116.32,8.68,1905.29,1311.0,Healthy
87.27,82.08,112.85,9.24,1788.61,1810.0,Warning
85.96,71.09,114.57,8.73,1872.43,1675.0,Warning
75.99,64.89,119.94,8.71,2007.65,309.0,Healthy
75.24,59.13,118.81,8.5,2155.85,199.0,Healthy
71.58,65.06,115.87,8.08,2063.09,622.0,Healthy
73.59,69.15,117.08,7.97,2026.99,620.0,Healthy
89.16,78.49,113.82,9.48,1916.14,2146.0,Warning
81.12,68.64,119.03,7.92,2178.33,644.0,Healthy
94.17,90.35,110.31,10.11,1521.79,2510.0,Critical
74.81,61.02,117.46,8.55,2103.99,567.0,Healthy
73.99,56.2,119.16,8.35,2195.72,341.0,Healthy
98.13,89.76,110.08,10.33,1598.65,3072.0,Critical
80.9,72.47,116.91,8.43,1905.42,893.0,Healthy
80.22,73.53,116.45,9.09,1826.02,1381.0,Warning
97.17,89.95,108.63,10.91,1570.91,3465.0,Failed
98.98,91.01,111.02,9.52,1579.49,2614.0,Failed
95.23,84.07,111.22,9.92,1676.73,1831.0,Critical
71.35,61.16,117.71,7.7,2257.0,225.0,Healthy
87.73,80.67,113.07,10.04,1904.14,1590.0,Warning
96.59,88.63,112.16,10.8,1626.17,3750.0,Failed
104.0,89.14,107.96,10.68,1656.03,2671.0,Failed
73.64,63.78,118.24,7.92,2124.53,371.0,Healthy
85.11,69.3,116.0,9.1,1816.03,1374.0,Healthy
79.56,67.24,118.6,8.94,1953.33,875.0,Healthy
74.15,70.59,121.62,7.38,2100.0,336.0,Healthy
86.34,78.17,112.42,9.8,1663.26,1983.0,Warning
71.76,69.33,118.07,8.93,1977.84,891.0,Healthy
84.1,72.09,116.41,8.3,1866.16,939.0,Healthy
72.94,62.55,118.94,8.47,2193.9,340.0,Healthy
85.56,76.95,115.43,9.28,1981.69,1774.0,Warning
71.0,65.73,116.04,8.95,2279.84,450.0,Healthy
80.25,70.35,115.61,8.91,1917.4,1169.0,Warning
77.49,65.91,119.24,8.43,2085.93,379.0,Healthy
103.84,86.98,109.17,10.52,1529.35,3443.0,Failed
72.49,69.57,119.24,7.24,2207.41,535.0,Healthy
87.67,76.94,112.19,9.16,1942.22,1687.0,Warning
76.48,63.81,118.17,8.53,2042.87,647.0,Healthy
71.93,63.32,121.25,7.25,2242.82,237.0,Healthy
81.63,63.29,117.65,8.78,2071.31,725.0,Healthy
70.28,62.42,117.98,8.17,2102.82,201.0,Healthy
77.9,63.5,116.47,8.38,2090.05,413.0,Healthy
85.95,72.32,115.65,9.52,1990.81,1832.0,Warning
89.5,77.04,114.87,9.47,1801.46,1870.0,Warning
76.74,69.92,119.04,8.24,2098.32,248.0,Healthy
84.1,73.5,114.89,9.45,1966.27,1610.0,Warning
87.15,76.14,111.29,9.48,1850.24,1875.0,Warning
81.17,65.21,117.84,7.85,2011.25,615.0,Healthy
84.91,72.58,115.25,8.95,1879.82,1001.0,Healthy
75.76,60.24,118.33,8.21,2060.81,210.0,Healthy
64.94,63.32,120.22,8.91,1914.37,614.0,Healthy
85.32,73.91,112.63,9.03,1820.93,1790.0,Warning
100.35,89.59,107.59,10.08,1492.48,3445.0,Failed
99.78,88.64,110.38,10.1,1603.43,3110.0,Failed
101.22,86.71,109.63,11.03,1580.21,3520.0,Failed
83.47,71.52,114.99,9.17,1919.56,1242.0,Warning
74.45,61.01,119.6,8.76,1993.62,210.0,Healthy
78.9,67.88,117.15,9.42,1997.12,980.0,Healthy
81.63,67.96,116.16,8.3,1901.96,717.0,Healthy
72.76,67.1,118.97,7.71,2259.97,39.0,Healthy
74.48,66.85,119.12,8.19,2205.45,321.0,Healthy
85.08,79.42,115.72,9.38,1886.84,1384.0,Warning
83.66,68.49,117.33,8.29,2027.58,999.0,Healthy
78.48,70.43,117.32,8.63,2154.89,601.0,Healthy
91.14,82.16,113.36,9.95,1707.5,2496.0,Critical
83.68,73.67,117.85,8.44,1938.43,1367.0,Healthy
96.08,86.93,111.55,9.69,1497.39,3146.0,Critical
82.98,66.2,117.44,8.78,2002.91,622.0,Healthy
89.44,78.31,114.26,10.18,1743.4,1483.0,Warning
73.65,66.98,117.23,8.34,1990.57,600.0,Healthy
91.85,69.55,113.64,9.37,1794.66,1562.0,Warning
68.27,64.2,118.03,8.14,1936.35,561.0,Healthy
76.76,67.46,119.06,8.5,2165.24,582.0,Healthy
86.28,79.2,112.54,9.28,1788.96,1982.0,Warning
83.56,69.32,117.25,8.56,2108.22,996.0,Healthy
75.93,62.92,117.99,9.41,2143.5,521.0,Healthy
95.51,88.66,113.37,10.37,1589.07,3156.0,Failed
70.49,61.0,120.65,7.48,2233.44,148.0,Healthy
84.81,76.34,115.41,9.67,1816.46,1815.0,Warning
85.53,74.41,115.9,9.82,1920.62,1555.0,Warning
76.53,70.26,116.68,8.9,1983.79,691.0,Healthy
81.33,74.62,117.54,9.06,1881.45,1253.0,Warning
73.44,63.37,119.36,7.85,2116.25,268.0,Healthy
92.81,87.79,112.72,9.45,1856.48,2466.0,Critical
73.66,68.07,115.96,8.48,1994.26,656.0,Healthy
70.83,69.4,117.46,8.34,2167.65,708.0,Healthy
80.38,70.27,114.2,8.56,1870.52,1046.0,Healthy
98.67,86.01,110.6,10.74,1576.36,2834.0,Failed
96.08,80.72,111.17,10.36,1627.95,2367.0,Critical
100.06,89.13,109.93,10.87,1455.51,2561.0,Failed
94.28,71.57,111.4,9.31,1690.47,2128.0,Warning
92.88,80.71,114.43,9.29,1776.2,2018.0,Warning
92.44,75.35,116.09,9.23,1837.06,1820.0,Warning
106.46,86.5,113.48,10.43,1489.16,3177.0,Failed
80.05,75.05,117.38,9.31,1914.21,1396.0,Warning
74.06,66.9,116.68,9.03,1949.76,1162.0,Healthy
89.19,83.37,115.13,10.23,1778.23,2356.0,Warning
87.9,75.37,114.93,9.28,1905.16,2055.0,Warning
73.49,60.8,118.12,8.63,2236.85,465.0,Healthy
83.89,73.42,115.66,9.19,1742.21,1416.0,Healthy
78.59,69.73,117.83,8.82,1972.08,913.0,Healthy
93.32,84.33,117.66,10.42,1473.06,2853.0,Critical
79.74,69.97,117.96,8.64,2152.89,1314.0,Healthy
94.05,84.63,112.15,9.67,1636.97,2980.0,Critical
85.8,77.31,116.3,9.28,1968.18,1634.0,Warning
91.14,84.01,113.18,9.23,1622.38,2441.0,Critical
73.19,63.96,118.51,8.54,2076.87,402.0,Healthy
99.45,90.3,111.89,9.86,1640.69,2990.0,Failed
83.82,74.5,114.96,9.81,1904.82,1797.0,Warning
81.14,69.0,115.88,8.49,2152.36,840.0,Healthy
74.49,67.7,118.31,9.19,1964.21,662.0,Healthy
74.54,69.72,118.27,8.58,1997.0,826.0,Healthy
81.92,69.67,116.11,8.82,1984.34,1296.0,Healthy
92.74,78.11,113.29,10.14,1750.99,2731.0,Critical
95.89,91.21,111.95,10.49,1568.82,2945.0,Failed
94.1,84.59,113.23,9.65,1625.82,2395.0,Warning
92.19,73.14,113.86,9.21,1741.57,1592.0,Warning
81.57,74.0,114.45,8.96,1913.31,1357.0,Warning
99.31,83.5,111.34,11.01,1496.8,2436.0,Critical
88.34,88.14,113.81,9.45,1534.36,2913.0,Critical
82.02,69.53,116.77,8.25,1997.86,1094.0,Healthy
96.03,98.59,111.0,10.85,1470.52,3440.0,Failed
84.78,70.95,115.56,9.43,1941.76,1312.0,Healthy
91.12,88.61,111.38,9.63,1632.78,2596.0,Critical
98.8,93.91,109.01,9.72,1460.17,3527.0,Failed
88.68,82.71,113.11,10.27,1646.28,2646.0,Critical
74.2,64.96,117.61,7.99,2189.15,575.0,Healthy
93.07,77.87,116.05,9.27,1820.43,1993.0,Warning
73.24,63.59,118.65,8.34,2136.64,425.0,Healthy
100.01,87.07,112.04,9.54,1651.99,2512.0,Critical
77.28,65.82,116.92,9.07,1930.49,873.0,Healthy
95.33,80.37,113.6,9.75,1668.2,2637.0,Warning
92.43,86.46,113.14,9.92,1370.88,2973.0,Failed
74.57,60.25,116.63,8.13,2022.37,597.0,Healthy
80.18,74.36,116.49,9.5,1875.43,1065.0,Healthy
94.03,82.6,111.18,9.51,1790.9,2083.0,Warning
83.15,70.69,117.64,9.29,1857.99,1278.0,Warning
68.98,68.33,118.09,8.43,2140.5,510.0,Healthy
66.94,56.12,117.47,7.37,2158.87,110.0,Healthy
79.16,72.27,114.02,9.32,1927.26,1525.0,Warning
92.28,79.1,114.73,10.05,1743.06,2474.0,Warning
89.63,77.48,111.76,10.17,1854.19,1726.0,Warning
73.79,64.93,118.86,7.63,2187.13,530.0,Healthy
81.88,73.29,114.85,7.86,1805.55,1331.0,Warning
83.23,69.92,116.01,9.18,2082.12,1156.0,Healthy
74.84,67.9,116.25,8.45,1939.52,795.0,Healthy
93.25,85.97,111.28,9.25,1674.77,2412.0,Critical
80.41,67.55,116.17,8.82,1940.93,907.0,Healthy
85.38,82.97,115.46,9.17,1942.52,1585.0,Warning
98.89,85.79,110.33,9.8,1468.87,2861.0,Failed
86.48,76.9,115.24,9.32,1879.91,1396.0,Warning
90.0,80.22,113.47,9.77,1591.41,2289.0,Warning
68.2,61.32,120.18,8.25,2213.84,208.0,Healthy
77.19,69.49,118.84,8.52,2060.0,600.0,Healthy
76.11,64.66,118.18,8.43,2099.38,267.0,Healthy
93.91,82.33,110.92,9.24,1609.29,2332.0,Critical
96.88,89.19,113.07,10.07,1609.53,2187.0,Critical
75.26,62.55,116.92,8.56,2041.08,715.0,Healthy
79.25,64.88,118.56,8.4,1927.24,805.0,Healthy
79.89,71.38,116.81,8.48,1910.97,1180.0,Healthy
84.29,80.14,113.39,9.18,1850.12,1669.0,Warning
91.11,79.62,114.43,9.44,1732.53,2044.0,Warning
85.7,80.22,115.18,10.08,1656.03,2521.0,Warning
98.0,86.4,111.89,10.87,1570.09,2756.0,Failed
77.7,72.25,117.24,9.27,2032.56,769.0,Healthy
88.42,80.48,115.84,9.02,1790.88,2041.0,Warning
87.31,74.17,111.89,9.02,1835.23,2072.0,Warning
77.05,66.39,115.27,9.03,2082.63,826.0,Healthy
98.76,91.76,110.23,10.79,1568.74,2425.0,Failed
73.03,60.71,121.17,7.85,2114.27,318.0,Healthy
89.51,82.18,114.29,9.85,1771.48,2029.0,Critical
95.85,85.89,110.15,9.37,1633.81,2226.0,Critical
98.07,89.09,110.19,10.4,1526.94,2811.0,Failed
87.45,73.28,112.83,9.04,1709.55,1792.0,Warning
83.9,66.6,116.72,8.88,2119.98,835.0,Healthy
99.03,90.44,113.08,9.58,1787.41,2817.0,Critical
94.86,80.0,113.76,9.27,1646.43,2457.0,Critical
84.1,73.35,115.4,10.49,1910.86,1609.0,Warning
88.75,84.15,111.68,9.95,1718.46,2661.0,Critical
78.66,67.38,117.18,9.52,2027.64,906.0,Healthy
90.97,79.41,115.13,10.08,1884.58,2020.0,Warning
97.02,81.55,114.87,9.51,1493.19,2546.0,Critical
69.21,68.91,115.04,8.94,1962.62,1161.0,Healthy
87.12,76.54,117.55,8.69,1694.57,1619.0,Warning
101.33,90.57,110.86,10.26,1453.39,2995.0,Failed
93.04,82.23,113.25,9.24,1511.2,2556.0,Critical
99.58,83.55,111.41,9.59,1432.05,2549.0,Critical
83.44,72.2,118.25,8.62,1890.69,1375.0,Healthy
97.84,85.96,110.53,10.27,1531.64,2906.0,Failed
78.39,68.43,117.5,8.4,2039.98,504.0,Healthy
81.76,76.04,115.49,8.88,1793.25,1948.0,Warning
84.21,72.29,116.9,9.26,1805.73,1565.0,Warning
93.48,80.79,112.02,10.45,1652.33,2083.0,Critical
94.78,85.36,107.8,10.38,1515.61,3452.0,Failed
92.85,77.25,112.52,9.8,1607.68,2400.0,Critical
92.74,80.29,113.88,9.7,1835.81,1751.0,Warning
86.57,70.41,115.66,8.49,1831.01,1366.0,Warning
87.48,76.51,114.15,9.66,1741.03,1548.0,Warning
80.19,76.89,116.89,8.79,1902.68,1577.0,Warning
66.6,63.51,116.24,8.67,2051.04,65.0,Healthy
85.59,75.85,115.11,9.57,1946.22,1821.0,Warning
95.58,89.05,111.6,10.36,1518.74,2455.0,Critical
89.78,85.44,116.05,10.01,1709.92,2415.0,Critical
99.59,84.65,112.02,9.99,1563.44,2769.0,Critical
82.03,72.67,116.76,8.66,1927.7,1490.0,Healthy
87.5,74.2,114.9,8.95,1788.04,1567.0,Warning
73.97,58.04,119.81,8.78,2097.96,94.0,Healthy
81.65,75.34,118.81,9.0,1803.61,1439.0,Healthy
92.01,76.05,113.59,8.74,1824.65,1792.0,Warning
74.84,69.72,116.45,8.84,2059.36,908.0,Healthy
69.12,59.17,120.82,8.22,2232.08,95.0,Healthy
87.88,85.58,113.48,9.59,1659.23,2626.0,Warning
87.74,72.37,115.22,8.73,1838.14,1439.0,Warning
84.88,70.06,115.74,9.33,1895.08,1180.0,Warning
75.87,65.78,118.87,9.0,2025.12,904.0,Healthy
83.54,80.85,115.35,9.47,1823.26,1708.0,Warning
87.3,69.81,114.55,9.12,1858.67,1154.0,Warning
85.3,71.97,115.62,8.87,1838.97,1685.0,Warning
91.66,86.12,114.12,9.64,1770.41,2094.0,Warning
70.01,63.01,120.64,7.76,2002.36,23.0,Healthy
98.77,85.03,110.44,9.76,1532.17,2513.0,Failed
73.03,58.89,117.48,8.63,2212.81,213.0,Healthy
81.66,68.51,116.5,8.72,1995.81,1611.0,Warning
75.79,66.51,118.75,7.76,2148.95,733.0,Healthy
82.16,77.9,116.89,9.83,1840.56,1935.0,Warning
79.89,72.96,115.22,8.0,1908.73,914.0,Healthy
98.08,80.12,111.29,9.99,1554.18,2544.0,Critical
84.86,67.91,115.69,8.55,1861.6,1223.0,Healthy
91.16,78.8,113.02,9.31,1640.15,1876.0,Warning
77.08,75.83,115.2,9.51,1950.42,842.0,Healthy
75.24,63.24,118.21,8.01,2128.11,62.0,Healthy
84.8,73.24,116.36,9.15,1805.51,1328.0,Warning
90.26,72.42,113.89,9.66,1899.08,1835.0,Warning
88.14,67.43,114.16,8.89,1927.04,1317.0,Warning
98.48,88.98,112.53,10.84,1522.65,3564.0,Failed
92.37,80.91,116.49,9.92,1735.75,1852.0,Critical
102.19,89.07,109.96,10.79,1527.5,2861.0,Failed
75.4,67.71,114.8,8.45,1934.78,802.0,Healthy
90.29,81.43,112.7,10.15,1791.58,2435.0,Critical
82.77,73.73,111.32,9.39,1749.62,2094.0,Warning
88.03,82.52,111.86,9.98,1638.33,2214.0,Warning
98.58,86.92,110.76,10.25,1522.81,3146.0,Failed
85.31,78.79,111.38,10.45,1787.35,2011.0,Warning
97.41,86.85,110.57,10.38,1546.68,2346.0,Critical
91.49,83.89,110.52,9.76,1791.55,2314.0,Critical
77.37,61.27,118.81,8.22,2125.28,368.0,Healthy
97.02,83.92,114.69,9.75,1644.75,1791.0,Warning
85.9,72.79,114.24,8.96,1813.48,1764.0,Warning
95.47,87.08,110.78,10.56,1568.73,3202.0,Failed
96.15,89.13,110.71,10.01,1641.66,3036.0,Critical
73.15,60.22,117.84,9.04,2224.18,329.0,Healthy
73.3,66.18,117.41,8.16,2173.04,428.0,Healthy
69.5,65.1,120.48,8.13,2025.86,228.0,Healthy
83.4,75.73,112.95,9.06,1841.23,1820.0,Warning
71.89,62.07,118.69,8.95,2044.03,228.0,Healthy
94.12,88.09,113.38,9.23,1810.11,1916.0,Critical
88.1,76.53,115.84,9.42,1735.47,1884.0,Warning
100.55,85.69,112.3,10.21,1631.05,2685.0,Critical
80.42,67.38,117.09,8.25,1948.32,929.0,Healthy
86.85,76.03,113.96,10.36,1678.32,1919.0,Warning
72.61,66.42,120.21,7.92,2017.34,437.0,Healthy
93.43,85.71,109.85,10.22,1560.82,2693.0,Critical
73.54,58.92,116.97,9.11,2122.98,602.0,Healthy
70.97,64.61,121.01,8.11,2170.83,327.0,Healthy
68.47,62.92,118.49,8.57,1950.01,671.0,Healthy
91.16,86.41,112.53,9.88,1660.7,2903.0,Critical
77.98,63.17,119.84,8.24,2201.91,309.0,Healthy
89.54,81.26,113.71,9.97,1810.92,1645.0,Warning
91.26,79.54,110.38,9.7,1648.74,2562.0,Critical
93.73,80.93,112.87,8.82,1678.09,2216.0,Critical
69.84,64.68,118.07,8.46,2079.15,559.0,Healthy
72.7,57.4,118.1,8.18,2268.63,168.0,Healthy
87.3,76.8,113.88,9.2,2021.94,1696.0,Warning
75.71,61.2,117.91,8.43,2109.85,735.0,Healthy
85.66,84.27,110.97,9.4,1714.78,2444.0,Warning
79.46,71.97,116.22,8.79,1947.83,1161.0,Healthy
87.32,72.88,115.11,9.83,1891.26,1167.0,Warning
74.18,64.44,118.69,8.27,2136.99,432.0,Healthy
82.77,77.98,114.93,9.68,1761.42,1595.0,Warning
82.67,64.36,119.08,8.05,2227.58,645.0,Healthy
86.61,81.26,112.14,9.58,1661.35,2214.0,Warning
71.41,64.33,120.59,7.78,2253.83,208.0,Healthy
96.16,86.44,109.91,10.96,1341.04,3069.0,Failed
87.43,81.57,115.78,9.09,1698.8,2257.0,Warning
74.1,57.57,117.3,8.6,2045.68,629.0,Healthy
72.33,54.63,117.44,8.17,2208.43,50.0,Healthy
83.91,71.73,117.91,8.95,1936.73,871.0,Healthy
73.43,63.33,119.11,7.44,2203.91,562.0,Healthy
73.52,63.99,119.62,7.74,2027.73,760.0,Healthy
97.62,86.02,111.74,10.23,1506.73,3108.0,Critical
89.62,76.91,117.48,9.14,1700.48,1812.0,Warning
76.01,62.33,117.95,8.18,2038.64,608.0,Healthy
87.53,71.78,116.0,9.22,1868.29,1861.0,Warning
77.34,61.77,116.65,8.22,2093.39,766.0,Healthy
99.58,91.5,110.98,9.95,1420.48,2709.0,Failed
70.44,59.72,120.69,8.08,2113.06,108.0,Healthy
95.18,84.88,113.93,9.07,1602.13,2596.0,Critical
99.88,81.89,113.43,9.73,1636.07,2320.0,Critical
72.55,63.08,114.47,7.9,2229.95,247.0,Healthy
75.14,64.78,118.18,8.42,2093.41,631.0,Healthy
82.3,71.66,115.29,9.92,1975.0,1359.0,Healthy
94.07,86.32,110.75,9.78,1652.04,2365.0,Critical
88.4,74.77,114.2,9.51,1777.16,1727.0,Warning
90.98,75.97,114.91,9.73,1638.81,2502.0,Warning
92.23,85.79,112.47,10.18,1604.9,2265.0,Critical
97.55,89.62,110.96,9.98,1686.02,2158.0,Critical
84.35,79.27,113.03,9.77,1914.83,1535.0,Warning
82.35,73.6,117.21,9.55,1850.17,1476.0,Warning
92.59,79.34,111.85,10.08,1773.31,2518.0,Critical
78.61,66.24,117.17,8.09,2027.31,992.0,Healthy
98.52,85.11,114.66,10.17,1575.31,2659.0,Critical
73.12,60.47,118.86,7.85,2059.95,74.0,Healthy
75.55,62.88,117.63,8.14,2164.66,680.0,Healthy
92.59,79.57,112.35,9.75,1632.17,2736.0,Critical
80.21,70.36,114.19,8.83,1925.71,885.0,Healthy
75.58,53.9,115.92,8.56,2086.9,523.0,Healthy
77.05,65.3,117.41,8.86,2189.17,664.0,Healthy
86.83,73.09,114.02,9.7,1907.88,1410.0,Warning
95.11,87.73,111.74,10.23,1578.87,3150.0,Critical
75.11,65.26,117.83,8.2,2188.12,223.0,Healthy
68.89,64.13,120.35,7.95,2276.83,108.0,Healthy
91.39,72.92,112.11,9.06,1902.18,1606.0,Warning
100.97,85.28,110.33,10.08,1540.33,3426.0,Failed
74.99,65.93,117.75,8.53,1837.47,722.0,Healthy
99.33,89.64,110.9,10.54,1628.24,3245.0,Failed
98.95,81.69,110.88,10.84,1496.36,2634.0,Critical
77.45,72.67,116.18,8.65,1852.15,861.0,Healthy
90.02,83.52,111.54,9.72,1483.79,2233.0,Critical
87.46,82.08,114.99,10.1,1651.48,2257.0,Warning
86.98,70.01,113.98,8.48,1880.6,1783.0,Warning
77.42,69.91,117.24,9.47,1996.81,1215.0,Warning
90.12,78.75,113.55,9.47,1656.48,2251.0,Critical
95.4,86.86,109.47,10.25,1783.69,2996.0,Critical
92.04,82.23,112.24,9.7,1637.89,2172.0,Critical
97.86,91.66,108.55,10.62,1482.66,2975.0,Failed
82.87,74.55,112.96,10.03,1715.7,1765.0,Warning
89.8,85.61,113.12,9.68,1589.09,2498.0,Critical
97.33,84.86,112.09,9.76,1432.9,2574.0,Critical
73.93,65.74,118.28,8.56,1944.54,561.0,Healthy
69.65,60.99,117.95,8.72,2220.96,150.0,Healthy
83.18,73.36,116.27,9.08,1781.71,1417.0,Warning
94.93,87.0,109.47,10.16,1473.23,2492.0,Critical
76.56,77.11,117.22,8.79,1857.0,966.0,Healthy
85.03,86.05,112.01,9.35,1772.1,1844.0,Critical
71.32,54.88,121.5,8.09,2325.97,21.0,Healthy
80.9,70.23,115.9,8.73,1945.27,1279.0,Healthy
86.91,77.25,114.19,10.07,1844.57,2322.0,Warning
70.78,67.73,119.05,8.64,2016.04,460.0,Healthy
96.94,85.95,110.92,9.71,1670.77,3122.0,Critical
76.13,66.08,118.6,8.28,2033.35,534.0,Healthy
97.59,80.28,111.36,10.49,1616.55,2415.0,Failed
81.41,61.95,116.49,8.15,2046.35,708.0,Healthy
101.94,96.11,110.66,10.05,1350.57,3403.0,Failed
87.82,78.29,115.25,9.33,1705.86,2139.0,Warning
74.75,59.53,119.75,8.35,2154.65,293.0,Healthy
72.1,62.69,118.82,8.58,2006.33,195.0,Healthy
72.38,59.09,119.51,8.28,2171.28,247.0,Healthy
91.59,76.85,113.56,10.46,1673.77,2120.0,Warning
91.59,79.93,111.73,9.75,1676.54,2586.0,Critical
82.16,69.72,114.19,9.3,1809.08,1244.0,Warning
86.91,72.1,117.62,8.67,1924.07,1190.0,Warning
88.61,81.04,117.01,10.12,1852.83,1921.0,Warning
84.88,77.38,113.61,9.88,1813.43,1848.0,Warning
85.52,82.56,114.3,10.0,1711.95,2073.0,Warning
77.34,74.08,117.47,8.48,1988.59,1662.0,Warning
97.64,83.88,111.42,10.07,1637.64,2735.0,Critical
100.84,87.3,106.79,10.17,1459.14,2818.0,Failed
78.76,68.31,118.77,9.06,2006.04,1175.0,Healthy
71.41,61.59,119.86,7.45,2225.23,37.0,Healthy
70.93,62.93,117.96,8.42,2092.64,361.0,Healthy
85.61,76.56,114.54,9.24,1715.34,1813.0,Warning
77.5,69.84,116.0,8.55,2036.91,1050.0,Healthy
93.96,91.96,115.04,10.59,1442.96,3152.0,Failed
82.51,82.74,112.93,9.55,1943.04,2139.0,Warning
80.82,73.73,115.29,9.22,1740.11,1607.0,Warning
97.01,78.66,113.96,10.29,1552.95,2057.0,Critical
74.8,65.62,119.35,9.41,2046.33,964.0,Healthy
96.2,81.9,113.45,10.16,1670.11,3108.0,Critical
72.96,62.59,119.33,7.29,2119.94,9.0,Healthy
88.64,81.35,113.58,8.93,1901.62,2269.0,Warning
97.15,84.95,107.39,10.36,1572.05,3485.0,Failed
94.03,81.37,112.01,10.38,1628.67,2240.0,Critical
94.36,81.17,111.51,10.19,1633.34,2715.0,Critical
85.52,72.31,117.14,9.2,2018.99,1057.0,Healthy
100.36,84.59,114.45,10.04,1751.77,2578.0,Critical
90.87,78.89,115.56,9.76,1829.85,1626.0,Warning
82.1,80.05,115.42,9.79,1665.1,1713.0,Warning
70.46,63.6,119.38,7.74,2058.08,193.0,Healthy
76.06,61.42,119.91,8.68,1945.72,549.0,Healthy
87.92,74.65,114.51,8.76,1762.92,1660.0,Warning
66.58,64.61,121.12,8.33,2161.86,216.0,Healthy
87.01,80.63,113.79,9.74,1698.1,2543.0,Critical
99.12,80.32,112.19,10.16,1702.09,3017.0,Critical
95.93,90.03,108.49,10.43,1389.88,2631.0,Failed
68.59,61.32,120.62,8.37,2127.9,334.0,Healthy
94.88,91.38,111.17,10.92,1579.06,2758.0,Failed
73.2,61.97,120.38,8.18,1928.03,212.0,Healthy
81.75,73.39,115.73,9.26,1904.44,1583.0,Warning
95.93,89.3,112.33,10.63,1830.23,2561.0,Critical
69.17,58.2,121.25,8.93,2212.65,228.0,Healthy
65.31,64.85,119.11,8.04,2211.87,60.0,Healthy
75.02,58.83,120.45,7.86,2160.65,68.0,Healthy
86.53,75.83,113.72,9.09,1860.73,1323.0,Warning
93.35,84.86,112.75,10.21,1754.85,2171.0,Critical
72.26,62.54,119.1,8.24,2083.06,470.0,Healthy
78.13,61.45,117.81,7.61,2208.26,476.0,Healthy
88.83,75.95,114.46,9.87,1839.15,1562.0,Warning
80.47,63.99,116.8,8.91,2166.12,706.0,Healthy
90.16,87.79,112.13,10.28,1775.97,2181.0,Critical
98.64,87.05,111.04,10.91,1550.42,3153.0,Failed
94.19,86.46,112.74,9.99,1673.78,2263.0,Critical
94.67,89.4,108.35,10.3,1560.92,3319.0,Critical
85.3,76.68,115.36,9.7,1914.44,1452.0,Warning
93.22,84.56,111.22,9.59,1570.16,2643.0,Critical
76.68,66.07,117.55,8.32,2081.07,520.0,Healthy
68.09,63.77,117.63,8.15,2136.68,210.0,Healthy
91.39,79.98,113.37,10.01,1633.53,1848.0,Warning
72.49,56.86,118.7,7.91,2181.27,139.0,Healthy
96.16,81.32,112.99,9.95,1453.24,3314.0,Critical
92.1,85.27,110.46,9.56,1680.06,2286.0,Warning
97.47,80.66,109.03,10.57,1586.83,3256.0,Failed
77.41,70.0,115.31,8.76,1993.79,966.0,Healthy
86.22,73.88,115.53,8.64,1871.93,1343.0,Warning
94.01,82.73,114.34,9.35,1611.64,2819.0,Critical
75.76,63.86,118.33,8.66,2113.96,727.0,Healthy
84.48,77.31,112.94,9.42,1749.81,1900.0,Warning
89.24,80.4,112.76,9.66,1794.88,2451.0,Warning
97.71,97.65,109.0,10.26,1618.74,3207.0,Failed
96.92,82.73,113.31,10.18,1556.26,2297.0,Critical
74.49,67.59,118.14,8.44,2084.79,341.0,Healthy
84.3,69.76,113.13,9.32,1827.39,1247.0,Warning
84.86,80.72,114.99,9.62,1809.69,1562.0,Warning
76.62,65.08,120.43,9.01,2021.89,501.0,Healthy
81.12,73.77,115.41,8.67,1804.39,1615.0,Warning
76.56,69.37,117.34,8.54,1996.91,1003.0,Healthy
75.88,68.68,116.55,8.16,2071.93,351.0,Healthy
86.52,76.13,111.79,9.78,1829.89,1385.0,Warning
67.46,62.62,115.57,8.26,2155.47,467.0,Healthy
87.24,75.87,114.03,9.16,1657.23,2160.0,Warning
75.47,67.54,117.84,8.38,2072.11,489.0,Healthy
90.69,83.05,113.58,9.85,1646.21,2356.0,Critical
76.34,61.27,117.75,8.97,2065.22,748.0,Healthy
91.46,88.43,112.52,10.09,1525.64,3441.0,Critical
62.29,57.54,121.05,7.79,2087.24,74.0,Healthy
82.73,76.97,114.3,8.94,1866.05,1977.0,Warning
80.45,67.19,115.29,8.66,2197.64,946.0,Healthy
67.08,65.91,114.87,9.59,2034.4,816.0,Healthy
81.62,72.51,117.43,9.33,1811.79,1350.0,Warning
89.49,89.82,110.17,10.34,1552.25,2198.0,Critical
96.73,88.66,108.6,10.29,1634.08,3284.0,Failed
84.97,72.88,117.16,8.81,1917.57,953.0,Healthy
73.98,73.31,116.23,8.7,2196.0,590.0,Healthy
91.28,81.74,112.99,10.03,1564.96,2170.0,Critical
89.98,81.97,113.68,9.59,1807.99,1763.0,Warning
76.09,63.93,119.38,8.51,2112.36,660.0,Healthy
92.16,86.57,113.65,9.76,1728.79,2720.0,Critical
88.35,73.15,116.47,9.47,1892.13,1342.0,Warning
91.02,79.55,113.78,9.67,1763.91,2203.0,Warning
81.65,72.39,115.12,9.75,2040.75,1032.0,Healthy
82.76,75.26,114.05,9.52,1813.35,1250.0,Warning
74.37,61.59,117.4,8.18,2022.23,482.0,Healthy
95.45,80.09,115.43,9.42,1638.2,1945.0,Critical
73.7,66.54,118.06,8.23,2208.77,463.0,Healthy
97.04,82.25,112.46,9.51,1692.48,2637.0,Critical
90.8,79.75,114.3,9.81,1695.95,2480.0,Critical
96.7,82.19,112.92,9.48,1663.05,2022.0,Critical
72.0,60.23,118.68,7.92,2251.75,62.0,Healthy
75.29,68.72,118.36,8.56,1884.65,987.0,Healthy
85.58,75.64,114.67,9.23,1839.45,1700.0,Warning
85.92,79.26,114.48,9.41,1765.73,1968.0,Warning
97.68,85.27,111.58,9.94,1518.6,3003.0,Failed
79.81,70.04,115.5,9.42,1911.37,1137.0,Healthy
95.85,89.03,111.53,10.35,1631.23,2788.0,Critical
77.73,63.27,120.77,8.19,2104.67,580.0,Healthy
82.69,69.95,115.35,8.57,2035.6,1156.0,Healthy
68.19,57.06,121.45,7.54,1996.5,190.0,Healthy
89.07,82.19,111.69,9.24,1799.32,2484.0,Critical
75.33,65.56,121.2,8.8,2042.57,464.0,Healthy
78.74,61.78,116.15,9.02,2125.36,962.0,Healthy
91.23,80.05,111.66,9.7,1623.93,2865.0,Critical
90.82,71.78,116.92,9.88,1855.26,1642.0,Warning
72.86,62.78,122.19,8.28,2104.07,49.0,Healthy
68.19,54.33,121.21,8.09,2101.14,8.0,Healthy
83.15,75.08,113.27,9.62,1889.03,1692.0,Warning
78.47,71.3,117.07,9.01,1773.41,1146.0,Healthy
74.41,65.97,118.2,8.51,1976.57,480.0,Healthy
92.18,77.09,112.58,9.44,1831.82,2308.0,Warning
79.81,67.89,118.76,8.53,2006.94,784.0,Healthy
87.87,80.88,112.91,8.84,1714.88,1636.0,Warning
83.41,71.06,114.27,8.63,2056.34,1029.0,Healthy
78.07,58.89,115.7,9.19,2219.23,653.0,Healthy
74.32,67.59,121.19,8.01,2103.36,398.0,Healthy
78.31,68.31,116.87,7.85,2136.1,617.0,Healthy
72.68,60.8,118.97,8.44,2300.48,84.0,Healthy
80.71,63.3,115.37,8.87,1983.01,830.0,Healthy
94.72,86.16,113.03,10.38,1527.65,2506.0,Failed
92.91,82.31,109.62,10.02,1625.14,2691.0,Critical
80.29,67.51,114.47,9.29,1823.24,1206.0,Healthy
85.16,76.87,113.76,10.05,1842.35,1805.0,Warning
82.6,75.41,114.29,9.21,1776.49,1995.0,Warning
96.89,83.45,112.7,10.32,1624.4,2138.0,Critical
78.13,69.31,116.62,9.04,2037.96,874.0,Healthy
74.87,69.66,119.35,8.51,1924.73,1134.0,Healthy
78.33,67.57,115.98,9.36,1985.88,1138.0,Healthy
70.67,59.36,118.08,8.55,2062.64,118.0,Healthy
79.99,68.08,115.2,8.29,1941.13,1159.0,Healthy
93.09,85.6,110.06,10.83,1496.39,3081.0,Critical
93.3,89.11,109.13,9.8,1491.48,2900.0,Failed
74.85,60.16,120.03,8.0,1942.65,419.0,Healthy
79.14,78.12,113.92,9.42,1845.02,1306.0,Warning
80.74,73.19,115.99,9.37,1971.9,1262.0,Healthy
83.7,66.47,113.56,9.26,1871.67,1386.0,Warning
86.27,76.9,112.69,9.13,1898.41,1602.0,Warning
71.37,63.73,121.46,7.95,2109.6,73.0,Healthy
100.06,86.43,113.98,9.95,1572.13,2842.0,Critical
94.41,87.97,112.17,10.77,1591.81,3382.0,Failed
92.23,79.42,111.26,9.47,1735.69,1972.0,Warning
82.28,80.35,111.4,9.39,1752.48,2471.0,Warning
90.02,78.15,117.69,8.73,1999.55,1660.0,Warning
73.9,65.78,116.28,8.6,1945.67,996.0,Healthy
81.78,62.65,116.45,8.33,2056.98,417.0,Healthy
86.35,82.44,115.78,9.01,1711.72,1693.0,Warning
75.22,61.45,119.65,7.41,2145.4,160.0,Healthy
97.99,89.32,112.61,10.45,1704.59,2462.0,Critical
81.32,81.58,112.43,8.65,1951.25,1251.0,Warning
81.36,70.97,115.36,8.51,2024.28,1267.0,Warning
77.3,66.22,118.15,9.45,1999.85,975.0,Healthy
101.44,88.28,109.35,10.76,1342.19,3130.0,Failed
73.98,68.54,120.1,8.85,2127.88,667.0,Healthy
72.08,68.26,116.51,8.58,2102.42,571.0,Healthy
76.58,71.78,118.18,8.94,2084.26,622.0,Healthy
87.06,79.65,115.88,10.0,1836.49,2194.0,Warning
98.77,91.22,108.35,10.34,1483.72,3790.0,Failed
77.39,64.93,118.05,8.16,2081.54,713.0,Healthy
95.24,79.65,111.82,9.75,1479.93,2549.0,Failed
76.88,68.24,117.35,8.64,1883.51,1036.0,Healthy
94.04,75.98,113.15,9.18,1698.57,2338.0,Warning
70.6,63.15,118.28,7.78,2146.56,124.0,Healthy
83.79,69.23,115.34,9.18,1896.88,1421.0,Warning
89.11,77.42,113.3,10.2,1654.0,1986.0,Warning
87.45,76.89,112.48,8.74,1945.13,1670.0,Warning
74.03,68.25,119.27,8.61,1956.27,863.0,Healthy
96.14,84.71,110.35,9.57,1613.0,2534.0,Critical
99.87,94.71,108.18,10.2,1521.83,3081.0,Failed
78.41,78.48,114.51,9.52,1902.5,1284.0,Warning
94.46,77.02,112.3,9.25,1790.92,2224.0,Warning
98.09,88.54,111.71,9.87,1827.68,2658.0,Critical
74.84,72.53,115.72,8.66,1982.75,664.0,Healthy
92.57,85.56,112.03,10.44,1619.9,2526.0,Critical
79.09,68.54,119.27,8.48,1997.18,829.0,Healthy
89.0,83.12,112.4,10.44,1735.55,2597.0,Critical
77.46,61.43,116.71,8.1,2157.44,290.0,Healthy
77.25,67.01,115.75,8.91,2015.71,954.0,Healthy
90.87,79.97,115.0,9.26,1706.96,1541.0,Warning
83.27,77.06,111.8,9.61,1796.3,1955.0,Warning
95.18,83.85,109.65,10.94,1526.57,3072.0,Critical
103.69,87.11,107.57,10.38,1466.94,3263.0,Failed
72.25,60.94,119.1,8.26,2058.88,315.0,Healthy
78.96,67.65,120.53,8.51,1968.57,786.0,Healthy
84.01,73.47,114.53,8.66,1916.8,942.0,Healthy
82.7,71.79,116.44,8.92,1833.27,1460.0,Warning
81.03,77.52,114.22,9.23,1830.72,1358.0,Warning
91.31,86.28,109.46,9.83,1526.42,2881.0,Critical
94.87,83.55,114.64,9.63,1663.57,2823.0,Critical
71.73,63.64,123.05,6.78,2114.65,50.0,Healthy
86.84,76.18,116.07,9.69,1833.58,1686.0,Warning
87.72,74.33,114.36,10.2,1763.33,1902.0,Warning
79.52,70.56,115.49,9.41,1671.2,1195.0,Warning
66.86,63.23,118.47,7.98,2307.87,348.0,Healthy
90.53,72.99,116.54,8.49,1963.75,1018.0,Healthy
83.93,76.44,116.9,8.4,1937.43,1366.0,Warning
76.04,65.83,120.62,8.72,2026.85,545.0,Healthy
93.53,87.8,111.65,10.4,1678.1,2390.0,Critical
75.35,67.52,116.98,8.87,1878.23,1123.0,Healthy
85.29,76.06,113.98,9.82,1826.93,1824.0,Warning
90.7,74.55,116.38,9.47,1704.29,1450.0,Warning
98.3,83.87,114.83,9.89,1484.29,3187.0,Critical
71.37,67.14,120.37,8.71,2057.8,345.0,Healthy
69.75,55.12,120.05,8.66,2240.81,399.0,Healthy
77.46,67.5,118.36,8.35,1901.63,1033.0,Healthy
81.99,76.38,117.59,9.4,1924.84,1546.0,Warning
85.1,68.02,120.64,8.69,1826.0,935.0,Healthy
92.33,86.11,109.84,9.8,1667.75,2861.0,Critical
73.79,73.95,118.45,8.77,2167.13,666.0,Healthy
72.37,62.78,115.28,8.36,2180.68,275.0,Healthy
83.21,75.92,117.29,9.39,1744.49,1434.0,Warning
89.36,90.46,113.09,9.59,1662.12,2836.0,Critical
96.72,86.72,110.67,10.35,1567.49,2884.0,Critical
95.63,81.86,108.66,9.37,1784.77,2498.0,Critical
87.15,79.44,114.4,9.32,1801.47,2115.0,Warning
89.33,85.28,113.09,9.77,1577.86,2235.0,Critical
88.86,80.33,113.09,10.09,1712.12,2210.0,Warning
72.05,65.58,116.72,8.59,1980.25,802.0,Healthy
86.12,81.67,113.15,9.27,1641.65,1599.0,Warning
94.05,82.31,112.22,10.5,1646.63,2355.0,Critical
76.82,73.09,115.63,8.62,1978.37,1091.0,Healthy
95.44,80.41,114.67,9.45,1772.73,2004.0,Warning
86.82,79.93,115.07,8.45,1944.36,1793.0,Warning
79.72,72.55,112.38,9.17,1825.33,1654.0,Warning
67.38,60.15,119.36,7.85,2016.86,311.0,Healthy
87.03,82.55,113.96,9.57,1666.71,1844.0,Warning
100.69,82.58,113.77,10.26,1592.53,3291.0,Critical
76.92,64.59,119.98,7.92,2198.22,542.0,Healthy
85.85,75.63,114.99,8.59,1944.04,1251.0,Healthy
71.49,56.11,121.65,7.48,2155.36,138.0,Healthy
70.26,62.1,117.62,7.87,2160.35,96.0,Healthy
95.95,93.32,110.15,10.1,1506.58,2659.0,Failed
85.85,74.73,116.2,10.09,2007.41,1298.0,Warning
80.08,67.88,118.63,9.49,1944.39,1048.0,Healthy
77.54,67.46,120.08,9.22,1986.5,782.0,Healthy
104.25,86.88,112.11,9.93,1517.05,3711.0,Failed
77.19,67.77,117.27,8.56,1969.32,887.0,Healthy
95.76,80.94,113.61,9.33,1567.1,2521.0,Critical
73.75,66.97,117.5,9.45,1862.17,1003.0,Healthy
80.18,63.51,118.23,8.51,2092.51,213.0,Healthy
89.38,85.24,112.99,9.29,1816.2,2618.0,Warning
72.17,61.03,122.68,8.15,2292.23,5.0,Healthy
92.87,84.3,114.21,9.1,1637.7,1911.0,Warning
76.02,72.25,120.59,8.57,2012.08,857.0,Healthy
94.84,80.62,110.92,9.8,1688.25,2438.0,Critical
95.71,83.92,111.73,10.22,1603.18,2571.0,Critical
89.58,80.45,113.38,10.21,1797.82,2101.0,Critical
68.63,56.29,120.87,8.07,2243.82,81.0,Healthy
91.25,82.18,112.79,9.67,1736.25,1869.0,Critical
99.36,86.55,111.3,9.18,1512.38,3568.0,Failed
81.46,68.73,118.76,9.23,1905.12,809.0,Healthy
80.34,63.56,115.18,8.42,2116.59,935.0,Healthy
94.19,84.92,112.99,10.07,1676.97,2683.0,Critical
76.63,60.1,120.01,9.3,2120.46,613.0,Healthy
83.68,81.84,113.84,9.17,1678.56,1761.0,Warning
90.8,81.47,109.69,9.9,1619.38,2385.0,Critical
71.98,59.65,119.21,8.29,2213.55,127.0,Healthy
89.96,79.99,115.12,9.82,1900.55,1844.0,Warning
87.88,76.31,112.94,9.44,1934.87,2006.0,Warning
83.48,69.44,118.34,9.23,1928.76,1157.0,Healthy
98.89,85.69,112.33,10.02,1573.85,2787.0,Critical
73.42,66.4,118.57,8.62,1918.53,583.0,Healthy
80.51,74.05,116.38,9.08,1748.17,1164.0,Healthy
96.69,87.97,111.8,10.09,1647.88,2977.0,Critical
74.37,64.32,118.09,8.61,1998.29,610.0,Healthy
99.24,88.27,109.86,9.7,1467.18,2578.0,Critical
69.05,59.62,118.56,8.08,2051.61,300.0,Healthy
85.63,72.45,115.22,8.71,1884.97,1682.0,Warning
74.47,61.88,121.37,8.01,2177.98,259.0,Healthy
89.4,83.48,114.26,10.15,1594.49,2186.0,Warning
92.1,80.21,114.3,10.14,1745.49,2093.0,Critical
95.27,88.17,109.39,10.25,1549.44,2566.0,Critical
101.87,89.27,109.65,9.81,1535.11,2575.0,Failed
88.66,78.86,116.39,9.81,1732.6,2357.0,Warning
89.87,86.37,111.19,9.9,1660.73,2753.0,Critical
88.62,72.76,113.8,9.48,1771.01,1315.0,Warning
98.58,94.24,110.46,10.84,1559.14,2919.0,Failed
92.34,78.78,116.59,9.45,1770.92,2390.0,Warning
98.78,86.96,110.16,10.08,1565.57,2382.0,Critical
83.6,71.69,118.48,8.96,2043.26,710.0,Healthy
88.25,75.43,115.62,9.0,1940.43,1347.0,Warning
89.72,85.46,109.81,9.86,1651.43,2334.0,Critical
77.49,60.22,117.95,7.71,2110.36,657.0,Healthy
74.67,65.01,117.06,8.41,2035.23,647.0,Healthy
97.98,90.53,111.24,10.97,1629.33,3552.0,Failed
78.8,76.28,118.26,9.22,1783.29,1341.0,Warning
74.6,67.76,117.67,8.81,2177.03,491.0,Healthy
81.58,71.97,116.17,9.21,1925.44,1187.0,Healthy
81.72,75.1,119.8,9.53,2090.78,1126.0,Healthy
85.39,80.12,112.7,9.42,1798.66,2172.0,Warning
93.12,81.26,108.76,10.68,1621.91,2876.0,Failed
105.93,93.92,112.2,11.37,1496.51,2801.0,Failed
90.53,77.04,113.41,9.62,1798.27,1751.0,Warning
88.53,81.94,113.43,9.22,1764.48,2532.0,Warning
81.04,70.2,120.13,8.57,1963.33,914.0,Healthy
102.28,85.86,109.32,10.33,1661.13,3279.0,Critical
78.4,63.22,117.53,7.88,1778.67,703.0,Healthy
64.83,57.38,117.08,7.96,2074.0,371.0,Healthy
107.15,86.19,110.77,10.3,1520.43,3197.0,Failed
90.38,88.4,110.53,10.2,1635.25,3316.0,Critical
78.49,64.77,115.2,9.48,2065.21,870.0,Healthy
86.85,77.61,114.35,9.96,1707.16,2067.0,Warning
81.79,75.26,115.35,8.72,1841.85,1723.0,Warning
80.55,66.61,114.89,10.35,2043.53,906.0,Healthy
72.39,66.97,115.35,8.71,2091.38,965.0,Healthy
73.81,64.33,118.95,7.67,2163.97,504.0,Healthy
89.92,77.33,112.0,8.96,1803.23,2104.0,Warning
80.87,70.26,115.88,8.7,2091.27,1601.0,Warning
81.19,75.79,116.89,8.74,1847.82,1357.0,Warning
76.04,67.66,118.85,8.74,2066.56,708.0,Healthy
97.14,84.34,109.68,9.28,1673.61,3228.0,Failed
87.37,79.8,114.03,9.99,1875.23,1885.0,Warning
93.42,84.84,109.13,10.57,1626.88,3083.0,Critical
74.84,63.65,119.11,8.09,2051.38,407.0,Healthy
90.47,80.85,113.28,9.92,1773.02,2110.0,Warning
92.29,84.96,109.95,9.69,1646.77,2711.0,Critical
77.15,72.67,117.63,8.49,2124.52,1169.0,Healthy
76.26,68.23,115.08,8.71,2299.38,574.0,Healthy
75.06,70.67,115.57,8.58,1966.56,905.0,Healthy
78.72,69.4,115.67,8.43,2077.16,876.0,Healthy
87.82,76.72,114.77,9.07,1821.76,1495.0,Warning
79.6,70.93,118.69,9.34,1961.84,1039.0,Healthy
74.5,63.14,118.42,9.19,1940.71,839.0,Healthy
90.63,77.08,113.67,9.79,1879.58,1703.0,Warning
71.06,60.96,119.56,7.99,2181.9,178.0,Healthy
79.76,69.95,116.58,9.06,1985.22,1297.0,Healthy
92.12,81.77,115.16,9.38,1721.11,2078.0,Warning
77.35,62.85,115.52,8.91,2107.01,591.0,Healthy
76.73,72.65,118.95,8.93,2078.19,770.0,Healthy
75.84,65.71,117.23,9.27,2004.72,669.0,Healthy
76.22,60.0,120.75,7.68,2064.33,3.0,Healthy
87.81,72.2,116.02,8.81,1762.17,1778.0,Warning
73.67,58.16,120.71,8.32,2043.87,143.0,Healthy
78.58,67.81,119.65,8.57,2024.54,846.0,Healthy
96.83,89.93,108.0,10.89,1438.32,2725.0,Failed
100.93,87.29,112.32,10.82,1635.53,2822.0,Failed
76.89,71.42,117.75,9.22,2068.7,695.0,Healthy
77.57,68.92,116.21,8.8,1836.16,810.0,Healthy
83.18,73.65,118.41,9.51,1842.57,1685.0,Warning
92.43,87.78,112.61,9.9,1439.08,3119.0,Critical
97.25,83.57,111.35,10.09,1546.61,2704.0,Critical
75.84,65.41,120.17,8.29,2072.41,417.0,Healthy
74.28,59.9,118.69,8.27,2037.26,380.0,Healthy
82.37,68.69,115.18,9.77,2059.08,1589.0,Warning
94.06,86.47,110.39,9.64,1650.84,2713.0,Critical
90.07,85.77,111.64,10.2,1556.31,2491.0,Critical
68.98,60.79,118.01,8.29,2238.99,407.0,Healthy
85.0,77.59,114.49,9.69,1720.03,2084.0,Warning
71.99,65.3,119.77,7.95,2064.45,464.0,Healthy
91.45,78.45,113.3,9.6,1788.02,2247.0,Warning
99.93,85.94,113.8,10.05,1469.25,3033.0,Failed
83.26,74.29,115.47,8.24,1936.46,1675.0,Warning
76.72,59.43,121.19,8.67,2165.26,271.0,Healthy
85.03,75.57,115.67,8.86,1841.57,1793.0,Warning
81.85,73.86,118.2,8.38,2057.83,1355.0,Warning
94.17,84.26,114.85,10.41,1668.81,3085.0,Critical
83.49,68.78,113.95,8.72,1971.84,894.0,Healthy
96.56,83.54,111.65,10.07,1467.78,2964.0,Critical
78.61,65.17,117.1,8.57,2025.23,730.0,Healthy
69.76,64.33,118.59,8.82,2051.34,456.0,Healthy
76.49,75.27,116.34,8.55,1975.61,1058.0,Healthy
74.34,62.74,118.84,8.33,2137.68,121.0,Healthy
72.21,64.44,115.54,8.25,2042.45,1020.0,Healthy
93.83,81.93,113.54,9.78,1658.67,2147.0,Warning
75.77,61.99,119.98,8.72,2117.37,510.0,Healthy
71.1,63.33,118.15,8.84,2038.72,357.0,Healthy
71.48,62.2,118.18,7.71,1963.43,373.0,Healthy
78.01,68.39,118.18,8.08,2118.38,243.0,Healthy
100.47,82.84,109.76,10.83,1624.87,2432.0,Critical
97.97,89.26,110.2,10.73,1476.96,3077.0,Failed
71.8,59.34,120.05,8.04,2178.33,150.0,Healthy
90.86,85.02,114.29,9.9,1638.91,2200.0,Critical
92.52,82.99,110.84,9.96,1601.16,2346.0,Critical
97.89,93.67,109.99,10.34,1546.75,3322.0,Failed
80.2,72.59,118.29,9.09,1904.38,1084.0,Healthy
84.0,66.48,115.38,8.91,2030.11,813.0,Healthy
83.31,82.34,117.37,8.69,1766.03,1713.0,Warning
92.55,87.36,110.78,9.95,1611.34,3073.0,Critical
87.76,80.21,113.78,9.64,1739.89,2064.0,Critical
84.53,74.77,114.96,9.08,1898.01,1495.0,Warning
75.05,69.23,118.24,8.72,2100.21,744.0,Healthy
92.55,83.59,115.14,9.89,1742.73,2789.0,Critical
90.78,87.12,111.27,9.85,1625.77,2977.0,Critical
84.07,74.9,117.5,9.54,1987.72,1356.0,Healthy
86.88,82.66,113.73,9.67,1702.09,1837.0,Warning
82.15,69.46,114.82,9.59,1961.55,1122.0,Warning
83.34,80.68,115.0,9.77,1866.8,1795.0,Warning
90.9,81.65,114.44,8.89,1980.61,1645.0,Warning
93.79,85.67,110.13,9.74,1678.87,2001.0,Critical
105.16,89.44,110.91,10.28,1412.91,3124.0,Failed
85.01,73.5,116.54,9.24,1909.19,1489.0,Warning
84.55,69.3,117.8,9.15,1884.28,1004.0,Healthy
80.58,70.62,118.41,8.99,1996.77,1160.0,Healthy
75.05,57.46,120.09,8.11,2166.0,390.0,Healthy
82.56,73.5,116.13,9.4,1943.42,928.0,Healthy
75.31,66.13,118.55,8.04,2056.46,330.0,Healthy
84.43,67.81,116.98,9.37,1911.1,1347.0,Warning
74.04,67.69,118.91,8.4,2010.53,601.0,Healthy
79.92,70.37,116.51,8.84,1890.44,944.0,Healthy
97.22,83.21,110.75,10.25,1604.01,2834.0,Critical
81.42,68.86,116.74,9.23,2077.8,789.0,Healthy
86.58,73.13,114.76,9.65,1652.96,1854.0,Warning
94.8,87.0,108.06,10.06,1508.81,2972.0,Failed
84.3,77.25,110.82,10.01,1995.05,1706.0,Warning
78.3,66.06,119.1,8.68,2220.65,697.0,Healthy
77.55,66.24,115.75,8.93,2055.45,1231.0,Healthy
90.16,79.05,114.8,9.89,1790.24,1685.0,Warning
86.84,78.38,117.3,9.4,1905.53,1577.0,Warning
72.82,65.68,116.99,9.35,2065.19,407.0,Healthy
88.1,72.72,113.03,9.12,1670.86,1147.0,Warning
81.91,84.36,114.15,9.82,1774.24,1596.0,Warning
83.0,65.25,116.3,8.85,1974.95,876.0,Healthy
89.33,80.69,113.84,9.71,1773.55,2163.0,Warning
65.88,62.83,120.11,8.03,2189.53,265.0,Healthy
84.87,76.14,117.12,8.7,2096.45,1044.0,Healthy
97.04,85.29,112.03,10.21,1639.55,2062.0,Critical
76.49,69.58,118.99,8.3,1938.22,879.0,Healthy
85.26,79.67,114.95,9.28,1760.7,1709.0,Warning
77.59,69.13,115.63,9.03,1964.51,1352.0,Warning
86.74,66.89,117.79,9.29,1969.5,993.0,Healthy
94.71,86.66,108.52,10.32,1494.43,2672.0,Failed
76.51,73.17,118.16,8.88,2001.68,1010.0,Healthy
77.9,67.8,117.67,8.17,1942.9,710.0,Healthy
92.37,86.66,109.11,10.95,1493.2,2531.0,Failed
89.43,86.49,111.92,10.31,1711.13,2583.0,Critical
93.44,74.51,114.74,10.19,1659.92,2090.0,Warning
72.88,57.6,118.35,7.54,2137.12,172.0,Healthy
72.78,56.45,119.3,8.47,2109.43,434.0,Healthy
89.21,82.78,114.93,9.22,1749.81,1820.0,Warning
74.96,65.99,117.94,8.83,1975.98,622.0,Healthy
76.58,69.67,116.45,8.69,2068.36,844.0,Healthy
91.09,83.05,112.11,10.16,1581.2,2415.0,Critical
76.84,71.65,115.03,8.43,2131.9,773.0,Healthy
70.32,61.77,118.55,7.76,2117.78,242.0,Healthy
68.92,62.32,117.97,7.83,2223.13,109.0,Healthy
86.43,74.09,115.5,9.23,1948.43,1399.0,Warning
90.82,79.53,111.92,9.45,1739.62,1743.0,Warning
93.27,91.12,111.44,10.27,1514.41,2239.0,Critical
69.74,58.45,120.59,7.87,2180.81,367.0,Healthy
75.43,65.7,119.83,8.49,1948.52,613.0,Healthy
92.36,76.49,112.83,9.88,1727.56,1631.0,Warning
77.84,71.07,115.36,9.04,1993.68,1362.0,Healthy
83.99,73.28,116.45,9.36,1846.16,1397.0,Warning
97.99,86.12,111.81,10.47,1496.56,3059.0,Failed
86.02,80.94,113.63,9.16,1778.68,1972.0,Warning
81.08,72.24,115.12,9.69,1845.78,1304.0,Warning
103.15,97.0,110.23,10.62,1681.88,3487.0,Failed
73.32,63.54,116.6,8.23,2235.82,214.0,Healthy
100.5,87.09,111.47,10.61,1481.58,2805.0,Failed
86.82,76.71,116.61,9.63,1823.82,1867.0,Warning
87.79,75.44,114.38,8.76,1895.12,1533.0,Warning
102.41,91.68,108.65,10.33,1476.56,2902.0,Failed
89.21,71.72,117.05,10.16,1800.18,1719.0,Warning
90.13,67.75,115.95,9.76,1869.27,1455.0,Warning
81.83,69.26,118.34,8.64,1938.75,876.0,Healthy
87.76,82.27,111.43,9.94,1826.54,2268.0,Warning
89.63,77.95,112.33,9.29,1744.1,1964.0,Warning
78.56,68.45,118.48,8.68,2040.64,694.0,Healthy
97.04,82.86,114.45,9.59,1712.75,2275.0,Critical
86.42,74.88,111.87,9.42,1876.03,1785.0,Warning
83.59,72.76,115.87,8.76,1914.96,1379.0,Healthy
68.09,64.08,117.58,8.68,2367.88,17.0,Healthy
84.94,73.91,114.48,8.92,1858.38,1309.0,Warning
69.54,56.25,119.55,8.47,2178.1,17.0,Healthy
73.69,61.25,119.98,8.01,2222.46,282.0,Healthy
78.69,74.59,112.54,8.86,2052.18,1329.0,Warning
74.84,67.84,121.16,8.36,2121.5,282.0,Healthy
78.89,62.4,116.99,8.17,2105.93,872.0,Healthy
90.12,80.75,115.39,9.9,1808.95,2150.0,Warning
85.11,66.46,117.96,8.72,1923.11,922.0,Healthy
98.78,91.45,111.3,10.27,1500.2,3538.0,Failed
98.52,89.25,113.87,9.98,1555.33,2937.0,Failed
87.86,76.86,112.97,10.25,1707.76,1860.0,Warning
99.6,90.9,110.53,10.4,1536.27,3170.0,Failed
102.71,89.46,109.83,10.14,1598.79,3264.0,Critical
79.76,69.07,116.66,9.15,2006.75,1150.0,Healthy
90.79,78.48,113.58,9.54,1680.87,1976.0,Critical
79.72,68.38,120.32,8.8,2050.84,413.0,Healthy
89.61,83.02,112.58,9.7,1916.51,1887.0,Warning
79.92,76.42,113.28,8.67,1873.6,1830.0,Warning
68.28,58.43,119.94,7.83,2292.21,48.0,Healthy
74.49,71.18,115.98,8.25,2043.08,971.0,Healthy
93.26,94.79,109.58,10.42,1651.79,3197.0,Failed
78.39,69.11,117.85,8.47,1916.84,1119.0,Healthy
75.23,65.73,118.91,8.09,2065.87,620.0,Healthy
79.17,62.43,119.38,8.59,2032.88,549.0,Healthy
86.26,72.22,114.7,9.22,1818.79,1532.0,Warning
97.03,82.06,113.09,10.59,1631.55,2343.0,Critical
90.06,83.13,112.44,10.36,1649.7,2165.0,Critical
85.76,72.08,115.21,9.12,1780.03,1188.0,Warning
80.44,67.38,116.26,8.72,2029.67,768.0,Healthy
72.57,58.71,116.4,7.55,2136.87,135.0,Healthy
85.15,73.38,113.03,9.43,1946.62,1262.0,Warning
90.65,81.58,112.18,10.2,1513.9,2337.0,Critical
95.05,82.45,111.34,10.21,1648.19,2114.0,Critical
87.6,67.36,113.45,8.9,1853.95,1112.0,Warning
88.81,78.3,113.42,9.37,1843.3,2053.0,Warning
81.3,72.25,116.06,8.97,1850.99,1489.0,Warning
86.88,77.91,114.83,10.02,1878.37,1919.0,Warning
84.26,70.57,114.78,9.41,1833.98,1901.0,Warning
89.35,82.39,113.1,9.1,1762.51,1790.0,Warning
87.18,74.34,114.12,9.53,1933.06,1694.0,Warning
99.06,88.87,111.54,10.17,1445.4,3116.0,Failed
85.85,67.23,115.45,9.5,1880.61,1489.0,Warning
71.59,56.75,119.73,8.26,2222.55,47.0,Healthy
74.5,65.92,119.19,9.09,2050.37,734.0,Healthy
83.52,79.14,116.18,9.67,1745.82,1499.0,Warning
84.53,77.8,114.32,9.73,1877.32,1654.0,Warning
86.01,76.96,113.99,9.83,1817.15,1867.0,Warning
96.82,78.66,112.35,10.11,1710.07,2066.0,Critical
84.1,64.92,114.22,8.41,1990.04,1008.0,Healthy
92.46,80.78,115.0,9.2,1480.02,2548.0,Warning
91.48,83.22,111.93,9.43,1750.81,2186.0,Critical
78.25,72.97,117.17,9.32,1959.15,1574.0,Warning
82.73,77.19,116.04,8.12,1884.77,1278.0,Warning
73.0,63.32,120.3,8.44,1955.99,463.0,Healthy
87.31,72.96,116.65,8.93,1867.38,1538.0,Warning
88.79,78.52,113.5,10.46,1728.83,2353.0,Critical
98.42,87.9,110.02,10.23,1531.09,2397.0,Failed
85.19,82.22,112.14,9.34,1786.27,1660.0,Warning
78.95,65.86,117.23,9.27,1963.76,1044.0,Healthy
92.47,83.0,110.3,9.67,1747.63,1950.0,Warning
95.27,86.53,111.9,9.75,1576.55,2589.0,Critical
79.78,67.9,114.89,8.63,1951.27,1204.0,Healthy
97.08,86.2,110.48,10.18,1709.12,3079.0,Critical
70.22,66.95,120.16,8.05,2075.05,274.0,Healthy
71.06,61.01,120.69,7.9,2170.49,30.0,Healthy
76.7,66.05,118.53,8.89,2198.15,403.0,Healthy
75.68,59.36,118.92,8.41,2150.53,576.0,Healthy
94.78,88.16,110.4,10.02,1620.94,2523.0,Critical
81.91,74.3,119.39,8.66,1933.62,1631.0,Warning
81.29,64.27,117.7,8.77,2037.39,963.0,Healthy
79.6,69.98,114.82,8.85,1881.21,1611.0,Warning
79.01,73.66,117.36,8.84,2011.78,1168.0,Healthy
80.85,68.14,118.85,8.41,1951.49,850.0,Healthy
72.82,67.47,117.46,8.42,2023.93,521.0,Healthy
85.32,80.61,111.31,9.12,1630.15,1916.0,Warning
78.15,64.27,116.8,8.51,2055.05,508.0,Healthy
89.96,82.75,111.24,9.72,1606.85,2154.0,Critical
75.45,66.93,117.9,8.79,2001.91,609.0,Healthy
90.08,84.35,110.24,10.02,1593.99,2461.0,Critical
93.27,85.77,111.32,10.06,1666.01,3003.0,Critical
71.11,62.49,118.43,8.65,2036.55,395.0,Healthy
74.75,66.32,119.62,8.84,2183.15,289.0,Healthy
98.82,90.46,111.42,10.88,1592.98,2828.0,Failed
86.84,75.05,115.97,8.63,2081.71,1301.0,Warning
87.08,79.18,116.39,9.33,1722.47,2211.0,Warning
77.1,62.2,121.41,7.86,2170.94,81.0,Healthy
72.65,62.87,117.55,8.95,1945.2,1022.0,Healthy
80.41,75.89,113.49,9.05,1752.5,1391.0,Warning
101.85,91.51,110.12,9.99,1546.03,2335.0,Critical
79.57,68.8,115.14,8.38,1947.91,912.0,Healthy
94.28,83.51,112.48,10.06,1562.64,2470.0,Critical
91.16,78.08,113.87,9.91,1755.38,2226.0,Warning
75.17,64.94,120.19,7.8,2033.55,330.0,Healthy
79.7,68.22,117.47,8.53,2039.91,1061.0,Healthy
74.24,71.06,119.2,7.84,2101.96,744.0,Healthy
85.73,70.68,117.19,8.15,1821.05,1517.0,Warning
91.04,77.7,112.1,9.78,1867.15,1785.0,Warning
87.29,71.2,114.89,9.21,1928.7,1137.0,Warning
82.63,72.84,117.54,8.68,2022.99,738.0,Healthy
91.87,80.31,111.98,10.37,1570.59,2161.0,Warning
83.85,75.89,113.79,8.79,1653.82,1818.0,Warning
90.9,69.31,115.26,8.47,1962.29,1489.0,Warning
83.58,73.9,114.27,8.94,1917.48,1751.0,Warning
77.67,68.24,117.78,7.71,2172.64,712.0,Healthy
89.64,81.98,111.78,9.46,1872.28,1991.0,Warning
80.33,69.67,116.88,9.2,2038.73,1157.0,Healthy
83.2,69.12,117.02,9.03,1964.64,1191.0,Healthy
75.23,70.07,117.36,8.79,2139.97,392.0,Healthy
89.44,85.99,112.09,9.64,1727.47,1559.0,Warning
85.63,81.53,115.82,9.35,1797.22,1876.0,Warning
79.69,74.89,119.22,8.64,2021.44,898.0,Healthy
93.49,91.11,111.75,10.32,1659.29,3023.0,Critical
94.77,92.01,111.0,9.5,1598.14,2799.0,Critical
72.92,62.37,120.48,7.0,1961.29,283.0,Healthy
96.38,78.22,113.76,9.89,1592.41,2072.0,Warning
81.04,77.32,115.75,9.08,1962.4,1053.0,Healthy
93.61,87.1,111.45,11.13,1459.77,3719.0,Failed
80.94,63.66,116.54,8.84,2095.7,666.0,Healthy
79.76,65.4,116.16,8.82,1906.25,855.0,Healthy
82.87,72.87,116.12,8.98,1999.45,1577.0,Warning
76.75,62.11,117.48,8.35,1936.89,762.0,Healthy
87.92,76.46,114.04,9.62,1833.73,1956.0,Warning
90.24,72.56,116.98,9.58,1739.24,1728.0,Warning
76.78,63.04,115.46,8.74,2093.65,716.0,Healthy
79.98,78.38,114.99,9.64,1771.02,1463.0,Warning
97.65,86.68,113.96,10.26,1577.14,2455.0,Critical
97.39,85.5,111.18,9.62,1731.43,2831.0,Critical
85.43,76.37,113.94,9.71,1922.96,1407.0,Warning
75.95,68.03,113.75,9.15,1932.21,920.0,Healthy
72.42,68.36,118.35,8.52,2025.07,504.0,Healthy
93.6,87.71,112.09,10.42,1459.31,2671.0,Critical
95.87,80.35,113.77,9.98,1559.52,1894.0,Critical
86.95,72.11,112.72,9.24,1732.78,1472.0,Warning
91.35,87.95,111.19,10.09,1516.02,2900.0,Critical
74.8,59.87,119.12,7.94,1994.31,400.0,Healthy
90.9,81.62,113.25,9.6,1705.83,1913.0,Warning
75.15,66.74,116.19,8.95,2045.71,610.0,Healthy
70.56,59.54,118.91,8.64,2114.53,428.0,Healthy
80.78,74.74,114.12,9.39,1810.16,1458.0,Warning
84.88,72.2,113.32,9.35,1882.5,1291.0,Healthy
98.98,88.82,111.61,10.21,1515.83,2747.0,Failed
81.16,70.16,116.97,8.34,2038.58,1072.0,Healthy
95.18,82.49,112.74,9.97,1575.43,2522.0,Critical
93.45,84.24,111.71,9.84,1541.52,2180.0,Critical
88.63,77.97,114.26,9.94,1706.76,2183.0,Warning
96.99,84.39,112.33,10.51,1520.82,2438.0,Failed
85.73,74.26,118.55,9.42,1785.25,1110.0,Warning
85.93,74.5,117.32,8.17,1895.29,1219.0,Healthy
71.16,66.65,118.97,8.08,2016.54,475.0,Healthy
77.65,67.65,115.17,8.65,2000.73,991.0,Healthy
98.91,80.57,111.04,10.39,1617.74,2474.0,Critical
89.88,78.68,113.12,10.02,1825.01,1296.0,Warning
85.59,64.38,115.36,8.46,2001.94,903.0,Healthy
74.1,68.24,120.77,8.26,2024.23,779.0,Healthy
88.37,80.88,113.62,9.04,1839.37,1775.0,Warning
91.68,81.95,109.32,9.49,1673.6,2661.0,Critical
81.73,69.47,118.35,8.36,1983.8,1059.0,Healthy
95.1,83.87,111.41,9.91,1559.48,2787.0,Critical
85.1,79.49,114.85,9.97,1612.82,2398.0,Warning
95.28,90.68,110.37,10.02,1738.14,2418.0,Critical
80.54,65.0,116.85,8.28,2041.29,854.0,Healthy
88.87,76.02,115.48,9.5,1714.87,1649.0,Warning
73.87,63.63,116.48,7.97,2177.45,564.0,Healthy
76.2,76.14,116.11,9.3,2174.49,999.0,Healthy
93.78,80.0,113.19,10.4,1572.94,2487.0,Critical
89.58,80.24,112.6,8.94,1754.72,1881.0,Warning
72.87,68.85,118.48,8.56,2121.87,622.0,Healthy
94.77,88.09,111.44,9.83,1468.75,3069.0,Critical
72.06,64.65,120.27,8.16,2040.53,171.0,Healthy
86.18,82.11,116.81,9.45,1859.57,2248.0,Warning
99.52,90.44,114.17,9.92,1506.99,2908.0,Failed
80.7,74.57,115.38,9.81,1772.45,1742.0,Warning
98.07,84.46,111.83,9.94,1508.27,2929.0,Critical
87.9,76.84,114.71,9.3,1809.48,1944.0,Warning
90.19,91.06,111.82,10.0,1539.72,2540.0,Critical
82.29,78.07,111.06,9.29,1659.57,2003.0,Warning
93.82,82.18,113.02,9.65,1639.75,2457.0,Warning
78.51,62.33,119.35,7.83,2013.42,688.0,Healthy
92.89,82.65,110.38,8.91,1592.64,2135.0,Critical
79.73,66.28,116.14,8.21,1957.47,648.0,Healthy
102.0,91.45,109.32,10.24,1589.15,3047.0,Failed
77.42,68.94,118.28,7.87,2053.98,667.0,Healthy
76.34,71.35,121.2,8.39,2035.55,906.0,Healthy
94.51,89.77,110.2,9.93,1633.82,2870.0,Critical
78.55,67.09,117.71,8.58,1945.19,931.0,Healthy
85.02,67.99,116.4,9.15,1976.45,1245.0,Healthy
91.13,78.96,112.4,10.47,1733.9,2605.0,Critical
79.19,65.67,118.34,8.57,2006.98,429.0,Healthy
75.89,65.25,117.71,8.0,2136.39,548.0,Healthy
85.73,75.36,119.25,9.48,1878.4,1319.0,Warning
84.53,65.71,118.69,9.17,2050.4,670.0,Healthy
82.03,71.38,116.96,8.14,2168.34,627.0,Healthy
75.31,55.86,121.68,7.6,2203.32,31.0,Healthy
78.72,69.34,116.68,8.36,1866.81,1257.0,Healthy
86.12,66.32,116.9,8.57,1987.65,933.0,Healthy
70.69,60.31,119.42,8.23,2179.25,115.0,Healthy
87.95,82.38,113.41,10.15,1676.44,2325.0,Warning
82.32,77.94,111.9,9.92,1599.42,2250.0,Warning
73.1,62.43,116.78,8.33,2145.23,238.0,Healthy
76.26,71.5,117.39,8.81,2053.52,1054.0,Healthy
97.41,85.18,110.98,10.34,1665.24,2673.0,Critical
83.98,78.61,115.49,9.64,1815.08,1830.0,Warning
87.75,73.11,114.55,9.55,2037.22,1129.0,Warning
85.61,70.56,113.7,9.15,1888.39,1760.0,Warning
83.09,64.86,119.08,8.63,2038.43,690.0,Healthy
91.29,85.42,111.44,9.87,1648.01,2473.0,Critical
102.07,91.27,112.14,10.33,1501.55,2576.0,Failed
91.91,91.16,110.94,10.17,1461.15,2805.0,Failed
77.34,73.0,120.58,8.08,1964.95,621.0,Healthy
77.43,70.78,118.03,9.13,1944.13,1113.0,Healthy
73.47,63.58,119.01,9.0,2156.86,560.0,Healthy
77.67,69.02,118.13,8.75,1869.19,1080.0,Healthy
77.24,69.64,116.26,8.96,1889.11,1144.0,Healthy
85.21,77.77,111.2,9.93,1821.25,2345.0,Warning
74.36,66.84,118.64,8.42,2038.7,530.0,Healthy
97.93,88.87,113.72,10.37,1540.48,2971.0,Failed
76.58,59.57,115.53,8.17,2097.85,345.0,Healthy
71.09,63.47,120.63,7.8,2349.79,26.0,Healthy
99.15,80.14,109.15,10.35,1646.36,2585.0,Critical
86.68,80.45,112.93,9.96,1727.52,2051.0,Critical
79.36,74.11,116.57,9.26,1967.04,937.0,Healthy
90.0,79.69,115.17,9.49,1815.91,2264.0,Warning
77.74,65.64,118.08,8.08,2191.38,645.0,Healthy
72.47,70.96,120.38,8.86,2052.21,455.0,Healthy
86.94,72.81,117.04,8.88,1883.69,1747.0,Warning
79.0,64.59,116.17,8.58,1955.1,1325.0,Healthy
86.12,79.82,115.49,9.33,1841.61,2001.0,Warning
78.01,61.21,117.35,7.85,2183.69,634.0,Healthy
89.91,77.39,112.64,9.57,1688.89,2116.0,Warning
91.44,84.87,110.52,10.16,1699.45,2072.0,Critical
73.33,63.62,120.3,8.24,2097.45,455.0,Healthy
68.11,63.06,119.11,8.64,2057.88,139.0,Healthy
82.0,69.71,111.97,9.61,1969.9,1600.0,Warning
96.52,85.8,113.07,10.29,1783.26,2125.0,Critical
90.26,74.45,112.84,8.85,1810.03,2202.0,Warning
93.93,85.01,112.53,10.33,1658.12,2096.0,Critical
83.63,70.66,115.62,8.91,1809.47,1060.0,Warning
75.21,71.64,117.15,9.26,2086.83,677.0,Healthy
81.01,73.43,118.77,9.09,1741.4,1408.0,Warning
73.35,71.91,120.45,8.45,1978.56,572.0,Healthy
89.77,78.91,113.79,9.85,1708.39,2143.0,Critical
73.66,60.53,118.39,8.12,2120.99,548.0,Healthy
81.68,68.87,118.78,8.08,1969.22,896.0,Healthy
88.11,78.9,115.3,8.31,1828.89,1299.0,Warning
91.24,76.97,116.36,10.4,1850.35,1264.0,Warning
85.73,81.51,114.83,8.83,1706.12,2127.0,Warning
87.92,75.55,115.82,8.43,1863.38,1555.0,Warning
102.36,85.12,112.22,10.53,1426.97,2805.0,Failed
94.5,87.5,110.97,9.53,1670.88,3207.0,Critical
97.79,86.65,111.3,9.55,1807.68,2558.0,Critical
92.61,76.76,112.24,8.42,1764.14,2214.0,Warning
88.87,79.59,112.35,9.7,1850.78,1986.0,Warning
87.87,78.11,110.11,9.09,1752.63,1826.0,Warning
81.16,77.29,116.34,9.34,1787.87,1274.0,Warning
72.58,68.12,117.88,8.77,2154.62,919.0,Healthy
87.97,76.08,115.71,9.51,1717.95,2018.0,Warning
68.64,58.67,118.09,7.88,2257.89,66.0,Healthy
67.0,65.91,120.59,7.91,2212.07,28.0,Healthy
96.82,83.62,111.48,9.77,1698.82,2458.0,Critical
67.04,65.28,120.64,7.8,2162.14,147.0,Healthy
88.16,72.65,113.77,8.87,1739.54,1606.0,Warning
89.9,79.97,113.35,10.14,1716.33,2321.0,Warning
74.74,66.73,115.69,8.34,2249.46,550.0,Healthy
96.68,90.57,109.97,9.33,1598.56,2712.0,Critical
72.13,68.97,118.1,8.58,2241.13,648.0,Healthy
98.79,86.78,111.42,9.89,1551.43,2584.0,Critical
93.45,81.28,109.84,9.89,1723.01,2485.0,Critical
78.01,72.1,116.83,8.49,1928.77,625.0,Healthy
76.03,62.61,118.73,8.97,2096.86,560.0,Healthy
77.56,62.68,118.95,8.64,2156.49,1149.0,Healthy
77.38,66.36,114.75,9.32,1858.73,1082.0,Healthy
80.25,62.53,118.28,8.9,1972.72,859.0,Healthy
102.03,91.75,109.17,9.95,1566.98,2635.0,Failed
75.28,73.53,117.03,8.65,2048.41,859.0,Healthy
96.15,78.8,110.38,9.77,1770.25,2254.0,Critical
78.55,62.43,116.84,7.91,2069.34,480.0,Healthy
102.82,89.67,109.49,9.97,1519.33,3585.0,Failed
75.07,71.4,119.32,8.89,2067.48,637.0,Healthy
78.18,70.29,114.65,10.11,1818.76,1580.0,Warning
82.81,78.53,113.05,9.07,1705.12,1907.0,Warning
72.67,62.86,119.11,8.39,2004.62,381.0,Healthy
98.89,92.33,111.84,10.17,1363.6,2219.0,Critical
76.06,68.67,117.15,8.47,2000.92,934.0,Healthy
84.69,77.55,114.89,9.94,1711.45,1820.0,Warning
84.64,76.74,112.99,10.25,1772.14,1704.0,Warning
86.48,76.84,112.63,9.27,1859.76,1854.0,Warning
71.63,64.51,120.92,8.83,2085.49,184.0,Healthy
71.22,61.58,118.09,8.2,2137.15,520.0,Healthy
78.09,58.83,119.28,8.01,1960.75,554.0,Healthy
78.63,68.61,118.82,8.7,1933.76,942.0,Healthy
81.78,66.79,119.82,8.71,2237.85,553.0,Healthy
94.14,85.92,108.73,10.26,1520.43,3014.0,Failed
90.16,75.95,114.7,9.58,1943.96,1406.0,Warning
92.88,75.05,115.33,9.65,1951.93,2369.0,Warning
79.49,73.91,117.21,9.43,1916.25,1366.0,Healthy
77.1,70.24,117.51,8.9,1953.37,1058.0,Healthy
82.33,75.15,112.51,9.87,1674.96,1485.0,Warning
76.1,69.34,116.13,8.39,2017.32,883.0,Healthy
80.31,66.13,116.67,8.78,1989.79,882.0,Healthy
83.64,69.54,113.33,9.13,1944.73,1674.0,Warning
80.36,74.81,116.13,8.92,1957.29,1754.0,Warning
106.41,91.07,109.98,10.06,1428.91,2875.0,Failed
75.92,68.39,114.8,8.71,2193.36,625.0,Healthy
84.84,73.55,114.27,9.49,1835.87,1805.0,Warning
72.61,66.72,118.08,8.42,2124.44,451.0,Healthy
79.7,74.76,116.31,9.3,1949.61,1148.0,Healthy
90.45,81.25,114.96,9.35,1636.17,1981.0,Critical
75.23,66.16,119.12,8.28,1981.97,486.0,Healthy
87.4,76.82,112.14,8.98,1809.88,1777.0,Warning
84.92,72.12,113.6,9.1,1831.18,1200.0,Warning
72.23,62.06,119.08,8.32,2146.26,147.0,Healthy
100.11,93.1,110.86,10.87,1513.88,2875.0,Failed
82.38,75.15,117.35,8.56,1881.5,1170.0,Warning
94.21,85.99,114.76,10.11,1507.31,2954.0,Critical
81.77,71.13,118.51,9.62,1655.21,1377.0,Warning
101.13,85.43,109.96,9.94,1610.97,2452.0,Failed
79.68,69.88,118.5,8.23,2086.71,825.0,Healthy
81.89,76.1,116.52,8.44,1706.5,1292.0,Warning
92.2,87.94,110.78,10.15,1702.25,2361.0,Critical
79.98,62.95,113.73,8.57,1976.81,1182.0,Healthy
81.02,78.27,116.57,9.1,1839.03,1293.0,Healthy
99.68,91.1,107.81,10.4,1575.45,3273.0,Failed
84.99,79.4,113.17,10.11,1902.13,1676.0,Warning
92.98,75.46,112.08,10.04,1802.18,1930.0,Warning
91.79,78.59,113.89,9.29,1889.16,1678.0,Warning
100.19,87.31,113.64,9.95,1700.46,2183.0,Critical
94.04,82.33,111.4,10.47,1530.21,2659.0,Critical
88.9,68.23,113.56,8.98,1807.11,1443.0,Warning
73.11,69.84,113.95,9.21,2024.65,882.0,Healthy
73.17,60.53,120.46,7.96,2305.56,59.0,Healthy
84.06,82.76,113.9,9.86,1749.83,2250.0,Warning
91.81,84.28,110.92,9.99,1571.59,2336.0,Critical
84.51,73.26,117.24,8.92,1752.31,1536.0,Warning
73.08,67.03,116.57,8.14,2154.55,610.0,Healthy
76.37,71.74,116.09,9.41,2015.08,1066.0,Healthy
83.85,73.17,114.53,9.16,1773.69,1843.0,Warning
97.29,87.93,110.79,11.32,1675.97,2820.0,Critical
72.35,63.59,119.11,8.49,2052.56,489.0,Healthy
88.2,78.41,114.57,9.19,1665.52,1900.0,Warning
91.47,84.61,114.04,9.25,1779.11,2323.0,Critical
100.54,90.62,111.39,10.83,1379.72,3103.0,Failed
76.04,64.46,118.66,8.21,2129.81,357.0,Healthy
92.29,84.55,110.23,10.65,1542.66,2482.0,Failed
91.18,72.43,114.67,10.43,1647.87,1573.0,Warning
91.17,82.44,112.05,10.18,1689.34,2362.0,Critical
72.32,64.53,119.53,8.27,2106.88,198.0,Healthy
82.37,76.53,115.7,9.76,1980.38,1753.0,Warning
89.79,79.4,113.98,9.88,1844.48,1838.0,Warning
86.86,69.18,117.39,8.26,2002.91,1153.0,Healthy
83.33,73.88,114.5,9.61,1698.51,1468.0,Warning
85.25,73.65,116.48,9.37,1767.54,2014.0,Warning
85.88,78.92,112.81,10.0,1762.6,1997.0,Warning
66.85,63.79,120.24,8.31,2267.53,140.0,Healthy
87.53,72.12,114.88,9.58,1906.6,1654.0,Warning
77.35,67.73,119.49,8.44,2075.68,671.0,Healthy
94.35,82.35,112.16,9.68,1639.7,3268.0,Failed
96.25,89.84,110.23,10.67,1646.85,2755.0,Failed
79.04,68.59,119.34,9.14,2106.95,1128.0,Healthy
78.05,69.03,117.97,8.22,2121.07,612.0,Healthy
73.13,65.99,119.13,8.47,2024.6,638.0,Healthy
87.67,76.94,114.13,8.31,1900.37,1582.0,Warning
95.96,85.06,111.86,10.12,1585.21,2263.0,Critical
82.21,68.14,113.6,8.75,1912.85,1617.0,Warning
70.26,60.99,119.48,8.35,2115.8,196.0,Healthy
76.44,61.79,119.52,8.23,2244.36,121.0,Healthy
72.66,67.27,119.04,8.57,2044.55,797.0,Healthy
93.09,85.78,110.57,10.64,1640.94,2945.0,Critical
91.5,77.13,118.4,9.65,1669.26,2334.0,Warning
87.54,75.92,112.3,9.48,1784.04,2133.0,Warning
77.2,66.19,117.16,8.93,2012.44,902.0,Healthy
100.78,81.89,111.14,10.09,1534.82,2765.0,Failed
82.97,69.62,117.5,9.22,1780.43,943.0,Healthy
96.04,82.81,110.88,9.72,1516.82,2553.0,Critical
95.04,90.12,111.4,10.41,1600.21,2339.0,Critical
83.13,67.95,114.32,9.7,1982.01,1535.0,Warning
97.68,87.7,113.87,9.83,1555.39,3304.0,Critical
74.37,74.67,116.28,8.16,1967.12,966.0,Healthy
93.74,79.2,113.19,9.23,1823.28,2162.0,Warning
77.74,62.63,118.13,8.95,2139.3,253.0,Healthy
83.51,75.5,114.06,8.94,1927.69,1363.0,Warning
77.59,68.03,115.73,8.06,2024.21,579.0,Healthy
75.44,60.66,120.38,8.3,2123.57,167.0,Healthy
75.98,57.09,118.95,6.92,2263.15,13.0,Healthy
84.41,71.7,115.56,8.43,2026.47,1223.0,Healthy
82.48,71.96,112.66,10.04,1761.66,2148.0,Warning
82.71,76.15,115.9,8.76,1791.4,1711.0,Warning
80.56,67.88,117.01,8.65,1855.23,805.0,Healthy
98.25,89.75,110.13,10.6,1383.16,2989.0,Failed
103.53,86.61,109.46,10.47,1491.67,2691.0,Failed
78.66,68.06,119.4,8.1,2137.37,337.0,Healthy
80.01,73.2,114.86,9.26,1776.17,1188.0,Warning
88.98,78.5,113.62,10.2,1617.78,2194.0,Warning
89.76,80.96,112.46,9.41,1716.76,2332.0,Critical
80.41,70.55,113.8,8.72,2069.04,1364.0,Healthy
91.71,89.58,115.58,9.82,1764.71,2037.0,Critical
76.59,59.77,119.62,8.59,1965.76,426.0,Healthy
77.29,73.2,116.95,8.84,1999.07,1099.0,Healthy
83.64,83.2,113.34,9.74,1774.96,2513.0,Critical
83.96,83.39,116.82,8.94,1722.4,1977.0,Warning
92.03,87.0,113.33,9.64,1595.0,2181.0,Critical
69.44,61.42,120.05,8.19,2193.88,143.0,Healthy
75.79,68.29,117.19,8.23,2116.95,494.0,Healthy
68.22,62.14,118.69,7.98,2196.22,143.0,Healthy
72.13,68.03,115.37,8.46,2123.46,547.0,Healthy
67.34,64.41,119.4,8.95,2214.25,14.0,Healthy
81.78,75.4,115.95,9.06,1796.99,1886.0,Warning
84.19,74.58,115.67,9.88,1794.48,1452.0,Warning
87.94,77.81,114.35,10.17,1677.14,2011.0,Warning
83.61,72.9,115.38,9.28,1893.68,1126.0,Healthy
67.13,57.46,120.79,7.67,2242.69,9.0,Healthy
89.14,79.17,114.5,9.74,1666.46,2070.0,Warning
69.99,58.73,116.12,7.98,2247.59,194.0,Healthy
98.41,87.51,111.79,10.97,1514.62,2522.0,Critical
70.22,58.42,122.9,8.22,2200.4,66.0,Healthy
89.07,72.05,114.26,9.24,1895.53,1988.0,Warning
93.39,83.52,107.27,10.95,1609.46,3031.0,Critical
87.03,75.46,113.06,9.29,1651.46,1673.0,Warning
86.52,76.81,111.19,9.74,1784.77,1582.0,Warning
86.77,81.2,112.23,9.98,1663.85,2610.0,Warning
73.47,63.19,116.94,8.44,2008.54,466.0,Healthy
95.45,81.36,114.65,9.64,1745.38,2306.0,Warning
93.85,87.76,112.36,10.54,1483.84,2395.0,Critical
98.84,91.45,110.77,10.18,1537.63,3397.0,Failed
79.35,67.57,117.41,9.55,2006.34,1391.0,Warning
75.96,66.95,115.71,8.75,1983.03,903.0,Healthy
90.24,84.26,112.58,10.42,1654.06,2055.0,Critical
84.94,76.92,117.86,9.78,1807.13,1419.0,Warning
76.5,70.65,118.3,8.86,2093.01,697.0,Healthy
74.49,60.53,119.15,8.39,2055.04,563.0,Healthy
70.16,63.68,117.15,8.87,2043.61,596.0,Healthy
81.9,72.89,114.78,9.38,1804.07,1751.0,Warning
76.61,65.6,116.79,7.14,2009.39,650.0,Healthy
66.52,60.7,122.32,7.72,2257.66,71.0,Healthy
70.5,62.97,117.14,8.2,2124.66,137.0,Healthy
98.78,87.55,112.07,10.44,1593.5,2919.0,Failed
69.84,66.31,120.14,8.47,2199.81,191.0,Healthy
73.22,67.27,116.86,8.8,2072.29,247.0,Healthy
78.97,70.18,117.2,9.36,1820.56,1245.0,Warning
80.02,67.49,117.16,7.78,2074.61,834.0,Healthy
99.98,91.27,108.39,10.49,1537.35,2776.0,Failed
97.5,89.09,111.44,10.76,1548.0,3092.0,Failed
85.52,70.92,114.72,9.06,1953.62,1415.0,Warning
82.47,74.23,115.21,9.2,1966.88,1314.0,Warning
79.4,66.5,115.49,8.74,1934.31,1436.0,Healthy
75.25,61.08,118.3,8.47,2127.98,108.0,Healthy
84.31,64.4,115.29,8.59,2004.39,786.0,Healthy
71.6,65.2,119.97,8.54,2049.75,406.0,Healthy
72.73,59.72,119.46,8.43,2139.76,316.0,Healthy
89.96,77.31,114.78,9.42,1807.55,2032.0,Warning
72.73,63.92,118.47,8.44,2065.6,318.0,Healthy
74.87,63.32,119.05,8.34,2095.57,297.0,Healthy
86.76,72.52,114.09,9.71,1837.7,1553.0,Warning
81.58,72.64,114.45,9.38,1949.06,1621.0,Warning
75.39,67.67,121.19,8.76,2033.65,394.0,Healthy
70.11,58.86,121.28,7.71,2132.13,12.0,Healthy
72.14,65.85,117.23,8.15,2035.03,710.0,Healthy
74.11,65.41,115.4,8.61,2079.99,864.0,Healthy
92.05,87.07,109.45,10.3,1698.01,2920.0,Critical
100.25,87.7,109.89,10.5,1580.14,2665.0,Failed
85.06,69.89,116.1,8.71,1973.03,1453.0,Warning
84.4,72.17,116.13,9.32,2009.46,1170.0,Warning
92.69,80.65,113.1,9.53,1713.86,2390.0,Critical
90.05,82.99,114.23,9.84,1697.02,1702.0,Warning
76.36,65.39,116.6,8.57,2064.91,570.0,Healthy
74.45,59.08,121.18,8.18,2015.68,401.0,Healthy
84.55,74.62,115.33,8.88,1925.25,1131.0,Warning
82.73,82.3,114.79,9.47,1765.29,1557.0,Warning
71.79,67.75,117.63,8.38,2111.87,469.0,Healthy
75.71,65.49,117.53,8.31,1987.91,1049.0,Healthy
82.5,68.37,120.06,9.01,1955.2,954.0,Healthy
82.8,67.75,115.9,9.12,2035.12,924.0,Healthy
77.32,73.77,113.72,9.5,1867.48,1754.0,Warning
94.29,80.73,112.17,9.76,1692.42,2253.0,Warning
85.54,74.25,114.41,9.09,1755.59,1593.0,Warning
79.08,63.3,117.2,8.56,2087.46,678.0,Healthy
74.61,65.94,117.41,8.2,2031.43,304.0,Healthy
98.98,81.29,111.71,10.1,1768.28,2205.0,Critical
85.01,71.97,117.55,9.57,1967.46,1316.0,Warning
67.77,58.47,119.15,8.11,2029.32,194.0,Healthy
77.43,69.58,117.27,7.91,2069.52,754.0,Healthy
95.67,84.44,112.47,10.33,1728.24,2104.0,Critical
91.9,85.2,113.45,10.04,1626.9,2288.0,Critical
98.25,83.92,113.3,10.25,1615.02,3198.0,Critical
87.87,74.3,114.34,9.04,1768.52,1604.0,Warning
80.9,71.36,115.77,8.72,1958.51,1571.0,Warning
79.54,72.25,114.25,8.78,1865.65,1179.0,Warning
74.64,66.45,119.17,8.25,2145.32,611.0,Healthy
90.14,74.48,112.23,9.43,1732.97,2408.0,Warning
81.67,78.99,112.84,8.99,1765.09,1556.0,Warning
72.31,61.96,118.74,9.25,2143.47,512.0,Healthy
90.58,84.63,113.46,10.81,1652.09,3120.0,Critical
79.2,74.58,117.41,9.03,1755.17,1215.0,Healthy
75.08,54.94,119.45,8.11,1932.86,130.0,Healthy
76.28,70.8,115.25,9.55,1997.82,1068.0,Healthy
98.21,87.05,113.58,10.82,1538.14,2391.0,Critical
106.06,85.05,110.75,10.0,1452.45,2823.0,Failed
89.07,73.37,114.66,9.33,1826.8,1396.0,Warning
99.09,92.35,111.27,10.32,1763.45,3374.0,Failed
98.83,92.15,110.58,10.08,1480.92,3145.0,Critical
90.65,87.95,110.62,10.0,1693.19,2331.0,Critical
91.07,91.45,110.42,10.12,1537.29,2906.0,Critical
81.54,69.38,115.19,9.04,1816.51,1372.0,Healthy
93.89,77.95,110.74,9.98,1621.52,2359.0,Critical
90.6,77.16,112.37,10.02,1682.15,2156.0,Warning
89.88,84.01,114.26,9.48,1570.78,2043.0,Critical
75.91,59.77,119.23,8.83,2017.56,484.0,Healthy
92.42,79.16,111.45,9.4,1600.8,2016.0,Critical
98.33,86.28,111.76,10.49,1518.0,3570.0,Failed
78.86,70.15,117.44,9.17,2001.62,1015.0,Healthy
97.02,90.27,109.65,10.69,1446.56,2672.0,Failed
82.19,69.03,114.38,8.82,1985.5,1157.0,Healthy
76.58,66.53,118.51,8.61,2007.06,590.0,Healthy
72.05,59.93,121.68,8.94,2109.12,414.0,Healthy
95.55,82.27,112.17,9.73,1476.99,2366.0,Critical
89.73,72.85,115.95,9.61,1818.19,1481.0,Warning
81.25,68.76,116.61,9.15,2165.17,791.0,Healthy
85.13,75.85,115.3,9.37,1837.68,2003.0,Warning
80.26,72.03,116.45,9.52,1953.72,914.0,Healthy
80.72,73.37,111.91,9.95,1793.5,1718.0,Warning
96.17,85.2,110.29,10.59,1726.7,3210.0,Critical
87.32,85.35,113.52,10.11,1719.4,2155.0,Warning
96.7,84.02,114.0,9.21,1612.44,2634.0,Critical
89.85,76.4,113.93,8.93,1739.68,1642.0,Warning
103.2,87.99,110.13,10.44,1671.86,2564.0,Failed
80.4,63.7,116.7,8.34,2021.56,626.0,Healthy
77.06,67.67,119.72,8.91,2052.44,862.0,Healthy
71.5,63.7,121.33,7.09,2118.96,257.0,Healthy
91.85,70.88,113.45,9.63,1806.97,1925.0,Warning
87.91,74.31,111.59,9.46,1736.66,2121.0,Warning
87.72,80.23,110.03,9.6,1805.61,2753.0,Critical
83.09,66.77,117.55,9.6,1968.71,1190.0,Healthy
70.8,60.5,120.08,7.91,2078.79,40.0,Healthy
93.48,79.51,112.51,8.93,1788.97,1898.0,Warning
100.69,89.59,110.42,10.68,1491.73,3781.0,Failed
78.78,70.49,115.21,8.89,2024.31,824.0,Healthy
80.1,63.76,119.35,8.39,2044.72,518.0,Healthy
73.84,68.32,116.61,9.64,1959.48,949.0,Healthy
81.01,69.75,114.12,9.15,1973.74,1626.0,Warning
74.87,68.38,116.94,9.03,2173.09,669.0,Healthy
73.82,70.64,115.93,9.0,1808.42,1328.0,Healthy
91.77,75.55,114.17,10.1,1759.82,1954.0,Warning
78.68,69.89,118.3,8.73,1915.27,1165.0,Healthy
84.6,71.77,117.71,8.56,1849.81,1361.0,Healthy
72.37,62.04,119.84,8.41,1999.46,131.0,Healthy
99.36,88.49,110.54,10.41,1586.3,3429.0,Failed
80.84,70.04,115.08,9.34,1876.5,1210.0,Warning
77.55,72.14,114.07,8.57,1926.86,1149.0,Healthy
72.86,64.16,119.11,8.41,2235.68,282.0,Healthy
91.78,76.85,112.38,8.95,1720.92,2246.0,Warning
95.76,82.49,113.19,9.97,1556.78,3168.0,Critical
69.13,59.29,119.29,7.82,2064.31,126.0,Healthy
70.76,59.94,119.67,8.56,2025.68,374.0,Healthy
75.0,65.02,117.81,8.17,2214.84,522.0,Healthy
86.41,81.62,112.96,8.96,1827.33,1645.0,Warning
97.42,91.9,111.69,10.08,1658.15,2690.0,Failed
82.42,69.87,116.04,9.33,1826.32,1443.0,Warning
78.98,72.67,117.05,8.91,1988.23,963.0,Healthy
93.86,83.23,112.2,9.62,1747.74,2799.0,Critical
93.94,75.09,113.76,10.19,1726.55,2170.0,Critical
83.3,66.41,118.5,9.24,2153.7,736.0,Healthy
77.1,63.49,115.13,8.77,2119.58,561.0,Healthy
85.52,74.37,116.04,7.97,1949.39,969.0,Healthy
90.81,80.66,113.77,10.03,1468.73,2641.0,Critical
86.05,82.54,111.52,9.68,1746.8,1804.0,Warning
89.93,79.65,110.8,8.85,1781.71,2292.0,Warning
97.46,80.55,111.5,9.56,1711.2,2545.0,Critical
80.42,66.66,118.01,9.01,1942.44,980.0,Healthy
83.82,74.79,115.91,8.92,1959.54,892.0,Healthy
63.66,60.75,121.52,8.14,2043.16,158.0,Healthy
99.82,88.78,114.08,9.91,1462.82,2610.0,Critical
88.48,80.03,111.29,9.89,1833.34,1781.0,Warning
74.31,67.6,116.44,8.25,2092.64,829.0,Healthy
74.25,58.23,115.88,7.82,2255.54,189.0,Healthy
92.21,78.25,113.76,9.68,1728.69,1902.0,Critical
93.61,86.82,111.49,9.26,1839.56,2020.0,Critical
92.98,80.44,112.62,9.31,1702.27,2178.0,Warning
77.4,60.91,119.68,8.93,2129.21,712.0,Healthy
92.98,89.9,108.88,9.95,1455.32,2457.0,Failed
92.17,77.23,110.1,10.2,1421.31,2052.0,Critical
84.88,77.25,110.01,9.9,1701.06,1760.0,Warning
91.48,79.77,115.4,9.56,1734.69,2074.0,Warning
101.32,94.69,112.51,9.69,1585.71,2572.0,Failed
94.12,90.3,110.28,10.35,1535.29,2550.0,Failed
85.85,76.42,112.13,8.64,1811.96,1846.0,Warning
79.85,72.59,117.08,8.83,2047.56,1383.0,Warning
79.55,73.67,120.49,9.01,2004.42,1014.0,Healthy
95.81,88.84,111.46,10.4,1565.39,2912.0,Critical
88.01,78.6,111.75,9.55,1547.77,2142.0,Warning
74.28,61.66,121.09,7.95,2059.89,273.0,Healthy
77.46,61.78,116.88,8.08,2207.91,424.0,Healthy
100.31,89.0,110.45,10.06,1529.58,2757.0,Failed
93.18,89.61,107.2,10.46,1635.14,3375.0,Critical
102.71,82.74,110.03,10.52,1584.94,3174.0,Failed
87.23,71.65,113.8,9.06,1896.05,1178.0,Warning
98.18,79.88,114.05,10.21,1644.21,2724.0,Critical
94.37,85.3,110.25,10.07,1567.1,2909.0,Critical
77.22,65.76,118.01,8.26,2157.19,1198.0,Healthy
71.41,60.4,118.39,7.92,2021.79,474.0,Healthy
96.61,93.28,110.22,10.73,1591.76,3305.0,Failed
70.94,60.41,120.48,7.53,2245.31,89.0,Healthy
90.46,77.74,113.95,9.34,1831.08,1955.0,Warning
93.43,80.8,112.53,9.58,1735.26,1697.0,Warning
89.0,83.37,111.96,9.29,1604.36,2464.0,Warning
77.55,66.41,118.21,7.97,1929.22,882.0,Healthy
91.33,80.46,109.93,9.33,1632.91,2478.0,Critical
74.59,65.32,120.35,7.82,2078.1,743.0,Healthy
97.08,88.12,111.91,10.32,1690.92,2353.0,Critical
77.66,66.37,117.3,8.71,2071.74,573.0,Healthy
91.33,80.03,113.43,9.44,1733.08,2254.0,Warning
94.58,84.68,111.27,9.41,1735.01,2547.0,Critical
77.51,71.16,117.84,8.94,1900.54,690.0,Healthy
78.96,67.36,115.92,8.77,1856.86,816.0,Healthy
90.86,82.56,112.77,9.7,1530.81,2322.0,Critical
75.27,68.41,119.02,8.69,2213.84,277.0,Healthy
76.49,69.71,118.37,8.53,1905.72,618.0,Healthy
82.36,77.22,117.67,9.27,1880.34,1574.0,Warning
98.61,86.4,109.49,9.91,1476.04,3278.0,Failed
87.89,75.06,114.19,8.8,1819.1,1882.0,Warning
84.88,66.13,113.65,8.34,1917.29,1416.0,Healthy
96.21,92.25,111.04,11.28,1535.17,2904.0,Failed
87.89,74.14,115.34,8.83,1843.47,1674.0,Warning
83.08,67.61,115.69,9.11,1952.98,1130.0,Warning
80.83,75.95,115.65,9.21,2028.93,1494.0,Warning
77.76,68.35,116.01,8.77,2082.65,923.0,Healthy
76.77,69.13,120.49,8.75,1943.02,1123.0,Healthy
85.41,76.1,113.18,9.65,1649.31,2387.0,Warning
73.26,62.7,120.04,8.29,2187.06,124.0,Healthy
96.4,81.96,111.47,9.29,1880.76,1946.0,Warning
71.18,65.89,119.32,8.33,2054.9,709.0,Healthy
78.67,70.27,115.97,8.04,1998.15,1135.0,Healthy
76.65,72.28,119.2,7.62,2160.13,436.0,Healthy
86.45,72.97,115.83,8.86,1874.84,1871.0,Warning
94.38,79.72,112.55,10.16,1791.28,2512.0,Critical
80.33,72.76,115.44,8.78,1846.4,910.0,Healthy
73.16,61.86,114.87,8.69,2008.55,523.0,Healthy
76.12,63.53,117.15,8.72,2045.25,819.0,Healthy
87.4,87.94,110.8,10.15,1725.75,2517.0,Critical
74.6,69.85,115.61,8.29,2110.89,805.0,Healthy
96.09,84.69,114.43,9.97,1654.03,2598.0,Critical
83.51,70.48,118.16,8.93,2048.01,929.0,Healthy
79.88,63.59,115.37,9.35,2034.16,707.0,Healthy
93.14,81.06,112.96,9.68,1624.77,2079.0,Critical
77.29,73.82,114.09,9.46,1765.7,1616.0,Warning
69.03,63.48,120.24,8.03,2167.13,107.0,Healthy
102.77,90.08,109.2,10.12,1500.31,3334.0,Failed
79.3,61.65,117.71,8.72,2176.85,537.0,Healthy
84.69,72.97,117.91,9.64,1997.64,1141.0,Healthy
80.84,66.51,117.38,9.07,1934.98,1430.0,Healthy
80.76,73.72,117.37,8.95,1862.06,1636.0,Warning
93.44,80.14,111.82,10.15,1616.66,2979.0,Critical
70.23,57.61,117.76,8.13,2053.4,16.0,Healthy
102.67,93.75,112.06,11.22,1452.68,3394.0,Failed
90.06,74.97,114.93,9.91,1810.74,2173.0,Warning
98.57,86.06,111.44,10.0,1523.47,3514.0,Failed
94.74,86.05,110.71,10.55,1522.88,2459.0,Critical
99.03,86.43,109.12,10.63,1659.88,3151.0,Failed
89.91,78.5,114.79,9.88,1915.15,1933.0,Warning
78.55,75.01,115.1,9.07,2046.24,1263.0,Healthy
80.11,75.25,115.11,9.51,1923.88,1507.0,Warning
93.85,78.33,117.78,9.82,1762.27,2437.0,Warning
77.88,72.41,118.92,8.97,1899.18,1328.0,Warning
96.86,83.54,113.87,9.88,1700.9,2418.0,Critical
67.02,64.66,118.09,8.18,2186.0,335.0,Healthy
93.15,84.96,110.62,10.21,1675.6,2717.0,Critical
79.04,67.21,119.03,8.54,2093.4,634.0,Healthy
98.32,89.4,112.81,10.23,1277.08,2981.0,Failed
70.72,64.39,117.68,8.32,2183.21,552.0,Healthy
75.15,62.06,118.02,8.32,2125.54,486.0,Healthy
94.56,86.58,112.01,9.32,1523.09,2290.0,Critical
93.91,85.44,109.73,10.46,1642.75,2358.0,Critical
90.29,75.92,110.57,9.99,1707.07,2074.0,Critical
98.71,86.34,108.63,10.16,1401.96,2691.0,Failed
76.37,66.67,118.11,8.91,1959.22,714.0,Healthy
102.1,84.2,112.14,9.86,1532.87,2960.0,Critical
79.84,74.17,118.19,8.68,1875.69,1054.0,Healthy
85.0,85.73,112.02,9.49,1869.45,1668.0,Warning
81.74,65.99,113.27,9.69,1838.3,1634.0,Warning
75.51,61.09,120.63,8.13,2203.37,22.0,Healthy
82.32,77.44,112.95,9.13,1856.89,1872.0,Warning
93.5,81.88,111.33,9.73,1642.03,2007.0,Critical
74.52,66.87,119.77,8.78,2140.02,549.0,Healthy
93.68,88.4,109.85,10.49,1656.25,3474.0,Failed
83.45,74.83,114.04,9.71,1896.42,1970.0,Warning
76.3,65.44,117.84,8.6,2123.22,530.0,Healthy
86.79,81.05,113.26,9.92,1816.19,2456.0,Warning
76.54,67.14,119.11,9.29,2097.25,571.0,Healthy
77.09,62.47,117.55,7.62,2223.43,229.0,Healthy
91.07,78.81,112.86,10.68,1626.38,2576.0,Warning
68.96,71.78,120.64,8.65,2116.55,302.0,Healthy
70.65,64.27,122.14,9.32,2157.02,312.0,Healthy
91.34,84.49,110.57,9.46,1676.04,2426.0,Critical
70.6,60.13,119.94,8.29,2361.55,167.0,Healthy
94.75,84.86,111.62,10.09,1617.85,3088.0,Critical
94.82,84.43,111.89,10.34,1500.09,2449.0,Critical
79.43,58.51,117.4,8.54,2105.43,514.0,Healthy
85.54,73.4,115.95,9.44,1903.4,1458.0,Warning
69.44,60.69,120.09,8.55,2062.53,369.0,Healthy
92.44,77.18,117.46,9.54,1754.26,2211.0,Warning
75.68,58.68,117.39,7.95,2150.09,162.0,Healthy
99.03,88.47,107.93,10.54,1534.1,2626.0,Failed
75.49,70.42,121.0,8.31,2006.73,559.0,Healthy
92.35,80.88,113.09,9.66,1809.73,2265.0,Warning
73.22,60.3,118.03,7.74,2283.59,465.0,Healthy
70.12,63.2,118.19,8.55,1986.12,747.0,Healthy
85.22,72.4,113.4,8.76,1779.78,1488.0,Warning
89.87,72.95,114.83,9.42,1763.83,1920.0,Warning
104.29,90.88,109.89,10.06,1613.36,3763.0,Failed
68.59,64.84,121.35,8.06,2161.21,81.0,Healthy
70.69,58.28,121.28,8.36,2229.08,1.0,Healthy
81.25,70.74,117.91,8.64,1881.76,941.0,Healthy
81.24,69.7,116.62,8.54,2086.4,977.0,Healthy
96.86,84.63,113.57,10.52,1557.68,2457.0,Critical
97.49,87.95,111.74,10.65,1581.14,3455.0,Failed
97.05,84.43,110.4,10.37,1519.96,3110.0,Critical
76.52,61.87,117.35,8.17,2028.4,534.0,Healthy
86.02,67.51,114.83,8.78,1911.24,1234.0,Warning
90.11,82.57,113.42,9.73,1686.21,2069.0,Critical
78.86,72.58,114.88,8.76,2050.19,824.0,Healthy
88.63,82.02,113.6,8.97,1600.71,2070.0,Warning
75.42,71.59,116.38,8.2,1957.92,902.0,Healthy
74.85,67.68,114.89,9.31,1918.63,845.0,Healthy
95.89,88.37,109.76,10.23,1607.31,3224.0,Critical
78.95,64.21,117.46,9.12,1934.28,730.0,Healthy
98.46,91.06,111.5,10.82,1517.34,2539.0,Failed
79.16,74.12,115.92,8.64,1934.12,852.0,Healthy
71.96,62.2,116.65,7.94,2172.69,63.0,Healthy
81.88,72.63,122.18,9.02,1959.6,874.0,Healthy
73.88,63.34,119.96,8.73,1999.23,648.0,Healthy
81.69,74.8,116.33,9.66,1868.03,1939.0,Warning
73.11,60.63,121.31,8.28,2210.14,299.0,Healthy
94.43,78.89,113.88,9.62,1826.84,2041.0,Warning
92.76,87.06,111.05,10.09,1676.59,2727.0,Critical
82.83,70.95,118.41,8.88,2044.64,1058.0,Healthy
78.53,63.63,120.34,8.15,2069.21,547.0,Healthy
74.9,70.53,116.92,8.97,2069.66,1150.0,Warning
94.81,84.61,113.46,9.9,1710.31,2253.0,Critical
89.55,77.27,112.23,9.3,1709.97,2237.0,Warning
72.23,59.58,118.6,8.57,2075.71,356.0,Healthy
84.18,70.42,117.18,8.78,1836.04,1902.0,Warning
82.27,72.26,116.53,9.31,1942.78,1504.0,Warning
78.83,65.67,114.54,8.45,1952.71,1015.0,Healthy
72.4,60.8,118.1,7.94,2045.2,336.0,Healthy
97.96,88.16,112.5,10.15,1576.46,2683.0,Failed
74.25,64.84,118.92,8.63,1987.42,670.0,Healthy
79.35,63.78,118.35,7.58,2089.39,660.0,Healthy
70.72,70.94,118.86,8.43,2101.54,467.0,Healthy
81.86,73.32,114.17,9.44,1693.47,1919.0,Warning
86.93,76.94,114.78,8.72,2031.61,1702.0,Warning
76.91,67.0,116.25,8.7,2026.65,719.0,Healthy
81.72,70.91,117.22,8.59,1804.53,1582.0,Warning
89.87,81.97,113.62,9.67,1732.42,1811.0,Warning
79.08,67.09,118.24,8.2,1864.4,723.0,Healthy
95.89,85.04,111.67,11.11,1588.22,3412.0,Failed
80.71,74.56,119.05,9.11,2054.45,818.0,Healthy
73.06,59.36,118.7,8.59,2277.43,681.0,Healthy
97.73,87.9,111.69,10.0,1539.63,3029.0,Failed
87.67,84.89,112.15,9.92,1579.89,2501.0,Critical
83.81,74.52,115.15,8.76,1976.34,1313.0,Healthy
94.71,84.05,111.25,10.2,1726.23,2502.0,Critical
87.57,83.55,115.7,9.46,1876.9,1390.0,Warning
81.83,72.68,117.55,8.96,2023.89,996.0,Healthy
96.84,78.09,113.78,10.24,1673.08,3185.0,Critical
92.54,78.2,111.79,9.81,1713.99,2826.0,Critical
80.1,69.65,117.36,8.88,1879.34,874.0,Healthy
85.32,74.77,113.74,9.26,1658.82,1977.0,Warning
77.57,72.73,118.74,8.5,1815.08,1225.0,Healthy
69.73,58.67,120.55,8.74,2103.46,4.0,Healthy
96.82,85.27,110.98,10.57,1440.14,3229.0,Failed
90.77,73.6,114.45,10.1,1964.04,2005.0,Warning
89.08,80.51,113.68,9.39,1724.55,1643.0,Warning
85.85,71.93,111.83,10.46,1788.06,1915.0,Warning
85.7,79.66,112.6,9.41,1795.04,1948.0,Warning
79.1,71.93,117.37,9.18,2012.45,758.0,Healthy
98.94,88.15,110.37,10.44,1525.5,3024.0,Failed
89.47,74.44,114.06,9.62,1664.35,2343.0,Warning
90.33,81.8,114.7,9.63,1778.17,2388.0,Warning
79.47,72.18,115.59,8.94,1827.26,1245.0,Warning
72.18,64.09,116.6,9.11,1941.43,917.0,Healthy
70.81,67.66,119.04,8.16,2130.44,203.0,Healthy
82.19,67.85,116.86,9.21,2019.56,951.0,Healthy
74.2,60.87,117.67,8.8,2026.77,520.0,Healthy
93.57,80.72,114.98,10.22,1743.88,1848.0,Warning
96.23,86.17,111.19,10.37,1616.93,3362.0,Critical
83.15,73.54,117.35,8.15,2008.62,971.0,Healthy
83.44,68.84,115.45,8.7,1983.15,918.0,Healthy
93.26,79.0,114.89,9.67,1618.46,2117.0,Warning
70.87,65.48,120.67,8.38,2105.66,399.0,Healthy
97.93,88.48,108.66,10.85,1476.22,3381.0,Failed
84.58,71.61,116.96,9.36,1804.51,1229.0,Healthy
73.85,63.85,118.83,8.2,2092.15,327.0,Healthy
76.9,65.73,118.68,9.41,2036.21,610.0,Healthy
93.82,86.73,111.35,10.19,1783.89,2757.0,Failed
83.17,69.91,114.18,8.51,2105.11,761.0,Healthy
87.49,78.79,114.52,9.22,1799.16,1772.0,Warning
68.7,67.1,120.11,7.77,2058.07,448.0,Healthy
74.77,69.99,119.9,8.01,2049.31,505.0,Healthy
89.03,84.34,109.79,10.6,1790.26,2368.0,Critical
71.19,71.65,118.47,8.67,2045.5,503.0,Healthy
78.24,58.42,119.0,7.69,2207.27,53.0,Healthy
83.9,72.92,112.11,9.29,1996.44,1287.0,Warning
91.6,87.5,110.44,10.48,1538.2,2425.0,Critical
79.86,71.1,115.11,8.0,1983.79,963.0,Healthy
71.15,64.06,119.22,9.03,2108.83,351.0,Healthy
102.06,91.92,107.73,10.88,1441.34,2782.0,Failed
87.63,81.06,111.76,10.02,1788.28,2578.0,Warning
96.33,91.72,110.71,10.61,1515.29,2204.0,Critical
89.12,82.4,113.63,9.06,1735.57,2469.0,Critical
98.74,78.38,117.18,9.66,1745.59,2488.0,Warning
83.05,69.88,116.61,9.46,2002.64,1468.0,Healthy
79.29,71.14,115.21,8.81,1957.43,979.0,Healthy
90.63,82.97,111.81,10.09,1729.29,2115.0,Critical
89.84,82.12,113.82,10.37,1780.4,2223.0,Critical
96.23,85.97,108.48,10.66,1421.88,3197.0,Failed
84.69,80.39,115.96,9.32,1705.26,1776.0,Warning
83.87,74.65,117.46,8.97,2040.31,879.0,Healthy
83.03,74.77,114.92,8.56,1923.17,1825.0,Warning
82.02,83.84,111.34,9.73,1781.24,1894.0,Warning
79.3,75.4,117.11,9.37,1974.89,1194.0,Warning
96.52,90.39,110.95,10.04,1617.23,3034.0,Critical
86.78,78.96,114.38,9.93,1892.14,1920.0,Warning
69.88,60.69,119.67,8.14,2187.59,34.0,Healthy
90.6,79.62,111.93,9.48,1738.81,1693.0,Warning
86.68,77.71,113.32,10.32,1870.47,1810.0,Warning
99.36,88.68,109.03,9.91,1625.47,2566.0,Failed
80.41,76.4,114.88,9.59,1874.37,1459.0,Warning
88.96,79.69,114.9,9.96,1763.45,2181.0,Warning
83.08,74.16,116.3,9.53,1915.57,1788.0,Warning
85.23,76.55,114.66,9.17,1747.8,1842.0,Warning
74.48,64.29,118.0,8.31,2178.53,235.0,Healthy
99.16,89.09,110.06,9.92,1558.4,2601.0,Critical
96.82,89.56,109.9,10.05,1579.89,2768.0,Failed
85.03,77.46,111.31,9.42,1654.65,1450.0,Warning
91.49,74.22,114.54,9.04,1737.85,1826.0,Warning
73.49,59.73,116.93,8.05,2180.0,218.0,Healthy
86.77,79.32,114.13,9.05,1865.64,2039.0,Warning
80.92,75.37,113.52,9.33,1889.1,1336.0,Warning
94.35,83.38,111.1,10.43,1761.47,2093.0,Critical
71.76,59.39,120.53,9.0,2048.49,150.0,Healthy
90.84,80.87,112.93,9.36,1666.49,2134.0,Critical
78.95,65.08,114.3,8.37,2021.56,1074.0,Healthy
90.56,75.38,112.64,9.61,1738.82,2260.0,Warning
88.64,79.06,114.12,9.9,1822.02,1815.0,Warning
80.42,70.88,116.8,8.53,2020.66,707.0,Healthy
86.99,73.51,115.08,9.53,1871.91,1135.0,Warning
96.66,90.79,112.01,10.35,1667.35,2163.0,Critical
92.29,77.68,114.01,8.85,1733.09,1895.0,Warning
72.09,62.16,117.82,8.24,2079.27,214.0,Healthy
85.36,70.31,115.6,8.66,1927.15,1141.0,Warning
82.37,68.31,116.45,8.6,1904.66,945.0,Healthy
92.31,75.68,116.17,9.48,1864.33,1866.0,Warning
91.18,73.8,113.7,9.88,1622.44,1793.0,Warning
72.21,56.79,120.1,8.06,2168.86,31.0,Healthy
94.1,78.49,114.31,9.38,1904.74,2021.0,Warning
90.43,79.84,112.17,10.72,1843.67,2563.0,Critical
92.6,81.56,111.23,9.61,1654.59,2353.0,Critical
71.13,63.0,120.1,8.31,2247.03,225.0,Healthy
78.01,64.46,117.67,9.07,2049.45,1004.0,Healthy
76.67,72.88,118.91,9.17,1865.79,1452.0,Warning
79.52,67.94,119.32,8.13,2111.54,564.0,Healthy
79.54,75.43,116.93,8.72,1836.56,1583.0,Warning
72.64,63.68,120.37,8.47,2025.25,231.0,Healthy
69.13,63.24,117.83,8.75,2161.09,398.0,Healthy
91.92,78.19,111.43,9.7,1776.97,2158.0,Warning
75.52,67.63,115.87,8.17,1921.36,964.0,Healthy
87.93,86.3,113.92,9.83,1690.6,2518.0,Critical
72.03,62.26,121.65,8.77,2071.44,174.0,Healthy
84.78,76.56,115.47,9.05,1769.2,1486.0,Warning
80.02,73.43,115.84,8.9,1891.07,1289.0,Healthy
94.42,84.06,114.55,10.06,1701.39,2574.0,Critical
95.92,84.2,111.5,10.44,1611.23,2398.0,Critical
78.81,70.53,114.52,8.77,1836.16,1095.0,Healthy
85.71,77.44,114.15,9.79,1901.36,2246.0,Warning
76.9,69.81,119.66,9.17,2080.31,667.0,Healthy
89.03,71.56,112.93,8.9,1865.4,1907.0,Warning
76.83,63.87,116.63,7.72,2191.77,260.0,Healthy
79.82,71.61,115.71,9.09,1971.06,1396.0,Warning
74.53,59.77,119.33,8.89,2107.01,686.0,Healthy
100.03,83.58,106.72,10.39,1618.84,3272.0,Critical
89.27,73.24,117.02,9.58,1898.76,1474.0,Warning
84.74,78.03,112.04,8.84,1751.33,1666.0,Warning
78.6,73.03,117.48,9.08,2018.67,1008.0,Healthy
79.81,71.09,114.12,7.63,1976.71,780.0,Healthy
74.35,61.45,115.76,9.08,2067.37,639.0,Healthy
95.08,88.49,111.81,10.8,1591.3,2556.0,Failed
94.72,86.17,113.83,9.91,1676.74,2502.0,Critical
78.65,64.65,118.65,7.45,2025.57,401.0,Healthy
88.47,83.91,116.13,9.83,1693.39,1942.0,Critical
87.05,66.76,114.28,9.54,1825.36,1494.0,Warning
68.74,57.49,118.29,8.25,2203.51,58.0,Healthy
86.89,79.95,114.26,10.1,1892.53,1627.0,Warning
78.67,63.06,118.17,8.25,2252.96,385.0,Healthy
77.27,72.97,118.33,9.38,2099.26,551.0,Healthy
89.99,77.05,111.93,8.98,1781.89,1798.0,Warning
79.87,72.41,118.28,8.38,1932.98,867.0,Healthy
96.24,84.92,111.9,9.76,1618.73,2899.0,Critical
91.28,82.3,115.85,9.98,1650.75,2342.0,Warning
94.35,84.08,110.94,9.64,1713.6,2711.0,Critical
91.04,78.8,114.35,9.98,1684.07,1727.0,Warning
91.88,87.85,112.22,10.49,1513.63,3184.0,Critical
77.81,69.01,116.37,9.02,2007.2,1337.0,Healthy
82.25,78.88,114.19,9.37,1949.98,1954.0,Warning
85.31,74.68,111.75,8.91,1923.5,1949.0,Warning
92.53,87.65,111.09,10.54,1539.03,3327.0,Failed
72.87,57.01,119.24,8.25,2005.41,521.0,Healthy
84.02,76.33,114.13,9.79,1761.13,2103.0,Warning
97.07,86.42,111.28,10.53,1681.96,2637.0,Critical
78.13,73.19,113.78,8.84,1934.77,1181.0,Healthy
92.17,88.69,112.0,10.74,1510.38,2677.0,Critical
81.94,71.35,116.32,9.05,2041.78,1288.0,Healthy
80.26,70.23,120.35,8.71,2183.32,459.0,Healthy
87.17,78.39,111.99,8.97,1941.96,2002.0,Warning
82.5,70.64,115.09,8.82,1772.76,1303.0,Warning
74.33,63.02,117.87,7.8,2124.68,46.0,Healthy
74.73,64.86,120.84,8.75,2171.18,221.0,Healthy
77.13,67.75,119.91,8.39,2063.69,734.0,Healthy
91.33,81.87,115.19,10.22,1625.5,2933.0,Critical
98.13,87.61,111.86,10.24,1507.08,3398.0,Critical
82.29,80.55,115.73,9.26,1738.23,1848.0,Warning
71.3,64.6,119.6,7.72,2288.2,379.0,Healthy
90.33,71.6,115.52,8.61,1711.75,1482.0,Warning
99.57,83.78,111.52,10.04,1476.48,2770.0,Critical
93.8,80.46,113.43,9.8,1580.31,2217.0,Critical
72.94,66.47,120.3,8.42,2011.61,809.0,Healthy
70.09,57.38,119.09,8.41,2091.43,429.0,Healthy
94.98,92.69,111.03,11.08,1602.61,2316.0,Failed
95.11,82.99,111.76,10.77,1545.6,3133.0,Critical
67.86,59.2,119.24,8.17,2169.45,206.0,Healthy
93.97,78.89,112.13,10.11,1630.21,2446.0,Critical
78.22,65.52,118.75,8.52,2257.93,265.0,Healthy
73.1,61.63,121.08,8.28,2298.02,226.0,Healthy
93.41,81.71,113.98,10.18,1656.9,2720.0,Critical
83.04,75.2,117.89,9.48,1892.98,1910.0,Warning
77.52,74.2,115.82,9.1,1922.81,1436.0,Warning
93.43,85.68,111.39,10.02,1628.96,3227.0,Failed
90.14,79.21,111.98,10.26,1643.28,3076.0,Critical
71.95,57.85,119.72,7.26,2218.54,150.0,Healthy
89.63,74.45,115.53,9.66,1836.98,2359.0,Warning
90.27,83.99,109.84,9.12,1693.38,2733.0,Critical
86.96,79.3,115.19,9.5,1825.6,1793.0,Warning
103.9,93.89,113.16,10.08,1595.32,3019.0,Failed
96.45,75.68,115.18,10.25,1708.99,2624.0,Warning
75.44,64.99,120.83,8.31,2081.01,279.0,Healthy
75.42,64.1,119.28,8.52,1936.86,703.0,Healthy
97.0,93.56,110.84,10.25,1655.65,2259.0,Critical
103.96,94.05,108.91,10.17,1557.65,3265.0,Failed
66.93,68.06,117.9,8.71,1993.25,310.0,Healthy
77.46,65.42,117.29,8.55,2080.67,271.0,Healthy
91.27,84.05,113.79,9.71,1725.71,2129.0,Critical
70.33,60.72,121.56,7.76,2143.46,195.0,Healthy
70.99,60.26,119.97,8.02,2156.43,204.0,Healthy
97.62,84.26,112.32,10.18,1650.84,2543.0,Critical
90.68,85.87,112.44,9.57,1631.04,2548.0,Critical
95.59,91.13,112.04,10.02,1613.65,2928.0,Critical
91.09,78.44,110.32,9.39,1658.17,2261.0,Warning
80.33,67.51,117.25,8.73,2002.35,959.0,Healthy
98.33,82.74,110.3,10.19,1458.47,3073.0,Failed
77.99,69.7,116.95,8.94,1887.15,997.0,Healthy
80.35,71.95,117.58,8.7,1966.87,953.0,Healthy
99.76,90.43,110.06,10.38,1623.43,3354.0,Critical
93.41,84.56,111.58,9.8,1727.62,2528.0,Warning
98.15,88.12,109.92,10.16,1509.89,3253.0,Critical
77.49,64.95,116.27,8.66,2161.07,541.0,Healthy
101.18,92.42,108.74,9.28,1558.89,2781.0,Failed
96.41,75.05,112.35,9.39,1854.68,1684.0,Warning
93.7,78.72,111.17,9.44,1661.12,2304.0,Warning
97.16,92.55,111.65,10.33,1674.9,3029.0,Failed
78.69,68.2,114.84,8.7,2060.03,1251.0,Healthy
90.8,81.48,110.01,10.02,1769.23,2494.0,Critical
88.21,81.1,112.99,9.89,1790.79,2155.0,Warning
95.17,83.88,110.45,9.42,1688.29,2249.0,Critical
94.81,90.36,113.22,10.33,1598.59,3345.0,Critical
93.98,84.98,113.4,9.19,1614.1,2508.0,Warning
67.86,63.47,117.12,8.36,2104.76,184.0,Healthy
70.6,69.66,119.02,8.27,2063.48,608.0,Healthy
98.21,85.83,110.59,10.06,1449.78,3553.0,Failed
96.53,88.59,109.96,9.74,1636.73,3307.0,Failed
95.25,96.24,112.69,10.38,1562.84,3125.0,Failed
69.19,66.93,118.17,7.63,2316.83,137.0,Healthy
79.19,67.64,117.73,8.36,1995.5,1357.0,Healthy
92.82,82.75,111.79,9.97,1556.49,2584.0,Critical
90.73,82.99,112.44,10.27,1777.54,2344.0,Critical
70.96,63.83,118.02,8.37,2103.81,305.0,Healthy
88.27,82.11,112.88,8.95,1882.52,2240.0,Warning
77.33,69.8,117.92,8.3,2220.64,396.0,Healthy
89.21,74.91,112.22,9.51,1962.89,1703.0,Warning
77.63,70.56,118.12,8.54,2118.09,828.0,Healthy
72.27,63.54,119.64,8.26,2197.46,146.0,Healthy
71.85,62.34,116.95,8.03,2143.16,292.0,Healthy
98.77,82.23,111.88,10.12,1713.18,3341.0,Failed
93.51,85.39,114.74,9.6,1700.54,2035.0,Critical
101.93,89.77,109.68,10.57,1516.9,3258.0,Failed
78.43,75.27,114.12,9.45,1906.36,1345.0,Warning
81.7,69.45,117.54,8.81,2002.6,1180.0,Warning
81.77,76.63,117.02,9.2,2038.08,975.0,Healthy
88.41,78.95,113.63,8.97,1681.7,2120.0,Warning
77.73,67.12,117.71,8.81,2040.33,1308.0,Healthy
88.49,78.48,112.95,9.32,1732.76,2459.0,Critical
96.46,86.07,114.13,9.55,1611.44,2316.0,Critical
94.0,88.4,111.22,9.64,1520.95,2454.0,Critical
72.02,65.89,118.21,8.34,2144.45,674.0,Healthy
88.38,77.2,116.38,9.57,1953.39,1487.0,Warning
78.08,68.71,114.09,8.53,2169.17,730.0,Healthy
70.78,61.55,121.33,7.86,2069.08,144.0,Healthy
88.49,79.13,112.16,9.7,1687.75,2659.0,Critical
86.13,79.35,115.26,8.55,1820.27,1471.0,Warning
95.36,84.23,115.26,10.04,1813.45,2040.0,Critical
67.78,64.33,118.66,7.32,2203.27,301.0,Healthy
95.17,87.36,109.36,10.21,1485.22,3427.0,Failed
97.95,85.84,109.97,10.45,1516.92,2813.0,Failed
83.87,74.18,113.17,9.34,1931.6,1760.0,Warning
94.49,88.77,114.64,10.26,1653.57,2868.0,Critical
79.24,70.43,117.5,8.59,2163.94,788.0,Healthy
95.39,83.88,115.09,10.43,1800.23,2665.0,Critical
97.21,85.03,110.71,11.0,1684.31,2673.0,Critical
96.12,82.03,111.9,10.04,1568.6,2831.0,Critical
95.17,84.3,113.3,9.99,1575.53,3032.0,Critical
83.92,73.87,113.72,9.09,1796.62,1748.0,Warning
90.72,87.92,111.65,9.81,1659.86,2141.0,Critical
87.64,79.28,114.45,9.88,1678.94,1833.0,Warning
69.92,62.78,118.36,8.84,2154.94,459.0,Healthy
72.98,69.59,118.13,7.29,2179.27,293.0,Healthy
93.85,87.81,113.95,9.86,1679.37,2631.0,Critical
84.42,76.12,115.85,10.16,1834.74,2259.0,Warning
85.8,79.99,117.15,9.46,1787.18,1389.0,Warning
94.59,83.85,109.91,10.43,1449.07,2350.0,Failed
86.58,78.49,112.54,9.01,1684.21,2118.0,Warning
80.01,70.92,115.33,9.27,1992.13,1515.0,Healthy
79.06,72.19,116.94,9.44,2059.9,1343.0,Warning
89.98,80.02,112.15,9.59,1897.18,2305.0,Warning
92.3,83.13,110.69,9.64,1654.44,2629.0,Critical
89.38,78.77,113.28,9.59,1884.5,1663.0,Warning
83.93,74.06,113.51,8.86,1735.68,1460.0,Warning
90.59,82.93,114.06,9.35,1817.92,2425.0,Critical
96.78,81.39,114.17,10.08,1751.39,2106.0,Critical
90.04,80.75,110.97,10.51,1685.17,2379.0,Critical
75.73,63.33,119.08,7.86,2006.48,192.0,Healthy
97.61,82.94,108.64,9.42,1711.92,2447.0,Critical
87.71,73.27,114.18,8.93,1991.41,1922.0,Warning
71.25,60.97,121.12,8.27,2174.99,283.0,Healthy
94.65,79.17,112.44,9.23,1721.12,2373.0,Warning
90.53,80.76,111.2,10.3,1681.77,2056.0,Critical
83.59,80.99,116.83,9.12,1779.65,1649.0,Warning
92.65,90.08,110.39,10.13,1655.41,2132.0,Critical
77.3,60.83,119.32,8.45,1896.42,988.0,Healthy
73.22,67.52,122.31,8.74,2098.64,682.0,Healthy
83.85,73.39,116.33,9.14,2047.25,1076.0,Healthy
79.98,71.65,117.77,8.35,1882.58,1165.0,Warning
90.79,83.66,110.54,9.47,1747.53,2661.0,Warning
91.03,90.33,108.98,10.05,1607.02,2207.0,Critical
91.72,77.51,111.6,9.59,1730.95,2521.0,Critical
71.75,65.62,119.49,8.78,2155.04,599.0,Healthy
77.45,76.86,116.34,8.68,1980.82,1200.0,Healthy
74.42,61.04,118.14,8.68,2161.94,443.0,Healthy
93.77,80.26,111.2,9.91,1765.04,2509.0,Warning
78.77,66.1,117.33,8.58,2099.34,829.0,Healthy
87.29,78.92,113.78,9.62,1861.53,1801.0,Warning
93.37,87.33,110.7,9.36,1676.22,2746.0,Critical
89.12,80.62,111.78,9.65,1789.68,1821.0,Warning
81.32,69.05,117.3,8.44,1989.35,942.0,Healthy
78.3,64.83,115.59,8.79,2006.99,1188.0,Healthy
92.1,83.87,113.46,9.45,1675.34,2005.0,Warning
90.19,75.42,111.85,9.4,1674.36,1921.0,Warning
70.37,62.46,119.79,8.24,2143.88,293.0,Healthy
94.14,89.13,111.62,10.24,1528.25,3136.0,Critical
83.74,75.97,114.53,9.35,1999.53,1867.0,Warning
79.8,77.21,115.51,9.41,1808.46,1717.0,Warning
74.54,67.76,119.42,7.99,2126.01,674.0,Healthy
85.21,71.92,114.06,9.15,1882.92,1208.0,Healthy
76.85,70.92,116.77,8.23,1968.73,1216.0,Healthy
82.1,64.75,115.33,7.56,1924.69,825.0,Healthy
85.72,76.58,114.46,10.21,1709.58,2151.0,Warning
90.21,77.12,114.99,8.78,1902.79,1675.0,Warning
94.63,83.98,111.07,10.04,1549.31,2582.0,Critical
97.81,86.09,111.86,9.61,1603.96,2863.0,Failed
73.85,63.95,119.03,8.37,2149.69,814.0,Healthy
70.94,63.46,120.63,8.33,2005.87,289.0,Healthy
97.57,87.77,111.55,10.06,1737.68,2093.0,Critical
101.27,91.49,111.11,10.0,1426.69,2647.0,Failed
98.99,79.38,112.12,9.98,1568.84,3169.0,Critical
66.76,62.66,119.21,8.21,2071.26,72.0,Healthy
79.5,66.21,117.66,8.72,1914.36,711.0,Healthy
68.39,62.83,119.37,8.16,2014.04,126.0,Healthy
90.61,84.17,113.88,10.36,1593.1,2724.0,Critical
88.16,74.86,115.4,9.41,1797.91,1800.0,Warning
86.1,75.2,114.36,9.84,1810.68,1409.0,Warning
86.79,75.31,113.85,9.27,1668.63,1768.0,Warning
79.73,68.5,118.91,8.91,1866.73,857.0,Healthy
90.67,75.39,115.99,9.8,1779.66,1844.0,Warning
75.33,57.55,120.17,7.42,2241.66,103.0,Healthy
85.81,81.58,114.53,9.79,1767.61,2234.0,Warning
96.54,85.36,114.61,9.58,1835.33,2492.0,Critical
95.84,81.93,113.01,9.28,1725.83,1846.0,Warning
78.86,68.02,116.8,8.66,1992.75,1036.0,Healthy
89.78,82.57,112.47,10.13,1619.94,3077.0,Critical
87.32,79.42,112.2,9.16,1636.6,1977.0,Critical
72.46,66.52,121.27,8.33,2097.05,472.0,Healthy
81.9,63.38,117.39,8.4,2130.48,611.0,Healthy
89.16,81.77,113.72,10.01,1824.23,2123.0,Warning
76.83,70.59,119.98,8.47,2026.01,858.0,Healthy
71.53,67.3,116.01,8.77,2242.98,417.0,Healthy
70.68,67.84,118.77,8.54,2128.12,432.0,Healthy
77.59,66.6,117.35,8.4,2110.21,586.0,Healthy
84.06,69.93,115.22,9.7,1985.72,1310.0,Warning
94.52,80.05,112.12,10.29,1717.63,1689.0,Warning
77.18,65.64,117.68,8.36,2190.76,454.0,Healthy
93.86,80.26,112.91,9.49,1623.34,2611.0,Critical
77.7,72.52,117.55,8.87,1982.01,1023.0,Healthy
76.07,68.89,118.23,8.21,1835.0,953.0,Healthy
74.08,65.12,114.28,8.04,2063.65,573.0,Healthy
89.45,86.93,111.96,10.49,1756.4,2948.0,Critical
101.53,87.58,110.14,10.63,1453.11,2668.0,Failed
83.62,73.04,114.98,8.89,1832.62,1355.0,Warning
74.12,57.88,119.63,9.36,2152.85,119.0,Healthy
78.22,65.36,116.15,8.1,2000.39,753.0,Healthy
73.86,62.54,116.1,8.64,2005.54,593.0,Healthy
91.77,87.15,111.9,9.79,1613.07,2835.0,Critical
73.45,59.49,117.66,8.92,2266.2,254.0,Healthy
98.34,83.42,110.94,10.2,1483.4,3419.0,Failed
90.36,78.57,112.71,9.36,1806.46,2089.0,Warning
83.39,73.63,115.86,8.57,1855.36,1489.0,Warning
97.27,85.37,111.44,10.95,1575.2,2358.0,Critical
75.75,64.67,119.75,7.82,2202.98,76.0,Healthy
94.13,83.53,111.86,10.13,1625.53,2344.0,Critical
75.85,68.03,118.22,8.29,2151.79,303.0,Healthy
96.94,85.02,111.24,9.88,1605.81,2627.0,Critical
91.57,78.9,116.48,8.43,1717.12,1491.0,Warning
72.95,60.19,117.09,8.06,2013.29,217.0,Healthy
97.1,85.32,110.7,9.97,1445.69,2485.0,Critical
70.71,58.02,121.31,8.2,2148.07,93.0,Healthy
71.83,61.71,119.85,9.2,2169.6,475.0,Healthy
90.31,83.26,114.04,10.25,1583.12,2855.0,Critical
87.75,69.96,115.26,9.51,1854.84,1473.0,Warning
93.42,86.92,109.21,10.08,1530.72,2707.0,Critical
91.3,78.15,111.98,9.06,1688.4,1836.0,Warning
89.95,79.41,113.32,9.45,1939.74,1604.0,Warning
81.52,64.83,118.22,8.44,1931.59,807.0,Healthy
72.47,66.12,118.28,8.31,1998.25,380.0,Healthy
96.46,93.93,109.89,10.21,1455.58,3271.0,Failed
74.28,67.6,119.55,7.59,2132.62,374.0,Healthy
84.99,81.58,114.75,9.83,1783.82,1665.0,Warning
74.48,68.3,116.61,8.63,2032.08,984.0,Healthy
83.74,66.87,115.86,8.53,1956.68,803.0,Healthy
85.46,79.3,115.47,9.04,1736.75,2020.0,Warning
90.96,83.22,113.59,9.8,1584.86,2612.0,Critical
92.59,78.09,110.64,9.6,1648.66,2139.0,Critical
99.82,88.52,110.71,9.69,1648.92,2738.0,Critical
72.29,68.08,118.07,8.8,2060.5,1113.0,Healthy
87.48,69.57,113.64,8.98,1986.58,1282.0,Warning
67.55,58.76,120.45,8.32,2088.46,29.0,Healthy
93.2,81.77,112.04,9.72,1594.01,2230.0,Critical
77.04,69.11,115.15,8.8,1914.87,1063.0,Healthy
92.82,76.92,117.05,9.44,1806.69,1465.0,Warning
75.45,69.19,117.79,8.58,1995.32,532.0,Healthy
92.46,80.72,112.59,9.71,1571.3,2375.0,Critical
93.61,84.06,110.15,10.4,1682.67,2404.0,Critical
96.59,83.69,113.55,9.72,1671.39,2704.0,Critical
71.91,65.15,122.46,8.13,2223.29,135.0,Healthy
101.09,88.09,107.82,10.0,1530.92,3262.0,Failed
77.43,66.4,117.28,8.57,1973.55,725.0,Healthy
75.15,72.43,118.9,9.13,1985.1,1155.0,Healthy
76.46,71.45,116.8,8.85,2116.72,781.0,Healthy
79.85,72.44,117.94,9.09,2065.65,738.0,Healthy
84.57,71.65,111.95,9.26,1883.91,1619.0,Warning
79.21,68.64,116.42,8.96,2108.18,859.0,Healthy
81.91,72.62,116.52,8.71,1898.12,1063.0,Healthy
89.01,79.51,112.56,9.46,1791.77,1997.0,Warning
98.66,85.28,111.1,10.14,1584.4,3156.0,Critical
85.57,84.64,110.8,10.07,1762.69,1774.0,Warning
85.8,80.95,115.04,9.27,1882.11,2260.0,Warning
78.13,67.12,116.51,8.65,2220.9,446.0,Healthy
99.97,85.1,114.15,10.13,1676.3,2310.0,Critical
77.98,67.93,118.6,8.23,2205.42,135.0,Healthy
78.08,66.72,118.56,8.32,2126.09,835.0,Healthy
73.09,56.86,120.48,7.99,2090.89,154.0,Healthy
92.48,79.23,111.85,9.63,1848.47,2278.0,Warning
84.88,71.22,115.45,9.06,1952.6,1310.0,Healthy
90.5,83.47,112.79,9.31,1754.61,2046.0,Warning
83.19,68.88,115.95,8.35,1921.01,1206.0,Healthy
85.05,75.15,113.5,8.29,1787.12,1229.0,Warning
85.31,69.31,116.22,9.44,1997.15,1191.0,Warning
68.61,64.61,118.51,8.49,2200.41,129.0,Healthy
81.92,73.11,115.53,8.27,1869.31,1642.0,Warning
87.66,78.39,115.1,9.63,1779.26,1785.0,Warning
82.81,82.78,115.4,9.21,1790.83,2041.0,Warning
67.3,65.47,118.32,8.68,2010.92,221.0,Healthy
88.77,76.92,114.88,9.59,1718.11,2131.0,Warning
78.47,68.94,117.91,8.99,1871.24,1069.0,Healthy
70.75,68.64,118.8,7.87,2208.92,40.0,Healthy
76.34,70.6,117.67,8.11,2217.96,438.0,Healthy
85.49,77.7,116.53,9.55,1800.4,1435.0,Warning
78.54,63.77,118.06,9.21,2045.99,984.0,Healthy
88.09,84.83,110.8,9.23,1662.74,2085.0,Warning
79.85,65.31,116.09,9.06,2029.91,643.0,Healthy
92.88,87.15,113.32,9.54,1588.81,2243.0,Critical
77.29,66.43,115.37,7.78,2049.01,1037.0,Healthy
88.07,80.09,115.0,9.56,1873.11,2000.0,Warning
91.78,82.06,114.91,10.2,1655.94,3015.0,Critical
79.97,70.48,116.7,8.36,1972.95,1124.0,Healthy
69.72,63.27,118.15,7.32,2209.93,136.0,Healthy
85.2,72.11,114.91,9.14,1805.3,1662.0,Warning
101.83,96.98,111.6,10.24,1607.8,2649.0,Failed
100.29,85.99,110.46,10.97,1480.29,2873.0,Failed
81.27,63.38,118.52,8.56,1919.49,668.0,Healthy
96.31,84.55,111.24,10.18,1597.3,2536.0,Critical
86.22,74.22,115.46,8.95,2007.79,946.0,Healthy
76.49,63.84,119.76,9.03,2056.85,593.0,Healthy
91.61,76.76,112.27,9.31,1741.28,2452.0,Warning
83.56,72.26,111.11,9.22,1830.31,1622.0,Warning
88.65,73.09,114.15,8.72,1837.01,1671.0,Warning
92.85,85.75,112.2,10.39,1708.29,2858.0,Critical
75.68,69.89,118.22,9.29,2086.46,949.0,Healthy
94.59,81.29,115.8,10.02,1655.49,2189.0,Warning
77.24,72.08,116.47,8.87,2018.23,1072.0,Healthy
72.6,63.75,120.56,7.51,2185.83,160.0,Healthy
78.7,70.11,116.4,8.91,1837.53,1200.0,Healthy
101.88,86.29,111.03,10.1,1574.52,3047.0,Failed
88.29,74.97,114.89,9.58,2009.59,1709.0,Warning
74.83,63.08,119.5,8.1,2065.19,386.0,Healthy
94.37,81.39,112.03,9.54,1700.22,1968.0,Warning
98.92,86.77,113.34,11.28,1397.16,3218.0,Failed
103.94,89.17,107.33,10.59,1555.1,3331.0,Failed
89.4,73.62,115.14,9.86,1812.44,1767.0,Warning
78.59,69.97,116.72,8.74,2094.51,1017.0,Healthy
87.63,80.81,114.75,9.01,1718.78,2132.0,Warning
94.02,81.08,110.07,10.47,1705.96,3024.0,Critical
95.09,88.99,108.87,10.75,1621.19,2374.0,Critical
89.59,80.34,112.72,9.53,1805.54,2321.0,Critical
84.82,68.91,117.46,8.93,1895.18,1305.0,Warning
69.41,59.08,119.14,7.93,2112.68,431.0,Healthy
79.5,77.43,115.52,9.62,1869.31,2153.0,Warning
73.66,66.88,117.75,8.83,2129.61,480.0,Healthy
69.56,65.71,119.89,8.01,2232.18,229.0,Healthy
82.38,78.6,116.85,9.1,1895.83,1290.0,Warning
80.35,82.25,112.98,8.86,1623.2,2010.0,Warning
93.07,83.13,113.24,9.75,1643.87,2314.0,Critical
92.96,80.96,109.72,10.56,1691.92,2992.0,Critical
93.81,88.08,110.51,10.34,1540.76,2410.0,Critical
93.96,87.07,113.22,10.27,1691.12,2855.0,Critical
95.28,78.0,115.82,9.61,1560.86,2499.0,Critical
71.85,64.19,119.92,7.92,2213.33,38.0,Healthy
91.86,73.02,112.19,9.57,1816.51,2010.0,Warning
76.94,64.78,121.62,8.43,2192.42,387.0,Healthy
68.7,61.45,119.22,8.7,2214.99,161.0,Healthy
76.01,64.08,119.43,8.12,2019.61,425.0,Healthy
97.68,84.79,111.27,10.0,1506.47,2804.0,Critical
91.01,79.75,112.77,9.54,1754.6,2166.0,Critical
96.09,89.8,109.67,9.58,1568.25,3005.0,Failed
100.96,89.55,113.6,10.82,1554.17,2660.0,Failed
92.35,89.6,112.85,10.93,1709.2,2961.0,Critical
70.72,68.76,121.32,8.64,1978.37,354.0,Healthy
94.35,86.73,110.03,10.29,1729.38,2445.0,Critical
96.51,82.7,108.88,10.84,1567.98,2305.0,Critical
96.79,82.72,110.85,10.36,1656.23,2383.0,Critical
77.65,69.65,122.26,8.7,2092.77,510.0,Healthy
70.74,68.21,118.35,8.35,2090.59,304.0,Healthy
94.79,90.38,112.34,10.43,1432.62,3161.0,Failed
76.79,65.39,116.72,8.38,2024.53,595.0,Healthy
78.66,73.5,115.07,9.25,1979.33,1038.0,Healthy
81.87,77.59,115.32,8.7,1909.21,1443.0,Warning
68.16,61.88,121.92,8.48,2189.05,347.0,Healthy
71.49,60.71,121.44,7.71,2130.23,61.0,Healthy
104.45,86.5,106.98,10.69,1563.88,3535.0,Failed
93.21,85.91,112.23,11.15,1591.63,2813.0,Critical
100.44,92.0,109.15,10.56,1611.99,3462.0,Failed
78.36,71.77,116.13,9.18,2041.86,1070.0,Healthy
71.31,67.01,118.56,8.91,2008.21,625.0,Healthy
80.09,64.7,117.84,8.13,1922.07,1533.0,Warning
80.73,71.63,117.49,9.08,1919.55,1359.0,Warning
69.22,60.48,120.44,8.19,2259.0,17.0,Healthy
94.64,82.73,112.73,9.11,1774.93,2589.0,Critical
105.45,90.0,112.05,10.38,1451.58,3195.0,Failed
81.57,76.59,112.35,9.29,1736.61,1986.0,Warning
80.19,70.05,118.86,8.48,2031.15,1444.0,Healthy
79.09,71.76,114.97,8.59,1822.17,1231.0,Healthy
69.08,62.43,119.43,8.78,2215.43,348.0,Healthy
78.27,65.88,116.59,7.23,1940.95,993.0,Healthy
85.07,80.6,113.24,9.36,1798.14,1751.0,Warning
77.51,71.53,116.37,9.55,1891.38,1491.0,Warning
86.41,69.59,114.9,9.35,1702.37,1789.0,Warning
91.86,90.82,111.35,10.69,1528.05,2926.0,Critical
76.79,64.22,117.52,8.39,1908.47,619.0,Healthy
74.64,63.53,122.01,7.71,2234.17,78.0,Healthy
72.54,59.1,122.91,8.09,2172.31,116.0,Healthy
74.56,65.73,120.54,8.18,2107.24,505.0,Healthy
85.53,76.97,114.71,9.2,1795.77,1679.0,Warning
94.45,87.25,109.46,9.95,1632.86,2202.0,Critical
98.29,85.96,112.07,9.9,1540.67,2796.0,Critical
90.45,77.09,114.66,9.25,1831.93,1902.0,Warning
81.8,72.87,117.13,8.56,1776.75,1543.0,Warning
75.29,63.49,116.74,8.55,1976.43,472.0,Healthy
78.09,66.26,117.26,8.6,2027.67,1317.0,Warning
77.77,68.17,119.02,8.33,1988.68,1262.0,Healthy
98.22,94.71,109.83,9.75,1429.01,3220.0,Critical
87.13,69.14,116.16,9.3,1884.85,1808.0,Warning
77.07,67.51,116.52,8.83,1914.5,808.0,Healthy
83.1,67.94,116.96,9.02,2101.87,873.0,Healthy
75.62,69.6,117.21,8.43,2178.08,485.0,Healthy
96.86,84.22,110.29,10.51,1724.77,3055.0,Failed
67.85,61.81,118.98,8.1,2140.84,152.0,Healthy
74.7,62.44,120.49,8.21,2093.65,42.0,Healthy
77.8,64.95,119.51,8.63,2028.66,671.0,Healthy
99.72,82.02,113.72,9.74,1590.97,2144.0,Critical
92.2,75.64,113.79,8.88,1864.42,1942.0,Warning
84.91,77.85,114.28,10.11,1615.39,2171.0,Warning
76.88,69.8,114.78,8.94,1949.16,1065.0,Healthy
63.47,64.85,119.15,8.59,2070.77,211.0,Healthy
98.44,86.89,111.5,9.7,1559.65,2665.0,Critical
77.73,67.41,116.7,8.32,2176.31,598.0,Healthy
71.29,61.98,120.51,7.53,2257.07,86.0,Healthy
83.5,80.06,114.04,9.69,1857.49,1599.0,Warning
72.23,66.41,119.4,7.96,2192.61,260.0,Healthy
73.43,62.01,120.88,8.02,2111.81,256.0,Healthy
96.36,86.47,111.35,10.78,1635.86,2193.0,Critical
85.57,70.86,116.36,9.5,1730.07,1843.0,Warning
79.24,60.49,119.75,8.87,1932.23,793.0,Healthy
80.09,75.94,118.59,8.39,1966.1,1296.0,Healthy
95.42,80.88,112.43,9.08,1599.95,2473.0,Critical
73.89,62.75,117.88,8.55,2208.73,200.0,Healthy
69.93,59.82,117.77,7.4,2114.49,419.0,Healthy
92.66,74.67,111.46,9.34,1744.81,2034.0,Warning
91.89,76.07,114.96,9.19,1726.57,1963.0,Warning
100.57,91.1,111.4,10.06,1555.34,2604.0,Failed
82.08,69.69,116.43,8.76,1992.04,1057.0,Healthy
76.93,60.94,117.29,7.74,2084.03,170.0,Healthy
81.23,73.89,114.08,8.86,1781.77,1435.0,Warning
92.87,82.65,115.69,9.7,1738.1,2362.0,Warning
72.76,66.79,119.52,8.78,2127.96,499.0,Healthy
89.87,75.13,115.65,8.69,1837.66,1572.0,Warning
76.29,67.99,122.98,8.57,2053.39,568.0,Healthy
91.61,84.61,112.04,10.33,1665.34,2693.0,Critical
93.57,84.04,108.41,10.27,1604.53,2491.0,Critical
85.95,72.74,114.05,8.99,1787.53,1405.0,Warning
98.37,90.93,110.79,10.18,1630.26,2743.0,Failed
97.53,86.72,110.23,10.75,1592.55,3019.0,Failed
71.99,65.38,118.45,8.46,1999.36,482.0,Healthy
82.96,78.52,116.09,8.16,1956.88,1158.0,Healthy
93.26,78.56,112.82,9.41,1883.82,2209.0,Warning
66.12,62.65,119.71,8.23,2116.27,275.0,Healthy
89.88,71.23,118.26,8.52,1993.87,1189.0,Healthy
78.45,69.27,119.99,8.56,2106.02,839.0,Healthy
100.3,83.73,113.04,10.58,1555.02,3340.0,Failed
81.04,77.45,114.45,8.7,2083.33,1580.0,Warning
92.87,85.82,112.34,10.0,1718.12,1981.0,Critical
82.18,69.67,115.66,8.57,1937.47,1246.0,Healthy
70.81,64.05,119.57,7.83,2094.37,451.0,Healthy
93.48,84.22,111.24,10.4,1592.01,2657.0,Critical
73.57,60.91,119.66,8.47,2154.55,1.0,Healthy
67.02,61.86,121.62,7.67,2071.76,147.0,Healthy
82.25,71.62,116.5,9.29,1873.0,1064.0,Healthy
89.5,77.52,113.32,9.71,1707.77,2090.0,Warning
77.37,68.81,117.2,7.97,2025.07,1052.0,Healthy
77.91,65.43,120.35,7.59,2179.7,228.0,Healthy
76.67,67.93,117.84,9.04,1991.03,1181.0,Healthy
73.96,59.42,119.88,7.96,2198.14,646.0,Healthy
69.6,59.71,118.02,7.77,2330.83,17.0,Healthy
83.74,83.28,115.14,9.3,1752.64,1641.0,Warning
73.52,66.05,118.68,8.47,2174.7,443.0,Healthy
79.09,66.87,116.67,8.79,1903.77,996.0,Healthy
89.94,79.08,114.72,10.23,1772.59,2425.0,Warning
91.38,83.79,114.69,9.49,1582.57,2323.0,Critical
75.8,62.63,116.48,8.7,1967.02,886.0,Healthy
81.81,67.31,119.24,9.0,2019.48,1203.0,Healthy
77.07,68.6,115.38,8.9,1990.81,644.0,Healthy
97.22,93.49,111.32,10.81,1443.87,3583.0,Failed
80.16,64.4,116.76,8.3,2011.63,604.0,Healthy
75.13,70.2,117.21,8.72,1996.27,694.0,Healthy
86.63,71.09,115.64,8.74,1921.47,1145.0,Warning
79.36,55.52,117.51,8.44,2163.7,507.0,Healthy
78.56,66.93,114.14,8.59,2074.54,416.0,Healthy
74.95,64.5,119.96,8.63,2215.24,252.0,Healthy
89.2,81.41,114.77,9.83,1706.02,1748.0,Warning
88.17,80.45,113.64,9.57,1763.45,1828.0,Warning
88.77,80.08,113.14,9.59,1887.6,1776.0,Warning
86.7,82.42,111.71,10.15,1644.46,2123.0,Critical
81.95,69.13,114.17,9.69,2057.15,1023.0,Healthy
98.29,86.17,108.09,10.64,1499.5,3088.0,Failed
94.47,80.79,113.87,9.99,1685.15,1919.0,Critical
93.79,78.71,113.55,9.46,1568.05,2652.0,Critical
93.62,77.99,113.69,9.46,1700.64,2383.0,Critical
76.62,70.26,116.98,8.77,1968.24,1065.0,Healthy
74.98,61.77,118.34,9.07,2062.41,793.0,Healthy
75.25,66.65,116.85,8.68,1857.91,1424.0,Warning
72.51,61.91,117.85,8.5,2118.7,345.0,Healthy
81.22,73.15,115.82,9.18,1979.2,1319.0,Warning
68.58,60.35,119.12,8.25,2073.08,139.0,Healthy
71.12,52.98,119.54,7.92,1999.22,11.0,Healthy
96.67,92.6,112.4,10.09,1495.67,3317.0,Failed
86.38,76.37,115.47,9.33,1766.28,2349.0,Warning
94.49,74.4,110.86,9.65,1813.34,1746.0,Warning
80.12,66.45,116.21,8.82,1884.73,1137.0,Healthy
83.87,81.01,113.83,9.0,1806.34,2158.0,Warning
94.74,88.01,112.83,10.32,1546.56,2924.0,Critical
89.05,78.15,111.3,11.0,1618.09,2027.0,Warning
87.55,76.44,109.49,9.43,1751.04,1891.0,Warning
87.71,74.34,116.63,9.81,1937.43,1285.0,Warning
80.13,66.63,117.99,7.83,1935.78,1288.0,Healthy
96.52,82.1,110.34,9.64,1589.98,2281.0,Warning
98.13,87.78,110.0,10.83,1651.38,3007.0,Failed
84.02,74.3,118.05,9.07,1823.21,1596.0,Warning
84.83,73.22,114.46,8.72,1955.29,1281.0,Healthy
86.43,71.06,115.87,9.06,1967.13,1176.0,Warning
86.7,66.61,116.51,9.46,1935.86,1467.0,Warning
98.9,88.98,107.95,11.33,1487.97,3762.0,Failed
91.19,76.85,112.09,10.19,1559.95,2557.0,Critical
73.34,71.01,113.87,8.7,2042.36,1094.0,Healthy
80.56,70.38,116.04,8.84,1846.62,1336.0,Healthy
86.2,71.16,114.51,8.99,1976.21,1368.0,Warning
73.79,57.21,119.94,7.74,2263.17,113.0,Healthy
85.58,79.39,115.67,9.26,1732.82,1727.0,Warning
99.44,82.98,113.97,9.92,1533.12,2157.0,Critical
88.67,86.88,116.89,9.17,1706.15,1914.0,Warning
73.8,66.06,118.33,8.83,2134.68,655.0,Healthy
90.44,82.9,112.24,9.99,1642.56,1973.0,Critical
88.22,81.7,112.24,9.54,1703.89,2220.0,Critical
79.74,68.9,115.93,8.72,1976.06,950.0,Healthy
89.55,81.96,114.44,9.17,1826.84,2307.0,Warning
90.16,81.64,113.15,9.31,1721.54,1707.0,Warning
93.95,79.89,112.38,10.37,1554.49,3165.0,Critical
73.91,66.65,117.24,8.53,2022.15,430.0,Healthy
69.31,67.34,117.35,8.28,1978.55,537.0,Healthy
85.71,74.69,115.79,9.34,1944.94,1711.0,Warning
71.62,66.46,119.37,8.08,2140.47,118.0,Healthy
79.17,77.73,112.96,8.64,1833.0,1453.0,Warning
93.33,86.36,112.1,9.9,1514.56,2722.0,Critical
73.69,62.83,117.31,8.54,2074.26,502.0,Healthy
89.09,70.22,117.17,9.27,1812.37,1665.0,Warning
96.51,91.96,111.56,9.8,1426.31,3576.0,Failed
86.17,79.26,111.52,9.33,1783.93,1581.0,Warning
81.68,68.86,116.22,9.26,1860.92,1605.0,Warning
85.09,80.02,115.0,8.64,1715.97,1729.0,Warning
76.41,64.82,115.91,8.14,2045.3,622.0,Healthy
73.78,58.99,119.85,8.56,2167.83,475.0,Healthy
90.3,81.73,111.31,10.25,1681.58,1991.0,Warning
82.87,74.6,117.76,8.33,1837.84,1227.0,Healthy
77.22,67.64,116.13,9.12,2081.49,952.0,Healthy
73.59,57.77,117.41,7.33,2170.98,113.0,Healthy
94.47,90.52,114.72,10.67,1593.79,2312.0,Critical
70.68,58.96,117.36,7.99,2219.06,106.0,Healthy
93.58,85.98,111.29,9.59,1668.1,2821.0,Critical
82.14,66.92,115.27,9.1,1938.2,1178.0,Healthy
89.89,79.21,113.33,9.11,1655.24,1585.0,Warning
78.38,68.59,118.57,8.83,1959.47,903.0,Healthy
76.07,67.28,118.53,8.34,2240.22,440.0,Healthy
85.03,80.48,116.17,7.81,1743.41,1842.0,Warning
87.66,78.43,113.6,9.41,1718.56,2192.0,Warning
71.58,67.43,115.54,8.57,2202.51,736.0,Healthy
78.08,68.99,116.46,9.52,1949.49,1549.0,Warning
88.63,69.21,115.9,9.24,1911.97,1595.0,Warning
69.84,64.74,116.9,8.96,1984.68,719.0,Healthy
90.53,78.18,117.46,9.06,1754.6,1547.0,Warning
71.92,69.41,119.45,8.66,2073.11,405.0,Healthy
88.85,80.87,116.32,9.57,1870.15,1334.0,Warning
66.8,62.34,120.33,7.63,2222.4,382.0,Healthy
83.86,75.48,114.51,9.65,1869.52,1672.0,Warning
83.71,72.18,117.83,8.91,1936.21,880.0,Healthy
85.71,75.86,115.95,9.02,1875.7,1655.0,Warning
82.0,72.5,114.83,8.96,1938.03,1307.0,Warning
91.41,87.47,109.09,9.85,1591.39,2579.0,Failed
80.73,74.37,115.14,9.48,1837.15,1725.0,Warning
98.72,83.93,112.7,10.17,1537.43,2752.0,Critical
75.72,65.75,117.77,8.8,2128.21,635.0,Healthy
80.35,70.2,116.21,8.91,1932.59,1277.0,Healthy
73.1,61.04,119.29,8.27,2167.07,202.0,Healthy
78.71,69.22,115.36,8.93,1851.34,1179.0,Warning
91.28,82.65,115.64,10.1,1675.73,2369.0,Warning
93.89,86.69,112.02,10.34,1653.07,2726.0,Critical
87.86,82.61,113.61,9.48,1702.55,1762.0,Warning
87.47,80.31,110.89,9.55,1658.87,1763.0,Warning
70.6,64.07,117.93,7.74,2196.61,474.0,Healthy
69.83,59.24,118.76,7.3,2240.05,116.0,Healthy
95.67,83.89,111.16,9.83,1679.16,3024.0,Critical
76.19,66.67,119.74,8.93,1997.27,561.0,Healthy
72.83,62.0,119.21,7.95,2153.83,270.0,Healthy
100.82,83.72,108.1,10.08,1537.81,3599.0,Failed
98.29,86.69,111.29,10.02,1490.15,3697.0,Failed
88.66,78.54,111.46,9.02,1761.45,1844.0,Warning
79.92,73.58,117.25,8.58,1820.48,1075.0,Healthy
97.87,80.54,110.95,10.19,1451.18,2340.0,Critical
77.02,66.94,118.08,8.32,2080.45,678.0,Healthy
81.21,73.55,115.67,8.86,1912.35,1272.0,Warning
76.24,69.36,116.21,8.64,1970.24,1270.0,Healthy
100.7,85.62,111.19,10.38,1622.68,2750.0,Failed
95.36,85.38,110.93,10.46,1597.08,3072.0,Failed
89.74,79.95,116.3,8.88,1863.16,1874.0,Warning
80.38,66.7,119.23,7.97,2216.84,352.0,Healthy
86.87,78.06,115.55,9.17,1867.14,1641.0,Warning
82.19,63.99,116.48,8.79,2040.93,939.0,Healthy
94.93,85.99,111.72,10.26,1598.52,2610.0,Critical
77.37,57.57,117.08,8.68,1980.41,488.0,Healthy
71.71,61.96,121.18,7.57,2235.58,181.0,Healthy
92.23,82.93,110.73,9.93,1753.73,2484.0,Critical
89.66,78.31,114.2,9.95,1750.1,1516.0,Warning
94.32,79.79,109.17,10.12,1737.11,2262.0,Critical
72.3,58.97,119.88,8.22,2113.51,214.0,Healthy
91.32,84.46,111.35,10.21,1629.31,2782.0,Critical
73.79,56.26,120.66,7.88,2162.39,131.0,Healthy
69.16,61.36,118.26,7.69,2166.6,94.0,Healthy
86.91,75.71,116.18,9.18,2068.65,1298.0,Warning
71.69,62.79,118.66,7.89,2024.21,597.0,Healthy
89.46,78.21,114.38,9.64,1758.44,2079.0,Warning
68.84,57.14,119.79,8.29,2183.49,87.0,Healthy
73.25,65.19,119.85,7.45,2107.36,116.0,Healthy
91.77,82.43,111.36,9.88,1714.34,1879.0,Critical
74.7,64.38,116.29,8.44,1987.19,705.0,Healthy
88.53,75.98,114.25,10.23,1780.57,2335.0,Warning
89.95,83.67,111.95,10.4,1591.62,2366.0,Critical
74.29,65.85,120.09,8.48,2111.49,156.0,Healthy
89.95,80.78,114.63,10.41,1580.78,2256.0,Critical
77.25,66.73,116.63,8.52,1969.54,747.0,Healthy
82.72,69.43,115.2,9.08,1784.39,1306.0,Healthy
77.44,67.27,118.65,8.12,1943.73,235.0,Healthy
95.13,79.43,111.67,9.7,1587.19,2191.0,Critical
86.09,80.68,115.31,9.43,1684.61,2023.0,Warning
85.96,74.01,114.91,9.23,1985.44,1887.0,Warning
92.84,88.84,113.43,10.34,1493.29,3526.0,Failed
76.44,69.01,117.29,8.81,2022.53,1106.0,Healthy
95.6,87.44,112.26,10.25,1601.18,2687.0,Critical
89.45,79.4,112.75,10.15,1611.2,1916.0,Critical
93.05,91.03,112.23,10.09,1516.38,2841.0,Failed
99.81,90.53,110.61,9.76,1623.79,2537.0,Failed
100.51,86.78,109.12,10.75,1560.32,3562.0,Failed
74.37,65.95,120.04,8.67,2177.14,478.0,Healthy
91.8,82.81,111.95,10.13,1590.27,2516.0,Critical
94.37,84.29,112.32,9.56,1683.58,2376.0,Critical
90.87,83.91,115.03,9.56,1700.55,2226.0,Warning
77.57,66.34,117.42,8.81,2085.67,938.0,Healthy
100.29,91.73,110.12,9.99,1602.8,3188.0,Failed
73.74,67.5,117.15,8.21,1946.98,765.0,Healthy
85.28,74.41,116.6,9.19,1872.37,1458.0,Warning
89.07,76.75,114.27,9.78,1747.33,1556.0,Warning
78.55,65.6,118.31,8.49,2152.95,426.0,Healthy
95.66,78.2,113.21,9.58,1603.97,2053.0,Critical
73.52,60.85,119.54,8.14,2163.6,281.0,Healthy
90.89,77.66,114.59,9.47,1773.93,2502.0,Warning
94.11,84.63,111.41,9.96,1611.35,2378.0,Critical
75.06,74.52,118.57,9.16,2024.35,1128.0,Healthy
87.25,83.03,112.53,9.01,1726.86,2097.0,Critical
74.2,60.41,118.99,8.92,2215.59,559.0,Healthy
95.05,84.56,111.26,10.99,1519.7,2857.0,Critical
102.8,89.26,113.62,10.45,1502.86,2504.0,Failed
78.53,66.81,117.95,8.05,1939.54,423.0,Healthy
88.7,78.8,112.69,10.19,1691.97,2448.0,Warning
87.63,71.46,115.11,9.38,1750.96,1734.0,Warning
84.51,75.78,114.28,9.12,1717.0,1440.0,Warning
93.24,82.9,113.41,9.38,1581.02,2082.0,Critical
87.08,75.37,116.96,9.06,1820.03,1421.0,Warning
91.74,75.36,114.22,9.58,1800.08,1899.0,Warning
75.45,72.19,117.97,8.94,2076.61,599.0,Healthy
84.4,71.06,115.87,9.06,2015.2,1226.0,Healthy
90.34,86.54,110.59,10.34,1669.87,2399.0,Critical
77.19,61.31,119.05,8.14,2032.77,385.0,Healthy
87.85,81.25,114.04,9.84,1722.29,1949.0,Warning
75.52,67.24,119.92,8.38,2086.42,657.0,Healthy
89.28,86.34,110.1,10.85,1624.1,2850.0,Critical
86.21,73.92,116.39,9.19,1905.08,2156.0,Warning
86.16,75.37,115.75,9.17,1894.83,1524.0,Warning
76.21,69.77,117.72,9.5,2086.53,839.0,Healthy
85.25,76.15,114.03,9.51,1882.78,1469.0,Warning
98.83,88.84,111.27,10.69,1558.29,2887.0,Failed
88.46,75.05,113.47,9.39,1874.62,1912.0,Warning
84.66,73.54,115.87,9.19,1869.57,1692.0,Warning
89.59,89.23,112.95,9.8,1599.53,2149.0,Critical
81.54,69.74,115.72,8.72,1956.8,1098.0,Healthy
87.63,69.26,112.63,8.45,1952.26,1500.0,Warning
81.6,68.99,119.87,9.1,1972.7,1014.0,Healthy
74.18,62.93,116.91,7.76,1873.33,545.0,Healthy
98.18,85.19,113.27,10.05,1686.21,2665.0,Critical
99.67,82.12,110.17,10.06,1643.16,2364.0,Critical
99.62,85.48,112.52,9.88,1487.7,2922.0,Failed
97.38,87.0,110.62,10.76,1668.72,3256.0,Critical
85.74,77.36,114.35,8.55,1834.73,1476.0,Warning
80.81,70.66,118.05,8.44,1975.57,780.0,Healthy
82.59,83.99,111.71,9.37,1769.95,2279.0,Warning
99.83,89.68,109.83,10.45,1458.0,2695.0,Failed
91.33,81.2,113.76,9.57,1764.01,2322.0,Critical
83.35,77.41,117.31,9.82,1954.75,1880.0,Warning
90.08,76.56,111.67,9.17,1629.83,2548.0,Warning
88.51,78.05,111.36,11.57,1644.38,2580.0,Critical
92.16,90.51,111.34,9.87,1707.98,2538.0,Failed
96.64,83.53,109.37,11.09,1753.7,2331.0,Critical
84.38,75.89,117.7,9.52,1767.69,1240.0,Warning
70.97,65.65,115.76,8.64,2101.84,937.0,Healthy
83.27,78.85,114.35,9.34,1576.4,1767.0,Warning
82.49,71.86,117.11,8.67,2019.45,1102.0,Healthy
97.44,88.19,110.65,10.5,1471.52,3147.0,Failed
88.97,75.86,113.47,8.98,1881.22,1504.0,Warning
87.31,75.2,117.86,9.46,1889.31,1482.0,Warning
76.38,67.88,112.66,8.94,1966.97,1329.0,Healthy
88.75,78.03,111.92,9.2,1799.27,2381.0,Warning
84.26,76.59,113.84,9.47,1796.29,1806.0,Warning
69.7,62.6,117.28,8.47,2061.75,474.0,Healthy
91.71,81.67,113.14,9.89,1666.0,3013.0,Critical
78.35,71.66,113.92,8.73,1949.15,1213.0,Healthy
81.05,75.49,118.01,9.29,1851.63,1527.0,Warning
77.02,69.38,117.53,8.95,2041.79,592.0,Healthy
89.73,78.2,112.42,9.33,1791.44,2100.0,Warning
92.6,83.52,109.83,10.13,1680.89,2187.0,Critical
98.69,89.4,110.87,10.67,1618.63,2306.0,Critical
70.75,61.79,118.43,8.65,2094.25,144.0,Healthy
101.01,82.84,110.62,10.6,1640.33,3317.0,Failed
90.67,84.59,112.29,9.4,1725.23,2401.0,Critical
77.2,65.85,118.59,9.07,1854.1,925.0,Healthy
81.83,62.74,117.74,8.43,2078.87,655.0,Healthy
71.89,65.57,116.4,8.94,1918.31,998.0,Healthy
90.65,93.73,112.7,9.94,1584.79,3051.0,Critical
79.89,70.06,117.43,8.49,1983.83,821.0,Healthy
83.09,70.76,116.53,8.88,1930.25,1307.0,Warning
86.86,79.12,114.67,9.23,1759.29,1839.0,Critical
93.0,86.16,110.84,9.95,1607.32,2906.0,Critical
86.98,81.38,113.47,9.23,1891.77,2001.0,Warning
95.27,83.43,113.73,10.11,1614.84,2831.0,Critical
78.84,62.41,114.59,8.01,2187.92,518.0,Healthy
101.24,87.27,111.07,9.93,1697.29,2881.0,Critical
73.5,66.44,116.91,8.69,2033.98,828.0,Healthy
69.75,66.99,119.28,9.05,2146.84,387.0,Healthy
94.98,89.46,109.04,10.16,1592.69,2953.0,Failed
79.92,63.77,119.63,7.95,2033.59,674.0,Healthy
75.35,66.17,117.53,7.82,2063.85,414.0,Healthy
89.02,79.93,113.05,9.22,1725.46,1721.0,Warning
80.25,68.14,115.81,8.53,2000.19,884.0,Healthy
73.83,66.19,120.51,9.26,2069.13,431.0,Healthy
84.67,79.92,110.86,9.89,1721.44,1873.0,Warning
94.31,86.38,115.09,9.77,1585.84,2791.0,Critical
93.24,85.93,114.28,10.72,1566.05,2073.0,Critical
71.06,64.02,117.6,8.14,2039.96,451.0,Healthy
88.43,71.63,115.97,9.23,1760.84,1919.0,Warning
93.13,84.97,112.06,9.85,1639.01,2796.0,Critical
75.52,65.86,120.87,8.81,2025.14,428.0,Healthy
75.86,66.38,119.35,8.49,2093.96,597.0,Healthy
72.75,51.04,123.27,8.61,2355.73,7.0,Healthy
86.4,77.78,112.41,9.49,1932.72,1987.0,Warning
73.19,63.1,118.34,8.85,1978.84,728.0,Healthy
92.69,83.78,110.17,9.08,1669.1,2764.0,Critical
99.93,93.97,109.6,9.73,1424.8,2644.0,Failed
77.8,65.5,121.29,7.86,2069.48,720.0,Healthy
92.58,80.79,114.21,9.45,1765.87,2096.0,Warning
74.51,66.45,119.36,7.91,2065.63,746.0,Healthy
72.54,62.12,120.59,8.54,2103.44,51.0,Healthy
87.58,83.07,113.09,9.82,1617.05,1971.0,Critical
82.66,71.47,114.88,9.33,1972.66,1174.0,Warning
97.58,85.69,109.47,10.17,1569.0,3036.0,Failed
90.37,80.8,113.83,9.67,1756.55,2038.0,Warning
74.26,66.04,114.33,7.61,1987.05,410.0,Healthy
85.32,75.98,115.38,9.1,1879.34,1490.0,Warning
70.8,67.28,118.33,8.71,2048.17,571.0,Healthy
95.29,89.27,110.29,10.43,1482.48,2329.0,Critical
88.19,78.04,112.89,9.6,1691.71,2320.0,Warning
87.66,70.49,117.38,8.17,1922.36,1037.0,Healthy
83.83,77.35,116.05,9.72,1783.54,1853.0,Warning
90.3,83.96,111.51,9.52,1697.13,2030.0,Warning
93.87,91.5,110.98,9.83,1673.94,2104.0,Critical
67.64,63.63,120.33,9.09,2151.06,280.0,Healthy
69.1,58.69,120.66,8.09,2284.65,76.0,Healthy
74.65,59.85,120.87,8.08,2135.71,425.0,Healthy
82.11,69.14,118.0,8.76,1987.89,1363.0,Healthy
77.1,71.68,118.96,9.42,1767.42,1202.0,Warning
72.39,55.39,118.2,8.01,2116.62,494.0,Healthy
85.4,70.31,118.26,9.23,1882.4,1344.0,Warning
85.01,75.4,114.2,9.54,1948.78,1137.0,Warning
76.93,63.5,122.5,8.24,2143.97,391.0,Healthy
94.54,86.72,111.52,10.69,1684.35,3251.0,Failed
91.82,73.11,114.82,9.47,1706.05,2300.0,Warning
81.52,74.81,117.6,8.7,1871.12,1235.0,Healthy
89.98,76.74,112.9,8.6,1872.46,1803.0,Warning
79.44,69.39,115.25,8.9,1969.68,1091.0,Healthy
89.49,79.02,111.63,10.25,1526.48,2728.0,Critical
89.8,75.78,114.77,9.83,1827.35,1600.0,Warning
83.52,76.15,118.17,9.59,1813.95,1548.0,Warning
96.2,87.24,109.47,11.1,1598.42,2514.0,Failed
90.78,85.72,113.93,9.86,1477.42,2472.0,Critical
99.25,86.44,111.47,10.17,1607.57,2989.0,Critical
75.2,67.23,117.32,8.29,2054.63,651.0,Healthy
79.32,66.54,118.22,8.75,2106.36,554.0,Healthy
89.41,78.17,112.64,9.35,1772.85,1795.0,Warning
81.28,70.39,116.04,9.54,1852.39,1493.0,Warning
94.47,81.94,112.57,9.41,1757.21,2399.0,Warning
92.6,84.87,110.28,10.21,1662.0,2790.0,Critical
78.67,70.42,116.65,9.22,2051.94,766.0,Healthy
74.69,68.93,117.84,8.09,1877.73,1019.0,Healthy
83.35,73.75,112.99,8.69,1648.07,1816.0,Warning
79.49,68.84,118.14,8.78,2108.81,754.0,Healthy
86.12,81.16,115.1,9.72,1687.41,1753.0,Warning
90.78,83.72,114.75,9.75,1541.02,2107.0,Critical
82.9,81.98,115.79,8.99,1856.71,1352.0,Warning
91.91,78.95,110.06,9.47,1651.85,2029.0,Critical
89.75,84.99,115.87,9.41,1872.22,1693.0,Warning
90.49,77.62,114.32,9.4,1740.37,2056.0,Critical
74.68,67.91,116.71,8.71,2009.13,784.0,Healthy
100.4,78.58,112.5,9.62,1757.13,2379.0,Critical
90.15,82.37,113.57,9.62,1602.54,2249.0,Critical
77.43,70.94,120.01,9.15,1825.34,979.0,Healthy
85.61,76.78,114.06,9.77,1822.63,1847.0,Warning
94.83,88.58,112.78,9.74,1580.65,2479.0,Critical
77.72,66.21,117.98,8.27,1873.77,667.0,Healthy
94.84,75.93,112.94,10.15,1733.56,2392.0,Critical
99.83,90.5,112.46,9.81,1396.35,3355.0,Failed
99.22,86.08,110.09,10.75,1584.63,2965.0,Critical
85.18,70.61,116.33,9.06,1980.29,1442.0,Warning
88.84,76.98,113.97,9.29,1795.5,2160.0,Warning
100.88,90.97,107.82,10.48,1521.8,3198.0,Failed
90.38,74.61,116.16,9.97,1764.16,1648.0,Warning
70.12,64.58,120.09,7.44,2132.96,416.0,Healthy
78.86,64.93,119.6,8.52,2208.88,142.0,Healthy
92.17,89.89,111.7,10.45,1595.21,2164.0,Critical
81.66,76.92,115.76,8.93,1812.99,1569.0,Warning
73.77,67.89,118.59,8.59,2090.29,697.0,Healthy
76.88,71.2,116.6,8.92,2104.77,964.0,Healthy
95.64,81.52,111.43,10.19,1789.42,2124.0,Critical
90.77,72.56,114.57,8.87,1664.21,1315.0,Warning
94.35,88.67,111.3,10.17,1692.16,2531.0,Critical
93.09,81.13,111.25,9.8,1634.81,2414.0,Critical
99.88,90.32,110.76,10.71,1662.24,2759.0,Failed
99.66,83.77,109.93,11.29,1494.96,3258.0,Critical
84.29,71.75,116.02,8.34,1931.55,792.0,Healthy
94.33,78.8,118.2,9.68,1734.65,2086.0,Warning
69.9,63.88,122.7,7.75,2153.48,71.0,Healthy
101.32,87.62,110.3,10.28,1478.06,2609.0,Failed
79.71,65.56,118.67,8.22,2092.75,774.0,Healthy
89.88,83.93,114.88,9.05,1833.57,2286.0,Warning
92.19,83.6,111.4,10.6,1530.08,2590.0,Critical
72.42,60.11,118.82,8.54,2218.9,430.0,Healthy
98.88,82.32,111.13,10.16,1508.03,2703.0,Critical
74.12,62.94,121.76,7.68,2143.08,35.0,Healthy
82.64,75.54,117.48,9.07,2093.29,1630.0,Warning
84.94,71.87,117.62,8.72,1899.15,1280.0,Warning
84.81,69.33,116.66,8.92,1885.57,994.0,Healthy
82.48,79.61,117.39,9.6,1810.65,1921.0,Warning
96.11,91.39,110.74,10.07,1616.06,2577.0,Failed
85.86,69.6,119.8,8.51,1998.1,1197.0,Healthy
88.28,79.04,113.51,9.25,1896.95,1615.0,Warning
92.94,88.94,109.28,10.52,1516.56,2778.0,Critical
93.54,89.65,115.31,10.01,1606.6,2723.0,Critical
74.29,57.75,120.58,7.46,2100.27,107.0,Healthy
90.64,86.28,111.35,10.65,1473.59,3620.0,Failed
71.93,59.88,118.99,8.33,2170.74,165.0,Healthy
86.55,80.15,112.84,9.55,1702.77,1760.0,Warning
82.33,76.5,113.12,10.1,1820.5,1820.0,Warning
93.84,84.53,112.34,9.98,1700.15,2170.0,Critical
74.04,64.82,118.29,8.54,1998.28,455.0,Healthy
75.31,65.39,115.3,8.64,2024.04,531.0,Healthy
91.52,82.89,115.02,10.23,1632.69,2221.0,Critical
71.42,67.57,117.88,8.28,2077.8,530.0,Healthy
79.72,71.17,117.16,8.92,1858.22,1683.0,Warning
89.88,81.5,111.63,10.22,1760.27,2216.0,Critical
92.12,75.89,113.72,10.0,1822.51,1764.0,Warning
77.02,67.0,119.35,9.04,1987.9,551.0,Healthy
78.91,68.53,118.21,8.93,2042.56,1148.0,Healthy
95.95,92.28,109.91,9.76,1631.71,2609.0,Failed
82.34,73.45,116.28,9.19,1982.69,1524.0,Warning
73.55,60.0,120.57,8.12,2185.27,119.0,Healthy
78.1,65.85,117.58,9.04,2041.94,785.0,Healthy
78.84,75.44,114.91,9.28,1848.01,1035.0,Healthy
92.15,85.27,109.07,10.74,1467.31,2980.0,Failed
77.06,67.2,116.4,7.93,1868.6,784.0,Healthy
69.34,60.9,119.78,7.74,2272.73,100.0,Healthy
82.67,73.48,117.26,9.14,1819.85,1631.0,Warning
71.27,63.98,120.53,8.07,2134.56,230.0,Healthy
80.67,68.05,116.04,8.75,1958.76,746.0,Healthy
99.66,90.54,112.83,11.07,1392.51,3406.0,Failed
94.11,81.49,112.84,10.07,1763.76,1991.0,Critical
66.99,61.21,120.5,7.76,2204.69,162.0,Healthy
82.55,69.59,114.1,8.79,1960.61,1260.0,Warning
69.33,65.68,117.61,8.06,1939.68,524.0,Healthy
72.41,58.4,120.33,8.26,2219.44,435.0,Healthy
84.47,75.6,112.81,9.79,1779.0,1524.0,Warning
89.01,76.64,115.03,9.65,1908.23,1442.0,Warning
93.52,85.86,113.28,9.71,1469.15,2778.0,Critical
99.81,93.82,109.54,10.22,1608.2,3037.0,Critical
76.11,66.12,114.87,9.29,2021.44,910.0,Healthy
94.63,85.09,112.13,9.71,1536.25,2392.0,Failed
82.39,77.11,119.12,9.55,1829.54,1908.0,Warning
78.56,73.37,118.1,8.86,1971.13,921.0,Healthy
100.8,89.97,112.52,10.0,1494.97,2301.0,Critical
72.3,57.96,118.32,8.08,2073.98,111.0,Healthy
85.66,76.36,116.61,9.57,1810.49,1710.0,Warning
91.08,84.2,112.22,9.69,1799.78,2645.0,Critical
78.31,71.16,118.95,8.44,2092.56,954.0,Healthy
101.98,87.68,112.28,9.87,1613.98,3027.0,Critical
80.91,65.86,118.54,9.35,1992.7,896.0,Healthy
95.98,86.95,112.49,9.92,1777.13,2487.0,Critical
72.69,65.14,120.06,8.28,2199.49,208.0,Healthy
75.7,62.0,118.83,8.71,2135.62,499.0,Healthy
82.91,75.42,117.64,8.87,1826.71,1433.0,Healthy
94.38,88.6,110.37,10.15,1622.6,2925.0,Critical
71.81,62.11,118.2,8.56,1999.76,377.0,Healthy
99.36,89.04,113.45,9.85,1753.73,3344.0,Critical
76.96,69.33,117.96,7.96,1971.91,747.0,Healthy
86.42,76.13,114.99,8.84,1834.7,1388.0,Warning
85.52,75.31,118.02,9.57,1901.14,1126.0,Healthy
75.11,63.51,120.07,8.07,2087.7,384.0,Healthy
99.4,89.32,108.61,10.41,1592.62,3530.0,Failed
92.75,65.23,116.71,8.57,1893.52,1326.0,Warning
91.33,84.06,113.3,10.26,1720.15,2352.0,Warning
83.99,80.32,115.32,9.32,1854.84,1557.0,Warning
84.21,79.12,115.0,9.07,1727.41,1557.0,Warning
93.15,75.69,114.53,9.49,1828.25,2311.0,Warning
93.07,89.84,108.27,11.25,1581.93,3177.0,Critical
88.72,84.04,111.66,9.92,1654.26,2622.0,Warning
89.29,74.02,115.79,9.27,1837.81,1451.0,Warning
88.54,82.52,117.48,8.46,1757.43,2037.0,Warning
87.86,79.58,114.49,10.06,1565.61,1960.0,Warning
86.21,67.9,114.63,8.8,2006.8,1161.0,Warning
86.59,80.5,113.96,9.22,1859.36,2016.0,Warning
78.9,71.01,114.22,8.8,1785.02,1351.0,Warning
88.56,77.7,114.3,10.48,1609.21,1948.0,Critical
100.81,90.17,110.38,10.41,1630.05,2616.0,Failed
99.57,88.6,111.98,9.79,1581.25,3057.0,Failed
92.54,88.83,111.56,9.97,1656.59,2215.0,Critical
84.58,78.6,115.7,9.17,1813.64,1848.0,Warning
91.67,84.82,110.07,10.02,1705.39,2865.0,Critical
78.69,66.87,118.26,8.29,1990.18,556.0,Healthy
81.86,77.43,116.02,8.57,1819.52,1573.0,Warning
75.73,65.06,117.02,8.61,2099.68,796.0,Healthy
66.53,60.7,120.5,7.99,2250.05,9.0,Healthy
97.9,88.58,110.85,9.92,1546.0,3476.0,Failed
96.93,87.88,112.93,9.38,1543.47,3023.0,Critical
91.76,76.18,115.8,9.4,1919.55,1607.0,Warning
78.28,65.78,118.05,8.52,1944.76,713.0,Healthy
90.63,79.78,114.39,9.65,1833.38,2422.0,Warning
85.63,77.99,113.62,9.39,1837.61,1296.0,Warning
96.19,79.02,110.84,9.23,1567.93,2558.0,Critical
98.25,92.11,107.93,10.52,1502.75,2886.0,Failed
87.38,74.2,117.33,9.14,1972.65,1082.0,Healthy
77.26,69.07,118.18,8.54,2036.68,911.0,Healthy
78.73,73.93,119.4,8.1,1907.01,787.0,Healthy
74.45,65.62,119.59,7.97,2168.38,285.0,Healthy
82.86,72.97,115.11,8.8,2002.52,1265.0,Healthy
75.1,59.12,120.03,7.41,2181.32,51.0,Healthy
71.66,64.64,116.04,8.43,1996.23,435.0,Healthy
80.5,70.2,116.67,8.68,1992.91,732.0,Healthy
75.29,64.81,114.88,8.14,1997.47,434.0,Healthy
94.91,79.74,113.17,10.22,1532.95,2463.0,Critical
72.52,59.56,118.53,8.06,2082.22,353.0,Healthy
94.93,86.54,111.14,10.76,1723.73,2532.0,Critical
78.83,62.19,116.39,8.45,2038.62,588.0,Healthy
74.33,61.84,117.91,7.89,2102.14,296.0,Healthy
67.84,53.01,120.94,7.66,2249.73,29.0,Healthy
95.49,83.96,110.69,9.82,1748.24,2197.0,Critical
79.9,71.16,118.19,8.21,1903.1,841.0,Healthy
85.06,75.52,113.69,9.33,1992.88,1708.0,Warning
71.94,68.84,116.36,8.12,2137.69,385.0,Healthy
100.65,93.6,111.99,10.29,1582.83,2584.0,Failed
75.74,65.2,120.74,8.3,2064.63,409.0,Healthy
77.58,72.02,115.07,9.43,1755.24,1078.0,Warning
96.68,84.5,110.66,9.91,1594.49,2890.0,Critical
79.3,69.03,117.17,8.69,1940.39,727.0,Healthy
70.95,67.59,116.12,8.85,2106.81,891.0,Healthy
94.84,85.9,110.96,9.54,1520.69,2563.0,Critical
80.28,70.07,117.94,8.89,2010.79,985.0,Healthy
71.83,59.4,123.08,8.33,2245.94,8.0,Healthy
85.24,76.12,115.19,9.46,1934.47,1388.0,Warning
69.39,59.69,121.41,7.59,2151.15,37.0,Healthy
94.17,87.36,111.43,9.86,1420.74,2344.0,Failed
83.86,76.32,111.07,9.58,1630.17,2085.0,Warning
90.77,76.68,114.13,9.41,1731.31,2076.0,Warning
78.16,72.52,117.76,8.51,1946.08,674.0,Healthy
94.5,78.3,115.2,9.61,1704.0,1834.0,Warning
88.14,81.63,115.49,9.77,1664.92,2295.0,Warning
74.23,60.45,119.96,7.13,2054.25,210.0,Healthy
91.92,79.78,113.01,10.47,1469.59,2336.0,Critical
84.77,79.06,113.99,10.04,1667.06,1769.0,Warning
94.15,82.11,113.75,9.76,1640.76,2332.0,Critical
79.88,68.84,117.52,8.74,1957.25,925.0,Healthy
78.7,66.63,120.43,8.98,2116.63,370.0,Healthy
90.35,81.78,114.77,9.77,1702.1,1985.0,Critical
91.22,84.8,113.14,10.11,1628.02,2572.0,Critical
78.83,68.98,115.03,9.7,1981.56,1364.0,Healthy
68.65,62.83,119.13,8.87,2065.55,73.0,Healthy
101.21,83.98,112.95,9.62,1679.44,3034.0,Critical
78.45,60.19,119.28,8.35,2087.14,699.0,Healthy
83.51,72.65,116.85,9.21,1946.86,918.0,Healthy
88.13,82.25,113.25,9.77,1695.6,2393.0,Warning
72.99,67.44,119.29,8.53,2133.19,348.0,Healthy
74.26,68.67,118.86,7.13,2185.49,206.0,Healthy
69.25,63.09,119.33,7.28,2070.0,76.0,Healthy
96.63,89.04,113.77,11.01,1607.14,2900.0,Failed
77.32,72.62,116.17,9.09,2121.14,806.0,Healthy
88.48,77.16,114.16,9.79,1732.34,2448.0,Warning
99.82,84.66,110.34,9.98,1611.79,2634.0,Failed
87.62,78.65,111.47,9.51,1769.38,1861.0,Warning
86.61,79.58,112.86,9.54,1853.51,1705.0,Warning
86.48,73.64,114.67,8.75,1779.3,1865.0,Warning
80.77,72.7,113.3,8.66,1908.87,1418.0,Healthy
85.51,79.71,116.75,9.65,1701.69,1624.0,Warning
99.08,89.5,109.87,10.63,1604.31,2474.0,Failed
92.13,79.81,111.45,9.76,1588.81,2723.0,Critical
82.87,73.75,117.59,9.45,2044.0,1233.0,Warning
83.27,68.71,116.46,9.21,2002.36,907.0,Healthy
92.75,91.61,112.14,9.49,1613.05,2267.0,Critical
80.59,67.48,117.78,8.99,1999.07,515.0,Healthy
95.27,84.33,111.57,10.59,1658.53,2973.0,Critical
78.89,72.95,118.9,8.72,2003.82,765.0,Healthy
89.21,82.5,111.55,9.73,1653.93,2380.0,Critical
97.61,79.17,112.73,10.33,1583.17,2983.0,Critical
83.93,74.07,111.61,9.41,1766.81,1778.0,Warning
74.59,70.67,119.98,8.37,2066.19,624.0,Healthy
93.62,82.88,110.72,10.75,1595.3,3178.0,Critical
80.22,70.82,116.2,8.08,1837.66,1297.0,Healthy
80.88,65.54,116.65,8.54,2016.7,1045.0,Healthy
85.82,71.7,113.44,9.45,2013.27,1555.0,Warning
82.93,70.55,114.07,9.07,1781.52,1635.0,Warning
88.36,76.81,113.95,9.99,1712.8,1919.0,Warning
71.81,62.26,119.48,7.79,2236.63,447.0,Healthy
81.69,78.29,114.32,8.99,1832.83,1189.0,Warning
98.13,86.64,111.89,10.69,1610.98,2435.0,Critical
73.07,63.44,120.48,7.49,2206.16,95.0,Healthy
86.11,76.99,114.86,9.05,1932.52,1352.0,Warning
89.81,76.49,111.45,9.44,1884.24,2367.0,Warning
97.78,84.14,111.07,10.36,1435.41,2482.0,Critical
87.31,80.11,114.61,9.64,1799.62,2153.0,Warning
89.51,82.83,111.67,10.1,1582.78,3159.0,Critical
76.03,68.78,116.88,8.44,2040.93,720.0,Healthy
79.46,75.62,117.17,8.91,1956.64,1259.0,Healthy
95.15,83.9,112.48,10.29,1516.98,3217.0,Failed
94.88,85.51,109.98,10.2,1492.83,2789.0,Critical
87.14,76.14,113.97,9.98,1727.9,1632.0,Warning
80.86,72.69,119.36,8.71,2037.21,1626.0,Warning
81.4,71.71,115.93,9.26,1773.73,1288.0,Warning
76.41,60.29,117.51,7.77,2256.98,178.0,Healthy
91.96,86.73,110.36,11.01,1492.53,2461.0,Critical
93.99,85.04,110.68,10.08,1634.93,2700.0,Critical
80.19,76.55,116.01,8.63,2038.08,1264.0,Warning
76.13,68.31,117.67,8.61,2067.98,1002.0,Healthy
79.69,73.64,115.62,8.27,1844.91,1087.0,Healthy
70.73,61.92,121.55,8.05,2086.83,428.0,Healthy
93.38,78.05,112.91,10.05,1692.68,2267.0,Critical
90.75,75.79,113.75,9.94,1892.78,1977.0,Warning
79.55,68.41,115.83,9.02,2039.91,865.0,Healthy
91.76,81.27,112.43,9.52,1751.19,1968.0,Warning
95.24,93.76,108.34,10.68,1652.14,2970.0,Failed
72.94,64.54,118.49,8.63,2240.75,426.0,Healthy
85.16,76.01,114.09,10.05,1934.95,1740.0,Warning
87.44,78.93,116.23,8.99,1804.0,1376.0,Warning
80.26,62.67,117.46,9.02,1871.14,586.0,Healthy
89.15,75.32,115.94,8.89,1725.57,1363.0,Warning
90.87,86.49,114.68,9.99,1652.31,2312.0,Warning
82.62,67.29,119.39,8.15,2084.96,563.0,Healthy
74.93,66.17,119.8,8.11,2166.73,583.0,Healthy
94.82,88.37,114.43,10.03,1758.62,2310.0,Critical
79.87,65.33,115.61,8.47,2083.92,818.0,Healthy
86.16,76.97,114.97,9.75,1701.99,1966.0,Warning
89.01,75.77,114.33,10.06,1781.58,1652.0,Warning
89.99,86.43,113.2,9.25,1644.77,2207.0,Critical
90.61,81.09,112.77,9.78,1557.32,1981.0,Critical
94.87,85.5,113.36,9.67,1541.71,2218.0,Critical
91.61,77.82,111.81,9.93,1727.89,1679.0,Warning
86.82,68.6,114.0,9.69,2055.78,1362.0,Warning
78.92,74.46,115.21,8.91,1955.42,1260.0,Healthy
87.6,66.08,116.1,8.67,1829.51,1021.0,Healthy
83.0,70.37,115.89,8.4,1873.14,1414.0,Warning
74.6,59.93,117.6,9.1,2145.39,432.0,Healthy
77.87,70.08,114.27,9.59,1883.14,1246.0,Warning
79.82,72.29,115.12,8.18,1898.9,1148.0,Healthy
74.19,64.74,117.09,8.35,2234.36,132.0,Healthy
78.76,63.57,116.82,8.24,2119.53,810.0,Healthy
92.88,80.89,112.39,9.68,1770.96,2797.0,Critical
88.02,72.09,114.88,8.95,1771.42,1631.0,Warning
89.86,82.37,112.19,9.22,1622.48,2249.0,Critical
85.99,76.5,117.26,9.34,1795.39,1987.0,Warning
99.85,87.92,112.68,10.89,1686.62,2850.0,Critical
97.14,77.53,113.15,9.62,1611.64,2818.0,Critical
72.57,64.6,119.56,8.6,1977.33,324.0,Healthy
104.0,86.39,111.03,10.86,1554.7,3718.0,Failed
66.67,56.79,119.52,8.33,2232.02,38.0,Healthy
84.99,78.11,114.18,10.29,1749.79,1643.0,Warning
99.37,85.66,114.96,10.36,1793.5,2141.0,Critical
81.69,69.66,116.58,9.55,1924.29,1135.0,Healthy
87.09,74.68,112.02,9.04,1894.42,1773.0,Warning
80.7,70.56,117.42,9.2,1839.39,1292.0,Healthy
69.4,59.64,120.71,8.76,2179.68,165.0,Healthy
71.08,62.07,120.15,7.71,2129.38,24.0,Healthy
73.44,66.07,116.23,6.84,2127.75,251.0,Healthy
73.01,65.99,120.95,7.74,2192.04,377.0,Healthy
84.85,78.27,114.24,9.24,1726.8,2125.0,Warning
86.57,79.14,114.28,9.54,1776.06,1420.0,Warning
82.08,70.6,117.23,8.91,1863.37,1543.0,Warning
87.8,86.11,110.04,9.73,2016.42,2161.0,Warning
74.31,57.43,120.0,7.8,2204.4,63.0,Healthy
84.64,62.04,116.48,8.63,2021.76,740.0,Healthy
99.15,87.42,114.46,9.92,1690.61,2018.0,Critical
99.25,85.17,111.26,10.02,1425.73,2509.0,Failed
82.35,73.5,114.32,9.42,1966.83,1648.0,Warning
72.23,59.35,120.89,8.76,2199.87,306.0,Healthy
95.18,91.05,108.32,9.54,1498.18,2115.0,Critical
95.29,92.02,111.91,10.3,1772.73,2859.0,Critical
86.37,77.05,113.97,8.46,1910.68,1421.0,Warning
71.19,67.57,116.87,7.91,1940.31,624.0,Healthy
70.43,64.26,119.2,8.52,2194.31,113.0,Healthy
90.14,77.57,115.45,10.28,1713.53,1563.0,Warning
94.76,90.66,114.21,10.14,1434.26,3150.0,Failed
89.62,79.1,110.55,10.43,1703.67,2551.0,Warning
81.3,74.27,117.5,8.53,1959.72,840.0,Healthy
93.84,77.9,116.87,9.51,1624.01,1764.0,Warning
91.08,83.92,110.82,10.75,1555.13,2628.0,Critical
80.17,72.88,114.29,8.82,1784.27,1488.0,Warning
91.75,85.17,112.16,10.42,1597.59,2321.0,Critical
77.14,70.59,117.32,8.84,1977.48,1104.0,Healthy
76.06,71.92,117.5,8.58,1967.35,954.0,Healthy
84.57,76.05,113.63,9.25,1789.29,1679.0,Warning
87.64,76.31,114.15,8.29,1728.71,1690.0,Warning
98.38,93.87,112.2,10.95,1513.77,3074.0,Failed
85.59,75.72,113.67,9.38,1751.49,1929.0,Warning
78.69,78.21,113.27,8.9,1792.95,1401.0,Healthy
83.75,75.23,113.87,8.71,1993.75,1278.0,Healthy
92.07,82.85,113.66,9.49,1709.96,1981.0,Warning
77.98,70.46,118.69,9.24,1959.09,983.0,Healthy
96.86,76.7,110.99,9.7,1654.99,2444.0,Critical
82.51,69.3,118.48,9.34,1857.25,1433.0,Healthy
81.57,69.71,118.12,9.07,2028.69,1288.0,Healthy
89.71,75.65,114.17,9.51,1720.08,1967.0,Warning
73.0,55.24,115.57,8.52,2114.8,207.0,Healthy
95.23,82.73,111.67,9.44,1682.45,1792.0,Warning
86.71,69.57,114.0,8.76,1860.59,1483.0,Warning
85.21,76.38,118.07,9.11,1870.12,1306.0,Warning
90.31,88.13,111.95,9.81,1640.38,1950.0,Critical
95.26,80.41,111.26,9.81,1595.41,2628.0,Critical
92.52,86.55,111.82,10.59,1604.31,2853.0,Critical
81.57,70.05,114.14,9.14,1885.61,1378.0,Healthy
88.46,72.29,116.69,8.77,2109.03,1129.0,Healthy
83.92,77.85,111.66,9.78,1657.93,2571.0,Critical
88.15,77.06,118.21,9.49,1819.47,1593.0,Warning
89.77,82.32,112.31,9.79,1750.46,1670.0,Warning
85.98,76.52,117.34,9.41,1788.01,1686.0,Warning
92.57,78.29,110.56,9.87,1731.06,2108.0,Critical
75.98,69.43,118.49,7.94,2113.39,673.0,Healthy
85.92,72.78,115.19,9.11,1855.88,1731.0,Warning
75.41,64.98,118.63,8.51,2133.32,595.0,Healthy
80.75,73.97,116.05,9.09,1785.77,1088.0,Warning
95.99,80.28,114.65,9.07,1770.46,2504.0,Warning
84.04,82.4,115.7,9.01,1835.06,1721.0,Warning
83.1,73.59,115.94,8.58,1893.25,1362.0,Healthy
94.54,85.94,110.14,10.76,1857.35,2823.0,Critical
95.98,84.99,112.02,10.03,1541.13,2339.0,Critical
87.99,76.42,114.47,9.49,1824.35,1835.0,Warning
99.76,88.63,110.2,10.35,1521.26,3623.0,Failed
79.65,73.46,115.87,8.81,1896.39,1101.0,Warning
91.38,82.34,110.01,9.79,1567.23,2620.0,Critical
80.1,65.68,116.78,8.62,2100.45,483.0,Healthy
76.28,67.06,118.39,8.61,1910.05,878.0,Healthy
82.07,64.45,113.24,9.05,1986.02,1114.0,Healthy
70.34,66.6,120.74,8.32,2138.46,300.0,Healthy
88.08,73.36,114.14,9.37,1829.2,1291.0,Warning
73.71,66.19,120.58,8.62,2059.6,509.0,Healthy
86.14,76.74,115.5,9.38,1882.8,1644.0,Warning
73.57,63.51,117.61,8.35,2113.19,498.0,Healthy
72.04,60.59,118.43,8.67,2127.39,342.0,Healthy
100.29,91.92,112.7,11.15,1555.6,3032.0,Failed
89.96,83.32,115.33,10.01,1742.45,2066.0,Warning
94.81,88.17,112.09,9.23,1588.66,2412.0,Failed
84.61,73.09,116.82,8.92,1808.61,1271.0,Warning
67.57,55.92,118.03,8.13,2353.47,96.0,Healthy
89.16,79.62,114.56,9.0,1812.97,1507.0,Warning
89.23,74.72,113.26,8.94,2035.28,1576.0,Warning
70.38,57.1,118.18,7.87,2366.86,39.0,Healthy
96.65,85.93,111.63,10.29,1556.83,2300.0,Critical
93.86,77.6,113.18,9.8,1785.18,2111.0,Warning
91.87,77.79,112.3,9.71,1707.96,2035.0,Critical
81.98,70.68,114.31,9.06,1928.96,1546.0,Warning
90.29,79.56,111.93,9.21,1777.62,2222.0,Warning
74.33,65.76,119.97,8.85,2116.32,678.0,Healthy
98.58,90.74,110.5,10.61,1377.64,2830.0,Failed
80.22,72.46,113.83,9.36,1870.7,1347.0,Warning
72.76,68.01,118.65,8.46,2071.1,452.0,Healthy
70.93,59.18,121.72,7.62,2107.53,180.0,Healthy
91.78,79.78,115.08,9.45,1616.12,2193.0,Warning
102.82,91.42,109.39,10.8,1582.34,3712.0,Failed
99.65,85.0,110.3,9.55,1484.39,3410.0,Critical
92.07,84.44,111.54,9.72,1654.58,1944.0,Critical
98.94,84.72,108.98,10.59,1566.97,3647.0,Failed
84.61,79.19,111.78,10.61,1791.97,1899.0,Critical
81.28,65.07,114.41,8.61,1917.28,1064.0,Healthy
81.2,75.83,113.32,9.45,1696.21,1901.0,Warning
66.62,61.93,119.72,8.87,2079.1,213.0,Healthy
76.17,69.14,117.16,8.32,2134.0,657.0,Healthy
83.32,72.06,116.15,9.47,2001.43,1484.0,Warning
74.7,64.27,120.41,8.66,2085.65,572.0,Healthy
103.21,83.96,113.22,10.3,1552.31,3201.0,Failed
101.25,86.23,109.94,10.67,1397.59,3776.0,Failed
80.38,72.06,117.61,8.87,1977.55,975.0,Healthy
95.44,83.92,112.66,10.68,1766.4,1829.0,Critical
86.93,70.98,115.19,8.19,1927.8,1183.0,Warning
75.72,67.82,116.93,8.24,2118.49,374.0,Healthy
77.78,67.26,116.76,8.74,1881.61,899.0,Healthy
75.35,65.83,119.29,8.53,2130.12,720.0,Healthy
75.5,68.92,114.81,9.25,1861.61,1114.0,Healthy
76.32,71.04,117.42,8.36,2048.16,755.0,Healthy
70.22,63.77,118.37,8.48,2157.96,303.0,Healthy
75.54,61.13,118.2,8.64,2139.08,716.0,Healthy
97.95,90.03,111.34,10.6,1650.26,3150.0,Failed
66.61,68.09,119.95,8.16,2231.48,285.0,Healthy
75.95,68.99,119.6,8.94,1948.5,1024.0,Healthy
84.33,73.16,113.41,9.27,2016.0,1651.0,Warning
80.48,73.23,115.07,8.49,2038.87,1261.0,Healthy
84.05,81.42,115.19,9.93,1809.45,1478.0,Warning
70.49,63.85,121.74,7.8,2146.54,121.0,Healthy
87.34,74.59,111.32,9.43,1806.83,1710.0,Warning
82.56,79.17,114.86,9.07,1768.17,1733.0,Warning
88.82,81.64,112.89,9.86,1621.13,2322.0,Warning
86.38,74.15,115.61,9.23,1809.52,1833.0,Warning
82.21,77.0,116.56,9.7,1711.68,1169.0,Warning
80.84,71.82,116.57,9.09,1983.57,1341.0,Healthy
78.05,70.74,118.47,8.46,2092.53,687.0,Healthy
87.05,71.82,114.01,8.89,1828.67,1282.0,Warning
68.88,61.98,120.94,8.02,2273.76,87.0,Healthy
75.12,67.16,118.8,9.03,2038.39,843.0,Healthy
94.15,81.08,113.37,9.68,1643.98,2518.0,Warning
74.42,67.69,118.3,8.22,2127.44,362.0,Healthy
69.02,57.61,119.15,7.75,2114.43,188.0,Healthy
90.4,75.46,114.66,10.53,1717.63,1950.0,Warning
85.14,74.8,115.96,8.91,2013.26,1071.0,Healthy
99.24,84.01,110.18,9.45,1688.76,2484.0,Critical
98.87,91.63,112.06,9.91,1486.48,3001.0,Failed
101.89,86.29,108.96,10.25,1548.01,2636.0,Failed
79.14,72.92,116.38,9.84,1841.63,1459.0,Warning
77.82,69.99,114.56,8.59,1976.19,784.0,Healthy
87.25,78.89,114.08,9.37,1897.1,1611.0,Warning
89.87,73.48,113.62,9.91,1964.02,1807.0,Warning
93.5,87.14,110.83,9.92,1906.68,1622.0,Warning
80.4,70.29,117.28,9.07,1996.95,1198.0,Healthy
69.1,57.89,117.71,8.24,2170.09,201.0,Healthy
72.51,67.24,118.03,8.08,2134.55,796.0,Healthy
79.57,65.92,117.84,8.09,2100.03,517.0,Healthy
75.26,66.7,116.54,7.67,1999.2,324.0,Healthy
99.13,90.57,109.17,10.23,1697.12,2576.0,Failed
69.38,59.77,118.41,7.86,2095.29,45.0,Healthy
88.86,72.89,115.46,9.29,1875.33,1547.0,Warning
95.46,89.81,111.78,10.48,1597.55,3168.0,Failed
81.96,65.87,119.69,8.64,2096.75,1325.0,Healthy
82.29,79.46,113.96,9.18,1900.03,1564.0,Warning
89.8,78.68,112.23,9.54,1665.92,2529.0,Warning
77.59,71.42,117.03,8.78,2064.81,1187.0,Healthy
74.56,72.36,114.69,9.34,1836.58,1378.0,Warning
93.47,83.04,110.96,9.5,1549.83,2585.0,Critical
89.66,79.96,112.63,10.04,1531.73,2207.0,Critical
93.62,86.4,112.97,10.13,1624.19,2365.0,Critical
99.63,87.76,106.96,10.64,1373.77,2539.0,Failed
86.41,73.42,115.44,8.98,2055.7,1057.0,Healthy
93.33,80.63,110.42,10.01,1551.36,2671.0,Critical
89.09,77.39,113.74,9.34,1747.65,2237.0,Warning
91.48,80.1,113.98,9.84,1706.39,1957.0,Warning
94.81,82.66,114.28,10.31,1695.83,1928.0,Critical
93.85,79.72,111.85,9.68,1605.8,2640.0,Critical
97.42,88.68,111.3,10.03,1670.76,3064.0,Critical
82.61,69.67,113.98,9.13,1968.52,1021.0,Healthy
82.32,81.24,112.17,9.41,1741.15,2354.0,Warning
84.68,68.36,117.51,8.41,1951.77,989.0,Healthy
92.61,79.6,112.02,9.66,1827.78,1593.0,Warning
93.19,81.3,114.34,9.71,1785.96,2391.0,Critical
89.49,81.36,112.88,10.47,1861.9,2194.0,Critical
86.23,73.88,114.44,8.86,1830.62,1166.0,Warning
83.18,73.78,112.69,8.94,1832.98,1546.0,Warning
81.62,74.39,115.58,8.83,1813.74,922.0,Healthy
71.22,65.27,116.96,8.6,2136.06,612.0,Healthy
84.49,63.69,115.57,8.78,1908.42,815.0,Healthy
93.04,85.61,108.77,10.5,1583.54,3352.0,Failed
79.48,66.27,116.56,8.55,2082.51,1008.0,Healthy
92.88,92.46,111.35,10.89,1484.71,3245.0,Failed
77.12,69.56,116.52,7.94,1956.39,794.0,Healthy
90.42,81.51,113.44,9.5,1799.3,2022.0,Critical
90.63,78.09,113.77,9.45,1855.12,1569.0,Warning
89.63,80.64,113.95,9.46,1621.81,2051.0,Warning
92.73,81.9,112.38,9.49,1760.41,2201.0,Warning
88.13,82.76,113.35,9.37,1636.98,2592.0,Critical
96.32,89.27,111.12,10.18,1650.96,2497.0,Failed
86.12,76.33,116.41,9.59,1815.41,1502.0,Warning
73.52,60.14,120.16,7.96,2274.72,247.0,Healthy
79.23,70.12,117.68,8.33,1935.9,818.0,Healthy
93.41,85.9,110.71,9.59,1722.41,2042.0,Critical
85.62,78.14,114.27,9.68,1853.17,1270.0,Warning
88.44,81.2,113.31,9.81,1836.39,1545.0,Warning
85.2,78.38,112.8,9.3,1737.09,1560.0,Warning
82.65,68.57,116.2,9.16,1752.08,1319.0,Healthy
98.04,80.57,112.62,9.93,1712.6,2049.0,Critical
86.67,85.84,113.18,10.32,1697.82,2548.0,Critical
92.9,75.84,114.75,9.86,1633.49,2456.0,Critical
93.49,85.97,113.57,9.71,1659.14,1862.0,Critical
101.09,84.35,109.25,10.87,1483.21,3410.0,Critical
90.04,83.63,114.35,9.12,1634.56,2270.0,Warning
99.31,88.8,111.21,10.55,1606.15,3648.0,Failed
74.87,65.74,120.7,8.84,2162.29,343.0,Healthy
86.75,86.11,113.45,9.85,1649.52,2158.0,Warning
90.34,80.52,112.61,9.49,1900.13,2247.0,Critical
80.31,73.28,116.85,8.87,1775.8,1426.0,Warning
83.11,66.56,117.39,8.16,2055.42,894.0,Healthy
87.85,73.5,112.1,9.97,1815.27,1898.0,Warning
78.19,69.95,113.63,8.46,1843.64,984.0,Healthy
98.09,85.61,113.67,10.56,1591.59,2845.0,Failed
84.18,66.95,113.86,8.32,1935.49,1341.0,Healthy
78.25,64.64,117.99,9.46,2026.05,587.0,Healthy
84.51,78.64,115.56,8.9,1902.06,2152.0,Warning
72.48,69.19,113.39,9.01,1972.72,1027.0,Healthy
74.06,62.39,117.42,8.72,2190.41,315.0,Healthy
84.28,81.16,112.48,9.13,1787.39,1950.0,Warning
88.0,71.88,117.32,9.57,1851.68,1610.0,Warning
78.05,70.99,121.3,8.32,2076.61,471.0,Healthy
91.27,75.91,112.92,9.65,1821.59,1599.0,Warning
92.25,77.62,115.2,9.85,1725.13,1845.0,Warning
96.92,87.05,112.73,9.76,1468.54,2171.0,Critical
86.1,75.6,115.96,9.5,2055.39,949.0,Healthy
81.6,68.87,115.07,8.76,2024.69,901.0,Healthy
102.94,86.45,113.95,11.16,1579.88,3415.0,Failed
86.71,74.49,111.66,9.07,1752.39,1973.0,Warning
66.95,59.09,120.05,7.81,2163.1,88.0,Healthy
102.07,90.29,110.82,9.96,1747.13,2643.0,Critical
76.09,64.75,119.54,8.01,2091.38,642.0,Healthy
97.27,84.55,113.41,10.34,1826.15,2790.0,Critical
89.5,78.02,111.48,9.73,1777.71,2402.0,Critical
101.96,85.6,109.13,9.96,1468.38,2659.0,Failed
91.63,89.05,108.02,10.08,1559.42,2902.0,Failed
77.0,67.26,117.55,8.34,2142.5,943.0,Healthy
92.7,82.24,113.4,10.29,1681.11,2503.0,Critical
80.89,65.07,116.17,8.98,2029.83,1189.0,Healthy
92.09,78.66,113.34,9.52,1872.58,1835.0,Warning
84.65,82.58,116.88,9.35,1593.94,2083.0,Warning
73.62,59.08,120.86,8.04,2217.92,189.0,Healthy
73.84,62.85,121.97,8.73,2304.12,18.0,Healthy
78.77,51.34,116.06,8.05,2098.16,195.0,Healthy
75.96,61.43,119.54,8.66,2194.06,473.0,Healthy
76.35,62.0,117.8,8.51,2019.23,917.0,Healthy
93.39,90.92,109.05,10.94,1429.76,3269.0,Failed
91.05,78.2,113.25,8.81,1900.21,1624.0,Warning
96.12,80.8,111.7,10.32,1641.41,2111.0,Critical
95.08,86.02,109.6,9.79,1607.23,2733.0,Critical
87.19,85.65,111.45,10.72,1737.23,2333.0,Critical
78.95,75.81,115.39,9.26,1850.1,1467.0,Healthy
97.81,84.7,112.22,9.48,1657.04,2961.0,Critical
93.32,75.63,111.52,9.48,1607.58,2651.0,Critical
86.46,79.6,111.9,10.13,1800.82,2567.0,Critical
98.95,89.35,112.52,10.52,1660.02,3042.0,Failed
83.25,84.26,111.37,9.73,1903.96,2233.0,Warning
89.92,75.69,115.06,9.38,1867.14,1399.0,Warning
97.33,84.88,111.68,10.1,1542.99,3274.0,Critical
82.24,80.83,116.08,9.57,1824.21,1631.0,Warning
97.32,85.56,111.13,9.68,1569.45,3109.0,Critical
72.68,57.93,117.86,8.16,2148.5,147.0,Healthy
74.01,59.68,122.27,7.76,2144.19,5.0,Healthy
86.09,78.85,113.43,9.04,1856.18,1518.0,Warning
72.62,62.0,117.59,8.0,2084.04,194.0,Healthy
98.44,91.68,110.26,10.15,1466.65,2814.0,Failed
70.95,55.35,118.84,8.23,2165.68,15.0,Healthy
96.64,77.24,114.39,9.2,1635.2,2102.0,Critical
75.79,65.1,117.17,8.78,2002.25,908.0,Healthy
100.97,88.18,112.1,10.17,1569.42,3289.0,Failed
78.8,72.45,116.86,8.97,1862.21,1256.0,Healthy
64.62,62.73,119.14,8.0,2084.6,100.0,Healthy
71.43,68.21,121.4,7.87,2166.89,100.0,Healthy
87.71,74.39,113.49,9.87,1721.5,2099.0,Warning
99.27,88.66,109.65,10.32,1616.23,3634.0,Failed
94.91,87.26,111.0,10.73,1458.27,3534.0,Failed
81.03,73.36,116.97,9.13,1967.76,877.0,Healthy
85.28,77.88,114.16,9.1,1898.43,1580.0,Warning
70.35,61.67,116.69,7.75,2028.71,308.0,Healthy
81.6,81.86,114.75,8.95,1766.9,1379.0,Warning
87.23,75.86,112.91,10.01,1729.81,1605.0,Warning
79.49,70.62,117.53,8.82,2086.86,780.0,Healthy
89.61,82.73,113.25,9.59,1918.04,2308.0,Warning
94.35,82.91,109.93,10.02,1718.69,2827.0,Critical
70.44,61.76,119.59,8.7,2301.2,3.0,Healthy
79.53,58.69,117.6,8.23,1940.55,648.0,Healthy
72.78,68.77,118.94,8.58,1982.94,601.0,Healthy
73.91,60.41,119.4,8.51,2224.28,451.0,Healthy
79.0,66.69,121.48,7.89,2205.77,487.0,Healthy
84.95,81.04,113.95,9.26,1825.52,2122.0,Warning
76.55,66.44,117.96,8.07,2192.58,263.0,Healthy
97.01,84.83,112.37,10.19,1648.7,1917.0,Critical
95.94,86.78,111.98,10.04,1716.38,2810.0,Critical
96.77,86.66,112.24,9.74,1492.91,3071.0,Failed
92.9,79.58,115.41,9.04,1609.03,1757.0,Warning
75.36,62.57,116.5,8.19,2125.93,704.0,Healthy
65.5,61.92,121.07,7.62,2093.67,226.0,Healthy
76.66,66.09,117.61,8.89,1933.7,790.0,Healthy
100.27,86.49,108.99,10.73,1596.87,3293.0,Failed
101.09,83.65,110.07,10.41,1380.1,3005.0,Failed
78.82,67.63,118.0,8.85,1969.0,1204.0,Healthy
78.96,60.32,117.43,9.11,1936.22,835.0,Healthy
88.23,74.38,113.08,9.56,1971.1,1654.0,Warning
78.57,69.83,115.28,8.33,2032.4,860.0,Healthy
94.8,81.34,108.35,10.11,1600.14,2792.0,Failed
80.35,67.35,116.69,8.84,1958.39,597.0,Healthy
80.43,70.71,116.42,9.03,1806.07,1235.0,Healthy
86.15,69.35,114.02,9.32,1870.46,1570.0,Warning
69.57,62.46,118.11,7.96,2161.39,340.0,Healthy
81.12,74.64,118.27,8.66,1937.73,1337.0,Healthy
97.23,82.78,113.86,10.33,1692.35,2720.0,Critical
73.95,64.45,120.92,8.08,2145.46,361.0,Healthy
83.97,78.56,111.47,8.85,1707.23,1861.0,Warning
75.04,69.73,118.44,8.75,1952.53,1481.0,Warning
79.69,68.14,118.43,8.34,2094.38,646.0,Healthy
71.11,61.58,119.99,8.71,2293.03,39.0,Healthy
81.7,67.44,118.81,8.35,1934.58,857.0,Healthy
74.64,68.94,120.44,8.13,2103.66,185.0,Healthy
83.09,74.34,113.43,9.76,1968.01,1147.0,Healthy
93.34,79.25,110.98,9.59,1745.96,2568.0,Critical
93.06,80.42,112.25,10.06,1680.27,1916.0,Critical
102.72,95.82,108.53,10.08,1584.55,3211.0,Failed
83.06,69.86,117.23,9.23,1903.91,1288.0,Warning
96.94,81.43,115.08,10.7,1701.14,2410.0,Critical
85.46,83.65,113.33,9.98,1826.41,2242.0,Warning
71.69,68.47,118.28,8.6,2056.86,802.0,Healthy
82.07,71.5,116.95,8.38,1952.09,886.0,Healthy
83.44,78.11,114.85,9.25,1788.98,1991.0,Warning
100.03,83.98,113.71,9.77,1617.77,2712.0,Critical
87.87,71.48,112.73,8.57,1821.37,1550.0,Warning
81.59,68.14,118.45,7.72,2021.55,745.0,Healthy
102.46,88.6,110.08,10.15,1509.28,2803.0,Failed
70.7,62.02,117.77,8.28,2142.03,297.0,Healthy
93.7,93.12,109.69,10.84,1452.06,3130.0,Failed
98.76,83.13,114.66,9.73,1600.02,3019.0,Critical
90.67,90.29,109.62,10.17,1583.04,3057.0,Critical
98.6,84.62,111.8,9.31,1582.49,2114.0,Critical
78.25,65.77,120.36,8.2,2007.93,616.0,Healthy
88.75,73.52,111.77,8.6,1829.25,2006.0,Warning
94.03,89.06,111.75,10.79,1779.39,2410.0,Critical
93.77,82.35,112.61,9.94,1652.98,2086.0,Critical
77.54,61.33,117.9,8.75,1953.02,932.0,Healthy
79.71,68.4,118.07,8.67,2066.72,576.0,Healthy
84.02,69.69,115.38,9.83,1977.06,1201.0,Healthy
84.86,71.6,115.87,9.03,1919.47,1382.0,Warning
85.41,80.01,114.11,9.04,1766.64,2137.0,Warning
99.03,77.46,112.57,10.89,1570.77,3027.0,Critical
87.0,80.93,113.7,9.43,1857.8,2377.0,Critical
91.62,79.39,111.01,10.21,1623.21,2432.0,Warning
80.12,70.46,118.91,8.63,2087.65,889.0,Healthy
81.88,81.09,114.83,9.37,1983.96,1504.0,Warning
82.98,69.33,117.88,8.26,1944.89,1078.0,Healthy
76.97,68.43,118.39,9.62,2070.74,766.0,Healthy
68.67,68.55,122.68,7.87,2058.68,29.0,Healthy
83.07,70.2,116.61,8.57,1964.37,936.0,Healthy
74.43,69.09,116.83,8.86,2113.48,914.0,Healthy
89.76,73.45,113.51,9.17,1809.31,1528.0,Warning
65.92,67.75,117.82,8.33,2159.45,214.0,Healthy
78.97,65.98,118.51,8.17,2149.38,997.0,Healthy
71.47,62.15,117.9,8.17,2234.19,140.0,Healthy
87.62,79.96,114.78,9.36,1807.67,2278.0,Warning
88.21,77.3,113.98,9.11,1737.42,2083.0,Warning
79.89,68.82,113.98,8.47,1768.17,986.0,Healthy
77.58,65.14,120.76,8.72,2126.71,424.0,Healthy
100.42,94.01,105.36,10.25,1529.9,3104.0,Failed
88.89,84.37,114.03,9.39,1851.93,2175.0,Warning
91.25,79.85,113.56,9.87,1734.59,2342.0,Warning
84.52,74.59,111.23,9.78,1831.61,1485.0,Warning
93.29,81.77,112.6,9.65,1637.88,2478.0,Critical
97.64,94.95,110.03,10.33,1483.76,2960.0,Critical
80.96,71.87,115.8,8.59,1784.5,1162.0,Healthy
94.04,84.05,115.11,9.64,1646.13,1936.0,Warning
77.18,68.99,117.92,9.0,1950.87,827.0,Healthy
90.68,86.18,112.96,8.69,1740.04,2244.0,Warning
77.77,71.23,115.75,8.63,1789.95,1423.0,Healthy
73.03,56.88,122.6,7.92,2157.18,19.0,Healthy
96.92,94.24,111.05,10.54,1685.49,2633.0,Failed
92.93,88.76,109.99,10.66,1586.13,2330.0,Critical
83.66,70.09,116.36,8.05,2000.26,988.0,Healthy
102.03,94.54,108.24,11.06,1502.81,3707.0,Failed
82.45,71.05,116.15,9.0,1994.97,1158.0,Healthy
85.13,78.48,117.82,9.05,1836.69,1327.0,Warning
95.26,86.28,111.24,9.54,1590.91,2546.0,Critical
78.3,71.84,114.95,8.53,1943.42,967.0,Healthy
85.85,75.1,116.14,9.54,1765.19,1165.0,Warning
93.37,78.99,112.76,9.67,1827.93,2277.0,Warning
73.71,63.3,119.54,8.25,2038.1,370.0,Healthy
88.89,71.49,115.41,8.67,2032.4,1521.0,Warning
78.69,70.08,119.07,9.07,1922.23,996.0,Healthy
86.12,78.94,111.87,9.63,1617.57,1867.0,Warning
68.91,65.39,116.89,8.25,2259.69,479.0,Healthy
71.92,68.19,119.08,8.54,1918.72,837.0,Healthy
90.1,81.96,109.88,9.52,1520.87,2600.0,Critical
73.99,65.35,118.18,8.06,1974.93,421.0,Healthy
84.71,70.96,116.98,8.45,1893.56,1334.0,Warning
91.3,80.54,109.58,9.53,1593.96,1872.0,Critical
95.49,77.95,112.44,9.19,1619.16,2899.0,Critical
72.98,62.49,116.81,8.43,1970.91,300.0,Healthy
95.6,82.6,108.71,9.86,1690.6,3013.0,Critical
89.99,82.02,111.16,9.65,1726.81,2085.0,Critical
84.45,68.04,116.33,8.83,1861.23,960.0,Healthy
88.32,76.76,111.3,9.59,1480.1,2426.0,Critical
92.75,88.61,114.38,9.35,1617.89,2431.0,Critical
87.48,77.33,114.11,9.59,1831.39,1748.0,Warning
89.1,81.1,113.68,10.15,1895.2,1679.0,Warning
91.98,80.46,110.69,10.2,1666.86,2271.0,Critical
100.0,95.07,110.34,11.01,1460.4,2571.0,Failed
86.56,73.9,117.3,8.93,1748.73,1659.0,Warning
98.44,84.79,110.86,9.95,1658.25,2871.0,Critical
92.34,79.05,111.68,9.78,1749.53,2680.0,Critical
101.58,93.48,109.85,10.71,1589.48,2998.0,Critical
99.45,87.89,112.23,10.75,1501.92,2614.0,Failed
75.86,68.28,119.46,8.42,2127.3,529.0,Healthy
74.53,66.32,117.68,7.5,2203.73,489.0,Healthy
89.28,77.51,113.24,9.0,1766.62,1662.0,Warning
81.71,75.03,114.09,9.38,1892.29,1163.0,Warning
87.56,81.2,113.86,9.3,1740.38,1623.0,Warning
93.97,85.95,113.55,9.95,1647.79,2539.0,Critical
98.93,88.44,110.75,10.57,1473.68,3110.0,Failed
83.57,74.08,117.76,9.5,2021.56,1116.0,Warning
92.74,87.28,111.74,9.48,1768.34,2183.0,Critical
76.19,64.65,114.56,8.73,2201.2,599.0,Healthy
90.74,70.47,118.56,9.98,1781.01,1459.0,Warning
71.92,57.36,120.1,8.63,2350.37,82.0,Healthy
92.93,72.05,116.13,9.05,1866.94,1930.0,Warning
86.51,73.72,113.37,9.48,1807.56,1475.0,Warning
94.94,79.52,110.6,10.14,1785.84,2140.0,Critical
87.31,79.41,113.74,9.63,1663.72,1672.0,Warning
84.95,71.49,113.43,8.8,1951.8,1280.0,Healthy
68.06,60.88,119.54,7.32,2183.48,18.0,Healthy
74.83,61.27,120.38,7.94,2152.56,441.0,Healthy
98.4,92.17,110.94,10.15,1483.36,3108.0,Failed
99.03,89.27,111.16,9.8,1511.21,2442.0,Failed
79.05,74.5,119.36,8.86,1941.98,1174.0,Healthy
75.4,70.31,117.97,8.99,1995.56,922.0,Healthy
82.28,72.04,112.78,8.92,1900.8,1230.0,Warning
95.32,84.61,112.88,8.84,1820.08,1927.0,Warning
82.11,71.53,119.32,8.84,1777.7,1340.0,Healthy
68.15,64.41,118.86,8.28,2214.21,258.0,Healthy
85.37,74.25,118.77,9.09,1880.27,1400.0,Warning
75.14,67.44,118.93,8.36,2003.28,724.0,Healthy
81.98,70.06,116.14,8.33,1885.61,914.0,Healthy
76.55,64.49,116.75,8.76,2089.62,556.0,Healthy
91.61,77.21,113.92,9.79,1707.5,1759.0,Warning
91.36,69.36,116.64,9.04,1813.36,1482.0,Warning
75.64,66.04,114.92,8.08,2057.05,696.0,Healthy
88.45,77.21,114.64,9.47,1863.13,1801.0,Warning
88.56,78.04,112.01,8.87,1968.7,1650.0,Warning
91.95,86.27,111.53,10.14,1595.44,3025.0,Critical
96.44,87.84,107.96,10.45,1585.4,2564.0,Failed
73.06,61.88,119.54,9.16,2159.21,488.0,Healthy
97.49,85.98,110.13,10.18,1588.28,2608.0,Critical
86.91,78.22,114.69,10.56,1841.48,2599.0,Critical
92.43,74.43,112.26,9.76,1664.15,2374.0,Warning
77.0,66.59,115.31,8.67,1950.06,1116.0,Healthy
84.2,74.44,114.14,8.44,1983.66,1270.0,Healthy
71.71,65.74,120.53,7.66,2100.22,19.0,Healthy
105.21,91.73,110.92,10.63,1613.65,3336.0,Failed
90.2,78.02,115.34,9.57,1766.92,2245.0,Warning
81.16,67.89,116.96,8.27,1953.35,1264.0,Warning
83.92,75.83,115.16,9.77,1945.74,1470.0,Warning
71.93,63.05,120.49,8.69,2188.83,108.0,Healthy
75.12,67.7,119.31,7.69,2081.67,516.0,Healthy
92.26,80.77,115.13,9.96,1768.96,2280.0,Warning
82.64,79.06,112.57,9.96,1759.62,1942.0,Warning
99.67,89.44,111.44,9.25,1618.6,2583.0,Critical
93.59,78.55,110.98,9.46,1726.77,2167.0,Warning
87.43,86.46,114.48,9.16,1786.85,1730.0,Warning
99.85,78.4,114.29,10.43,1739.61,3008.0,Critical
69.7,59.71,120.66,8.0,2226.55,209.0,Healthy
91.34,81.33,112.18,9.55,1669.37,2195.0,Warning
87.64,83.11,113.6,9.96,1697.21,2711.0,Critical
83.79,67.71,117.77,9.31,2119.45,985.0,Healthy
70.93,64.38,118.39,8.46,1925.13,692.0,Healthy
72.09,73.02,115.91,8.35,2032.1,671.0,Healthy
74.04,64.31,119.99,8.38,1956.81,544.0,Healthy
89.68,72.66,113.0,9.57,2028.83,1575.0,Warning
76.93,69.14,118.09,7.81,2166.85,422.0,Healthy
90.14,82.33,114.85,9.64,1698.8,2361.0,Warning
76.21,66.44,118.39,7.89,2123.58,372.0,Healthy
70.46,61.39,119.85,7.59,2115.44,101.0,Healthy
80.85,65.45,116.99,8.02,2135.81,847.0,Healthy
80.71,66.01,118.18,8.27,1882.24,600.0,Healthy
98.92,85.12,110.29,10.9,1534.13,3582.0,Failed
76.79,69.82,117.29,7.96,1982.21,957.0,Healthy
78.07,68.62,117.89,8.77,1962.25,634.0,Healthy
78.12,69.13,116.69,8.23,2042.16,705.0,Healthy
81.55,70.94,113.94,8.51,1808.64,981.0,Healthy
91.19,80.42,115.44,9.65,1901.49,1832.0,Warning
92.85,80.75,113.75,10.48,1654.69,2689.0,Critical
81.32,73.84,116.86,9.51,2018.0,1008.0,Healthy
89.9,80.8,114.23,9.68,1723.05,2275.0,Warning
85.32,72.06,113.81,9.18,1970.13,1479.0,Warning
100.23,86.99,107.88,10.27,1610.23,2580.0,Critical
88.18,80.34,113.94,10.41,1887.5,2148.0,Warning
77.79,68.93,114.26,8.61,2042.47,797.0,Healthy
92.69,78.64,113.24,10.21,1704.8,2194.0,Critical
97.63,85.14,113.76,9.81,1705.93,2636.0,Critical
86.29,75.62,114.42,8.83,2209.02,1249.0,Warning
101.77,87.13,109.29,11.18,1418.47,2926.0,Failed
91.88,83.35,109.7,10.2,1574.96,2850.0,Critical
68.43,67.47,118.1,8.58,1958.64,737.0,Healthy
97.43,86.07,112.08,10.19,1682.45,2487.0,Critical
89.35,84.48,112.46,9.15,1797.4,1968.0,Warning
85.98,78.04,116.02,9.16,1981.04,1831.0,Warning
87.5,71.79,118.91,9.03,1819.71,1412.0,Warning
101.38,91.72,113.25,10.27,1678.76,2345.0,Critical
92.57,81.49,113.73,9.67,1606.02,1938.0,Warning
89.02,70.12,114.44,9.1,1835.75,1806.0,Warning
68.81,58.37,118.74,8.93,2096.21,145.0,Healthy
81.18,71.97,114.72,9.11,1933.57,1194.0,Warning
90.08,89.76,112.36,10.31,1656.48,3203.0,Failed
93.25,74.21,114.39,10.32,1653.79,2459.0,Critical
74.85,61.17,117.74,7.78,2207.58,190.0,Healthy
100.09,88.86,111.71,10.0,1552.65,3159.0,Critical
96.83,76.3,113.4,10.18,1625.12,2900.0,Critical
85.94,78.64,114.01,8.78,1850.23,1765.0,Warning
68.98,63.27,119.46,7.96,2104.0,84.0,Healthy
84.4,74.33,115.42,10.23,1726.37,1935.0,Warning
71.15,58.18,120.54,8.87,2231.17,148.0,Healthy
76.68,67.02,117.44,9.16,1921.55,1139.0,Healthy
94.14,70.85,114.09,10.05,1862.14,1791.0,Warning
93.48,86.41,111.45,10.48,1418.95,3281.0,Failed
80.14,71.39,116.01,8.72,2024.37,1369.0,Healthy
89.99,82.14,109.72,10.81,1598.64,2345.0,Critical
98.44,90.47,108.48,9.92,1549.66,2446.0,Failed
70.62,60.94,120.68,8.44,2197.06,75.0,Healthy
76.11,67.96,117.77,8.39,1916.73,858.0,Healthy
88.5,80.09,113.58,9.6,1792.86,2430.0,Critical
92.71,84.93,111.19,10.11,1635.79,2389.0,Critical
80.14,75.64,116.23,9.79,1858.57,1436.0,Healthy
89.29,78.48,113.55,10.21,1913.44,2238.0,Warning
94.24,80.65,115.8,9.67,1743.58,2244.0,Warning
92.71,84.51,113.88,9.87,1613.07,2211.0,Critical
93.16,82.81,111.7,10.11,1761.97,2154.0,Critical
71.18,67.61,119.9,8.76,2160.97,287.0,Healthy
72.39,62.57,117.3,7.69,2170.02,544.0,Healthy
73.91,62.72,114.75,8.28,2113.76,363.0,Healthy
105.49,85.64,113.26,9.91,1623.67,2577.0,Failed
96.54,89.58,110.3,10.2,1724.72,3313.0,Failed
95.01,83.1,113.59,9.49,1581.18,2628.0,Critical
71.02,61.41,117.84,7.57,2081.59,333.0,Healthy
78.96,82.22,113.05,8.91,1669.8,1715.0,Warning
73.25,71.05,117.31,8.25,2099.34,675.0,Healthy
88.19,70.07,116.7,9.16,1952.14,1043.0,Healthy
79.8,63.91,117.59,8.34,2114.06,891.0,Healthy
99.79,90.46,112.46,9.73,1617.46,2662.0,Critical
73.29,65.75,117.81,8.52,2092.15,546.0,Healthy
82.31,80.65,113.6,9.73,1763.33,2285.0,Warning
96.19,89.83,108.9,11.14,1492.54,3421.0,Failed
91.8,78.21,115.33,10.09,1748.5,2421.0,Warning
73.09,61.14,117.24,7.79,2162.65,299.0,Healthy
97.2,89.27,109.69,10.0,1607.62,2622.0,Failed
87.7,77.95,112.93,9.91,1731.61,1675.0,Warning
86.51,74.99,119.02,8.79,1924.59,1337.0,Warning
88.29,79.83,114.55,9.52,1787.58,2459.0,Warning
97.29,83.2,109.93,9.51,1558.56,3037.0,Critical
84.9,79.18,116.46,8.67,1859.48,1317.0,Warning
84.83,77.72,115.46,9.83,1814.0,1591.0,Warning
80.93,74.57,115.89,9.2,1785.13,1506.0,Warning
70.9,63.84,120.32,7.93,2110.32,201.0,Healthy
99.23,78.23,112.22,9.77,1709.9,2618.0,Critical
77.13,62.31,118.99,9.0,2179.21,336.0,Healthy
84.9,67.26,113.72,8.72,1950.89,1377.0,Healthy
79.25,71.98,118.3,9.16,1848.17,1139.0,Healthy
74.09,69.38,116.53,9.05,2082.27,870.0,Healthy
85.36,72.5,114.12,9.58,2066.41,1038.0,Warning
91.25,82.08,113.06,9.2,1814.86,2092.0,Warning
79.75,64.85,116.19,8.22,1981.81,1071.0,Healthy
74.06,62.78,117.07,7.99,2010.13,635.0,Healthy
91.69,87.32,112.47,10.47,1590.33,3035.0,Critical
101.73,89.92,111.75,11.22,1480.83,3326.0,Failed
87.32,69.81,112.48,9.45,1863.06,1421.0,Warning
77.77,73.4,115.96,8.55,2074.22,868.0,Healthy
69.14,66.05,118.86,8.59,2237.41,161.0,Healthy
74.83,62.38,119.37,7.9,2146.77,95.0,Healthy
79.86,67.26,118.63,8.65,1932.01,1337.0,Healthy
103.24,88.39,109.48,10.19,1548.44,2470.0,Failed
91.59,82.94,115.04,9.59,1653.84,1926.0,Critical
79.32,69.66,116.29,8.59,1848.03,1148.0,Healthy
99.18,93.08,112.68,10.91,1588.61,3618.0,Failed
81.7,72.51,115.25,8.87,1994.42,1495.0,Warning
81.68,74.62,116.59,8.06,1957.65,957.0,Healthy
85.45,75.14,115.7,9.3,1849.3,1525.0,Warning
79.61,67.17,119.82,8.15,2124.54,666.0,Healthy
97.12,89.33,111.38,9.85,1526.78,3095.0,Critical
79.47,75.43,116.7,9.18,1836.24,1146.0,Healthy
89.71,82.44,114.38,9.35,1703.9,2484.0,Warning
80.39,71.44,114.79,8.79,2036.15,1351.0,Healthy
101.45,85.07,111.49,10.27,1526.92,2657.0,Failed
92.28,75.91,112.63,9.49,1698.47,1945.0,Warning
84.37,67.33,117.32,9.05,1820.55,1650.0,Warning
71.18,64.49,119.31,7.39,2015.43,419.0,Healthy
101.68,85.89,112.02,10.19,1463.25,2489.0,Failed
86.81,75.4,111.47,10.01,1796.24,1843.0,Warning
78.16,71.64,118.21,8.96,1888.24,955.0,Healthy
100.99,86.0,110.95,10.04,1553.58,2266.0,Critical
70.1,67.32,117.3,8.32,2182.97,166.0,Healthy
78.47,67.7,117.0,9.04,2010.29,1099.0,Healthy
85.41,73.19,112.35,9.01,1812.97,1498.0,Warning
76.24,66.42,117.52,9.35,1866.26,1241.0,Healthy
85.25,76.47,117.38,9.26,1833.38,1567.0,Warning
75.64,71.38,114.67,8.54,2042.6,814.0,Healthy
72.19,62.12,118.65,8.96,2158.6,497.0,Healthy
68.99,57.91,119.38,7.26,2152.36,124.0,Healthy
72.97,69.32,115.44,7.92,2033.34,590.0,Healthy
96.07,84.24,111.85,10.64,1539.58,3658.0,Failed
88.0,80.29,115.18,9.71,1768.92,1811.0,Warning
84.2,72.96,118.15,9.88,1776.25,1478.0,Warning
81.67,72.72,116.9,8.06,1955.53,1411.0,Healthy
98.31,84.48,111.6,10.11,1705.58,1823.0,Critical
73.77,65.67,119.36,7.86,2012.51,445.0,Healthy
80.1,67.4,119.17,8.86,1956.21,935.0,Healthy
91.83,83.87,112.74,9.61,1725.69,2360.0,Warning
84.18,75.24,116.49,9.54,1742.73,1647.0,Warning
93.92,94.15,108.77,9.83,1602.78,1991.0,Critical
96.98,81.8,113.24,10.65,1622.57,3072.0,Critical
95.31,79.54,112.97,9.73,1584.45,2796.0,Critical
73.77,68.51,114.34,8.43,2007.18,474.0,Healthy
71.26,62.65,119.66,8.31,2222.59,269.0,Healthy
75.13,67.46,115.33,9.09,2109.35,536.0,Healthy
87.59,80.21,111.25,10.29,1707.16,2640.0,Critical
101.9,87.58,111.88,10.37,1497.5,3135.0,Failed
104.25,89.14,110.54,10.57,1529.43,3013.0,Failed
79.46,67.32,118.9,9.18,1990.39,1143.0,Healthy
97.21,85.91,111.69,10.25,1629.91,2889.0,Critical
89.33,72.0,114.58,8.93,2007.5,1486.0,Warning
90.71,85.87,113.42,10.31,1630.78,2874.0,Critical
89.24,80.79,114.01,9.36,1902.85,1555.0,Warning
73.1,60.66,118.5,8.22,2280.94,405.0,Healthy
79.25,58.48,119.37,7.88,2281.84,267.0,Healthy
98.15,92.29,110.33,10.62,1542.54,3081.0,Failed
85.5,68.83,117.48,9.27,1993.75,1606.0,Warning
79.98,73.04,115.49,8.49,1964.84,1159.0,Healthy
87.28,70.86,115.19,8.45,1947.47,1150.0,Healthy
79.83,70.11,114.62,9.7,2002.03,1036.0,Healthy
101.85,92.75,107.34,10.71,1609.19,3461.0,Failed
73.76,64.67,121.6,8.19,2196.68,186.0,Healthy
74.78,64.41,117.46,8.54,2103.25,368.0,Healthy
94.38,77.23,111.75,9.79,1608.61,2530.0,Critical
84.48,78.62,116.84,9.3,1718.87,2079.0,Warning
66.1,60.64,118.5,8.33,2123.01,372.0,Healthy
74.26,60.37,120.43,8.47,2194.8,118.0,Healthy
75.26,66.75,115.63,8.0,2109.47,777.0,Healthy
81.33,73.52,119.49,8.24,1900.7,676.0,Healthy
71.48,59.67,119.68,7.55,2198.38,44.0,Healthy
80.08,62.21,116.31,8.88,2032.54,564.0,Healthy
94.56,86.56,111.09,9.81,1678.58,2027.0,Critical
88.27,87.84,113.98,9.77,1700.82,2275.0,Critical
98.79,89.24,110.14,10.16,1673.77,2590.0,Critical
80.67,76.16,114.61,8.72,2008.31,1344.0,Healthy
83.08,74.75,116.16,8.22,1983.91,878.0,Healthy
101.77,87.32,110.07,11.0,1484.94,3065.0,Failed
94.89,78.91,112.53,9.86,1757.78,2534.0,Critical
85.3,78.65,115.29,9.86,1960.67,1516.0,Warning
74.91,66.86,117.8,8.06,2149.56,736.0,Healthy
78.34,69.12,117.76,9.0,2014.22,1051.0,Healthy
80.06,72.1,114.44,8.71,1842.44,1781.0,Warning
84.49,78.01,117.69,10.33,1875.88,1718.0,Warning
66.02,61.62,119.13,7.34,2250.84,41.0,Healthy
94.47,88.32,112.43,11.12,1496.41,3500.0,Failed
87.62,73.1,113.35,9.43,1781.69,2087.0,Warning
89.28,81.3,111.97,9.4,2031.38,1713.0,Warning
76.25,67.11,115.38,8.76,2019.94,735.0,Healthy
91.45,86.3,112.81,9.54,1732.66,2569.0,Critical
89.28,75.81,114.37,10.16,1642.76,1954.0,Critical
71.9,63.03,117.32,8.58,2123.44,251.0,Healthy
85.38,75.7,112.73,9.49,1709.75,1523.0,Warning
89.56,79.85,114.0,9.75,1665.71,1808.0,Warning
90.5,87.9,111.64,10.86,1664.5,2266.0,Critical
78.29,67.29,117.06,8.78,2095.6,555.0,Healthy
94.63,86.38,109.3,9.88,1732.89,2700.0,Critical
84.97,73.88,115.85,9.45,1879.05,1608.0,Warning
75.56,58.22,120.01,8.03,2144.87,304.0,Healthy
74.15,60.45,119.68,7.97,2122.63,345.0,Healthy
78.33,69.3,118.06,8.7,1983.72,591.0,Healthy
72.28,66.97,115.59,8.3,2049.22,962.0,Healthy
83.41,78.31,115.51,9.26,1838.98,1481.0,Warning
95.77,84.94,112.87,10.14,1561.03,2214.0,Critical
77.13,68.24,116.16,9.23,2157.88,704.0,Healthy
105.32,90.78,109.62,10.74,1459.18,3099.0,Failed
79.96,63.54,118.93,7.82,2113.38,506.0,Healthy
88.88,77.53,113.89,8.97,1809.72,1590.0,Warning
97.11,89.79,107.77,11.01,1566.56,3474.0,Failed
92.1,78.6,110.71,9.83,1536.9,2524.0,Critical
88.01,83.17,112.46,9.01,1858.17,2223.0,Warning
90.24,79.96,113.68,9.39,1640.86,2446.0,Critical
72.25,63.77,122.56,8.65,1909.56,496.0,Healthy
67.53,60.06,120.1,8.07,2261.12,36.0,Healthy
84.23,72.9,113.86,9.34,1961.36,1197.0,Warning
77.78,58.74,118.86,8.21,2041.75,242.0,Healthy
83.53,71.19,116.44,8.45,1949.12,1323.0,Healthy
75.75,68.5,118.9,7.84,2129.78,651.0,Healthy
100.53,81.36,112.7,9.96,1671.51,3327.0,Failed
97.44,82.5,113.29,10.25,1632.96,2712.0,Critical
94.45,87.26,112.62,9.57,1692.89,2462.0,Critical
91.11,83.55,112.86,10.18,1757.59,1990.0,Critical
74.02,65.52,120.68,7.99,2081.18,586.0,Healthy
73.4,59.4,119.0,7.46,2079.02,128.0,Healthy
90.04,81.76,113.54,9.63,1721.38,2112.0,Warning
87.08,75.66,113.21,9.91,1840.36,2235.0,Warning
78.75,70.67,113.11,9.52,2030.59,1143.0,Healthy
85.1,70.26,117.18,8.54,1885.39,1389.0,Warning
85.96,74.19,116.12,9.79,1830.92,1351.0,Warning
76.26,64.11,114.05,8.67,2170.83,674.0,Healthy
76.03,71.69,118.36,8.54,1990.0,1184.0,Healthy
86.3,73.85,115.36,9.32,1958.12,1292.0,Warning
91.21,76.38,115.45,10.05,1681.25,1569.0,Warning
92.71,91.95,110.56,9.72,1526.44,2925.0,Failed
90.17,73.29,112.58,9.17,1909.96,1800.0,Warning
91.31,81.83,112.73,9.61,1578.63,2450.0,Critical
94.78,82.37,110.58,10.27,1632.0,2163.0,Critical
76.82,65.63,117.03,8.87,2153.26,329.0,Healthy
94.55,81.52,114.77,9.66,1857.09,2286.0,Warning
87.47,78.37,115.77,9.09,1940.6,1843.0,Warning
87.9,77.42,116.52,9.61,1934.75,1841.0,Warning
67.03,52.27,119.02,8.0,2239.65,103.0,Healthy
91.11,85.89,109.49,9.4,1636.82,3335.0,Failed
101.22,93.28,111.43,10.59,1456.62,2972.0,Failed
74.13,59.13,118.71,8.4,2118.83,12.0,Healthy
73.94,60.63,117.41,8.96,2185.49,611.0,Healthy
74.6,66.75,118.99,7.99,2037.59,662.0,Healthy
91.77,85.01,112.0,10.2,1609.74,2267.0,Critical
86.19,75.76,113.29,10.11,1596.74,2062.0,Warning
78.54,64.58,116.12,9.46,2160.68,545.0,Healthy
95.07,81.88,113.27,10.23,1540.7,2465.0,Critical
79.92,72.17,115.91,9.28,1886.94,991.0,Healthy
91.8,74.0,116.32,8.76,1964.95,1675.0,Warning
77.32,68.12,116.86,8.52,1752.18,1210.0,Healthy
87.29,75.61,116.42,9.7,1943.73,1613.0,Warning
81.26,72.21,114.85,8.39,1797.56,1297.0,Warning
77.77,72.62,116.73,8.75,1996.04,753.0,Healthy
83.18,75.42,114.09,9.63,1840.74,1288.0,Warning
99.78,86.88,110.1,10.56,1457.77,2375.0,Failed
84.3,75.33,115.48,9.54,1787.26,1673.0,Warning
96.39,90.53,109.61,10.27,1492.35,2565.0,Failed
85.67,75.98,114.97,9.21,1716.43,1920.0,Warning
89.82,85.34,114.51,10.78,1785.23,2605.0,Critical
80.7,73.24,116.4,9.23,1916.92,929.0,Healthy
94.56,82.24,110.12,10.31,1495.75,2228.0,Critical
79.24,72.87,116.74,8.67,1849.82,939.0,Healthy
70.38,64.65,117.67,7.82,2221.17,75.0,Healthy
74.24,65.57,120.39,8.83,1948.76,558.0,Healthy
74.18,59.32,119.91,7.93,2170.59,76.0,Healthy
101.48,89.12,109.44,10.4,1694.62,2662.0,Failed
104.24,89.27,109.16,10.75,1514.57,3076.0,Failed
93.98,80.49,110.6,9.99,1692.37,2032.0,Critical
77.3,64.84,120.44,8.89,2081.94,288.0,Healthy
95.72,83.9,113.77,9.72,1569.67,2815.0,Critical
91.71,81.3,110.32,9.89,1662.09,2142.0,Critical
83.55,68.99,118.24,9.69,1992.13,1125.0,Healthy
87.6,70.97,114.61,9.61,1980.98,1885.0,Warning
88.98,81.83,115.28,9.58,1702.61,2058.0,Warning
67.58,60.04,117.01,8.38,2120.13,65.0,Healthy
84.43,78.94,115.32,9.23,1842.88,1416.0,Warning
89.92,81.24,112.06,10.42,1764.13,2304.0,Critical
80.82,64.43,119.11,8.8,2041.17,593.0,Healthy
85.59,70.6,115.65,8.76,1910.67,1446.0,Warning
83.68,76.09,114.71,9.43,1868.14,1978.0,Warning
88.93,82.2,112.49,10.01,1857.31,2741.0,Critical
96.6,91.16,112.7,10.6,1598.68,3260.0,Failed
93.77,85.65,111.25,10.25,1536.39,2339.0,Critical
88.15,84.93,115.08,9.78,1589.64,1724.0,Warning
90.85,78.88,115.11,9.63,1803.48,1718.0,Warning
85.2,75.14,115.3,9.22,1721.36,2104.0,Warning
93.22,73.14,113.03,9.18,1779.51,1982.0,Warning
68.95,63.39,120.47,8.05,2078.77,202.0,Healthy
86.72,77.89,113.52,9.78,1670.77,2543.0,Warning
96.56,83.27,111.05,9.69,1656.55,2054.0,Critical
89.34,78.06,114.56,9.72,1832.01,1758.0,Warning
95.56,88.87,114.74,9.79,1536.91,2532.0,Critical
91.32,77.57,112.69,8.99,1671.92,2285.0,Warning
82.1,73.64,115.82,9.69,1988.54,942.0,Healthy
71.0,61.56,120.48,7.72,2186.01,66.0,Healthy
67.89,59.95,118.6,8.59,2158.94,219.0,Healthy
73.11,70.08,116.69,9.12,1949.79,1019.0,Healthy
81.33,75.28,114.71,8.84,1804.92,1694.0,Warning
80.45,62.99,118.93,8.36,2198.13,439.0,Healthy
81.25,66.59,118.01,8.36,2230.06,644.0,Healthy
76.12,71.24,120.63,8.72,2137.93,713.0,Healthy
90.54,86.31,112.26,9.64,1512.5,2026.0,Critical
93.97,83.38,111.95,9.86,1607.17,2608.0,Critical
82.81,72.19,117.71,8.94,1988.58,1059.0,Healthy
76.97,63.56,116.19,8.87,2019.34,551.0,Healthy
65.75,61.8,121.43,8.11,2066.28,319.0,Healthy
82.09,58.0,117.65,7.83,2029.3,237.0,Healthy
85.14,72.49,117.88,8.76,1897.12,1058.0,Healthy
70.77,63.41,121.73,8.26,2102.4,153.0,Healthy
77.85,69.8,115.87,8.13,1775.18,939.0,Healthy
101.81,86.21,109.74,10.88,1619.04,2842.0,Failed
86.71,75.42,114.76,9.28,1878.08,1430.0,Warning
94.96,88.7,112.71,10.23,1517.3,2239.0,Critical
75.25,66.57,117.21,8.41,2178.95,331.0,Healthy
77.7,67.95,117.16,8.4,2022.5,851.0,Healthy
99.6,94.54,110.06,9.93,1630.16,3355.0,Failed
83.69,79.6,114.44,8.68,1990.25,1016.0,Healthy
90.48,78.01,111.95,9.02,1684.09,1803.0,Warning
100.16,88.55,110.43,10.58,1570.22,3610.0,Failed
90.7,78.6,114.66,9.31,1871.35,2054.0,Warning
74.37,66.42,115.8,8.15,2070.7,1157.0,Healthy
83.56,78.51,114.8,9.08,1907.43,1789.0,Warning
71.72,61.94,118.48,8.4,2328.02,141.0,Healthy
71.18,64.49,120.84,8.8,2197.55,306.0,Healthy
69.03,58.49,119.77,7.5,2132.22,20.0,Healthy
100.39,84.16,112.8,11.08,1595.24,2662.0,Critical
89.69,74.18,110.75,9.29,1646.18,2019.0,Warning
73.46,73.4,117.5,8.06,2087.92,832.0,Healthy
75.36,69.46,118.68,9.26,1976.68,616.0,Healthy
90.67,82.51,112.96,9.29,1900.34,2583.0,Warning
97.71,88.63,110.0,10.91,1532.93,2461.0,Failed
80.64,62.06,116.78,8.48,1987.09,773.0,Healthy
81.07,67.39,117.9,8.69,1937.73,833.0,Healthy
95.21,84.86,109.64,9.61,1544.68,2797.0,Critical
93.22,83.56,112.12,10.74,1532.21,2541.0,Critical
96.1,82.34,111.34,10.74,1578.71,2902.0,Failed
76.93,65.86,116.68,8.47,1996.2,925.0,Healthy
72.75,63.76,118.47,8.27,2081.62,447.0,Healthy
85.27,73.35,115.69,9.36,1916.52,1217.0,Warning
80.09,71.6,119.53,8.55,1949.54,875.0,Healthy
98.99,92.71,111.68,10.76,1580.89,3032.0,Critical
69.95,63.16,118.22,8.05,2315.62,119.0,Healthy
93.54,78.49,113.01,9.38,1710.44,2096.0,Warning
99.2,92.59,109.22,9.63,1541.4,2860.0,Failed
99.64,84.55,107.4,9.92,1423.94,3526.0,Failed
91.31,73.27,111.76,9.86,1717.84,1765.0,Warning
96.47,85.84,110.68,10.47,1565.02,3590.0,Failed
65.94,64.71,121.15,8.52,2104.75,211.0,Healthy
78.96,71.28,117.9,8.67,1857.77,1006.0,Healthy
72.5,56.88,118.18,7.37,2222.82,25.0,Healthy
99.68,87.25,108.99,10.25,1550.55,3443.0,Failed
96.67,83.36,109.56,11.07,1617.21,3003.0,Failed
68.3,57.12,115.85,7.68,2081.23,76.0,Healthy
64.68,65.2,119.57,8.03,2296.95,67.0,Healthy
85.28,70.58,117.54,7.95,1904.09,1404.0,Healthy
77.13,73.06,117.04,8.44,1938.41,827.0,Healthy
94.12,82.74,109.63,9.95,1689.11,2193.0,Critical
72.8,66.29,117.13,8.53,2194.48,516.0,Healthy
97.48,84.4,111.6,9.85,1621.32,2610.0,Critical
89.28,79.27,115.61,8.78,1745.26,1559.0,Warning
78.42,72.09,115.95,8.68,1971.21,983.0,Healthy
77.87,67.33,119.5,8.28,1991.4,464.0,Healthy
99.5,91.59,109.9,10.1,1705.74,3669.0,Failed
86.71,75.27,114.18,9.2,1684.84,1778.0,Warning
82.3,75.38,114.2,9.5,1920.93,1332.0,Warning
78.78,70.82,115.26,8.68,1927.35,1380.0,Healthy
93.21,84.84,109.06,10.44,1492.41,3026.0,Failed
96.96,86.72,112.69,9.98,1550.3,2701.0,Critical
93.67,87.1,111.45,9.54,1722.39,2418.0,Critical
90.34,77.04,108.44,9.41,1798.04,2337.0,Warning
97.5,85.59,111.84,10.34,1522.74,3067.0,Critical
80.62,64.82,118.47,9.44,1945.71,805.0,Healthy
84.97,75.7,111.75,9.45,1642.31,1844.0,Critical
79.53,71.41,116.68,8.98,1987.37,1355.0,Warning
89.71,80.38,113.69,9.86,1853.79,1743.0,Warning
96.12,88.22,106.84,11.0,1543.48,2693.0,Failed
100.65,93.82,113.08,10.2,1531.13,3442.0,Failed
81.21,74.76,114.57,9.22,1891.3,1880.0,Warning
87.27,76.61,114.56,9.88,1666.38,1799.0,Warning
101.75,86.05,110.09,10.45,1593.89,2645.0,Critical
101.89,92.51,109.7,10.88,1595.53,2695.0,Failed
87.81,80.48,112.46,10.42,1673.45,2669.0,Critical
74.5,61.57,117.78,8.38,2158.61,168.0,Healthy
85.15,68.04,119.31,8.86,1923.27,1108.0,Healthy
105.29,85.21,112.29,9.97,1526.85,3392.0,Critical
94.48,83.16,113.09,9.82,1620.29,2350.0,Critical
88.17,81.93,112.36,9.78,1698.28,2591.0,Critical
91.34,83.19,112.18,10.15,1693.65,1758.0,Warning
87.25,72.43,117.39,9.11,1763.44,1244.0,Warning
81.54,73.76,116.88,9.08,1981.55,1268.0,Warning
97.4,84.79,111.31,9.62,1675.52,2739.0,Critical
76.29,73.02,115.44,9.22,2022.77,865.0,Healthy
91.66,79.64,110.79,9.41,1645.67,2321.0,Warning
84.32,80.89,112.78,9.7,1652.27,2532.0,Critical
92.49,87.57,111.18,10.64,1650.33,2330.0,Critical
79.58,68.65,118.58,9.15,1978.19,1164.0,Healthy
91.17,83.75,114.07,9.51,1624.84,2550.0,Critical
69.29,70.21,118.99,7.83,2229.43,408.0,Healthy
72.64,61.2,118.5,8.26,2035.59,491.0,Healthy
83.51,77.12,114.1,8.81,1669.06,1475.0,Warning
71.4,60.18,121.04,7.55,2168.33,143.0,Healthy
98.61,92.44,110.44,10.07,1547.0,2938.0,Failed
99.25,89.12,111.89,9.16,1573.31,2665.0,Failed
70.44,63.27,121.28,8.48,2197.89,174.0,Healthy
99.23,84.7,110.77,10.43,1568.62,2852.0,Critical
82.3,74.51,113.67,9.84,1925.88,1635.0,Warning
96.84,78.89,116.68,9.9,1599.33,2123.0,Critical
99.95,86.63,112.02,10.04,1577.43,2384.0,Critical
86.24,76.76,113.81,9.85,1746.05,1708.0,Warning
72.62,64.06,120.7,8.01,2199.11,388.0,Healthy
70.7,55.85,119.51,7.48,2134.63,8.0,Healthy
86.7,74.98,115.52,9.18,1857.83,1346.0,Warning
101.76,92.26,109.66,10.54,1542.35,2449.0,Failed
83.16,80.01,114.25,9.11,1814.83,2132.0,Warning
82.5,71.26,115.86,8.51,1880.55,1061.0,Healthy
64.58,68.61,118.56,7.91,2207.61,116.0,Healthy
96.92,85.72,111.21,10.45,1561.8,2369.0,Failed
84.18,69.55,115.77,8.76,1998.46,1016.0,Healthy
86.89,76.79,113.82,10.82,1832.61,2250.0,Critical
86.03,79.62,112.6,9.68,1723.32,2128.0,Warning
78.28,72.98,114.88,8.93,1942.68,682.0,Healthy
76.08,60.82,120.29,7.58,2312.24,235.0,Healthy
82.53,66.97,117.11,9.2,2008.83,1438.0,Healthy
73.8,72.13,120.21,8.61,2030.33,1118.0,Healthy
85.96,82.18,113.02,9.75,1695.21,1889.0,Critical
94.89,87.09,112.08,10.72,1685.33,2363.0,Critical
73.14,65.78,118.49,8.41,1879.7,653.0,Healthy
86.26,72.83,116.25,8.8,1953.94,1991.0,Warning
71.81,60.67,121.03,7.64,2243.28,146.0,Healthy
74.96,68.09,118.34,8.6,2035.86,668.0,Healthy
98.3,82.64,112.33,9.95,1736.44,2442.0,Critical
95.57,84.97,113.33,10.01,1694.13,2841.0,Critical
96.93,81.68,112.12,9.43,1575.77,2049.0,Critical
77.03,65.55,116.64,9.17,2114.64,436.0,Healthy
86.08,76.52,112.24,9.96,1844.28,1447.0,Warning
82.1,70.56,115.33,9.11,1893.4,1576.0,Warning
98.85,90.16,110.27,9.87,1488.42,3099.0,Failed
91.67,78.46,117.17,10.27,1814.25,1825.0,Warning
96.1,89.91,110.47,10.79,1559.44,3566.0,Failed
79.54,66.98,118.62,8.4,2248.48,535.0,Healthy
81.29,75.03,114.88,9.61,1832.13,1448.0,Warning
93.79,78.24,113.21,9.73,1692.63,2888.0,Critical
80.35,68.14,116.74,8.54,1868.86,1028.0,Healthy
87.62,77.07,112.72,9.64,1811.44,2238.0,Warning
91.87,72.96,113.37,8.66,1752.66,1816.0,Warning
98.44,88.13,109.48,10.04,1528.71,3292.0,Failed
74.3,67.99,117.0,8.65,2172.74,533.0,Healthy
96.07,90.16,110.3,10.43,1549.41,2731.0,Failed
82.17,70.78,116.2,8.45,1839.65,1359.0,Warning
83.74,75.82,114.57,9.01,1948.01,1391.0,Warning
82.5,76.84,116.9,8.79,1858.79,1441.0,Warning
76.69,67.86,119.09,8.47,2007.43,969.0,Healthy
100.74,92.35,110.02,10.17,1448.02,3453.0,Failed
100.43,85.36,109.44,10.68,1433.13,2681.0,Failed
99.26,89.35,110.23,10.37,1699.09,2501.0,Failed
100.08,86.76,109.83,10.39,1456.3,2856.0,Failed
89.01,77.09,113.21,9.52,1651.7,2200.0,Warning
82.04,69.47,114.89,8.44,1908.99,1554.0,Warning
92.76,82.56,109.92,10.09,1523.04,2618.0,Critical
66.04,60.96,119.81,8.25,2223.19,87.0,Healthy
92.92,84.12,111.13,10.18,1724.0,2416.0,Critical
87.63,74.11,114.63,9.52,1767.27,1874.0,Warning
88.92,79.3,113.41,9.98,1704.85,2281.0,Warning
80.18,76.54,116.16,9.81,1972.64,1316.0,Healthy
79.96,67.65,116.42,8.47,1844.51,1198.0,Healthy
74.69,57.22,119.09,8.17,2104.93,122.0,Healthy
79.93,70.18,116.3,9.2,1894.01,1174.0,Warning
83.08,72.03,114.84,8.89,2071.01,1283.0,Warning
76.54,68.29,116.12,8.31,1974.42,651.0,Healthy
77.62,69.28,116.19,8.82,2004.25,719.0,Healthy
88.26,80.36,113.14,9.62,1989.47,2103.0,Warning
79.7,69.21,114.89,8.37,2041.17,1047.0,Healthy
97.29,83.72,109.16,9.36,1483.28,2236.0,Critical
73.25,68.24,119.64,8.08,2103.35,418.0,Healthy
92.56,68.98,116.13,9.17,1842.45,1585.0,Warning
74.93,64.99,119.24,8.64,2203.7,555.0,Healthy
80.74,77.14,113.99,8.95,1941.66,1811.0,Warning
88.49,82.2,111.9,9.31,1858.02,1999.0,Warning
90.45,74.29,113.86,8.92,1807.75,2169.0,Warning
82.92,71.56,113.31,8.45,1796.88,1303.0,Warning
84.51,71.21,114.78,8.97,1787.96,1436.0,Warning
69.08,60.03,116.99,8.35,1969.55,588.0,Healthy
78.05,73.28,111.95,8.83,1958.33,1205.0,Warning
86.13,73.69,118.49,8.99,1969.01,1205.0,Healthy
88.23,83.6,111.45,8.98,1742.21,1853.0,Warning
85.94,71.45,115.12,9.0,2019.11,1472.0,Warning
88.57,85.38,112.01,9.87,1697.51,2406.0,Critical
79.64,72.19,115.03,8.49,1992.85,1505.0,Warning
79.11,68.74,118.34,8.68,2095.47,782.0,Healthy
77.9,71.67,116.15,7.82,2076.73,875.0,Healthy
72.97,60.78,120.12,7.84,2084.89,154.0,Healthy
86.16,79.43,115.08,9.66,1900.0,1535.0,Warning
94.3,81.29,109.62,9.19,1656.23,3109.0,Critical
91.03,85.04,112.66,10.19,1628.91,2039.0,Critical
79.55,76.23,114.04,8.63,1948.31,1313.0,Warning
80.09,68.67,116.29,8.25,2165.58,516.0,Healthy
100.61,82.35,111.8,10.72,1587.71,2858.0,Critical
68.59,61.09,118.82,7.89,2100.29,173.0,Healthy
78.66,72.88,116.57,9.64,1864.27,1051.0,Healthy
94.66,87.03,112.01,10.02,1488.75,2924.0,Critical
82.82,72.14,113.93,8.95,1911.29,1489.0,Healthy
72.99,67.82,119.93,8.63,2164.7,318.0,Healthy
79.48,64.09,117.77,8.88,2152.53,756.0,Healthy
87.85,77.28,113.12,9.56,1715.52,1745.0,Warning
74.22,59.5,118.28,8.19,2122.31,522.0,Healthy
96.89,81.51,114.6,9.02,1743.36,2001.0,Warning
81.57,74.81,115.14,8.49,1892.6,1545.0,Warning
84.95,80.08,119.83,9.36,1843.54,1054.0,Healthy
81.57,70.31,119.83,9.28,1950.48,624.0,Healthy
96.21,85.69,111.94,10.11,1768.84,2291.0,Critical
76.12,72.66,115.69,8.28,2003.07,1178.0,Healthy
92.25,81.2,112.34,9.54,1705.69,2490.0,Critical
81.67,73.6,114.7,8.77,1928.7,1511.0,Warning
72.82,63.58,119.27,8.01,2195.17,310.0,Healthy
80.03,67.32,116.63,8.75,1855.79,1162.0,Warning
87.5,75.82,112.9,9.48,1812.05,1540.0,Warning
86.69,74.04,116.39,9.24,1830.24,1544.0,Warning
98.0,89.75,113.24,10.67,1642.14,2758.0,Critical
96.18,86.93,111.75,10.12,1470.36,3007.0,Failed
90.43,81.31,111.94,10.05,1596.13,2443.0,Critical
88.54,78.29,114.97,9.75,1832.54,1499.0,Warning
91.51,76.47,116.53,9.76,1792.75,1774.0,Warning
89.55,78.95,113.47,9.12,1608.72,1866.0,Warning
79.99,64.8,117.16,8.88,1968.18,867.0,Healthy
93.65,83.89,115.08,10.09,1675.35,2699.0,Critical
94.2,83.97,111.89,10.26,1609.49,2718.0,Critical
79.99,67.37,115.82,8.69,1877.77,832.0,Healthy
96.77,89.28,112.28,10.94,1650.61,2780.0,Failed
96.67,83.44,112.12,9.77,1586.17,3004.0,Critical
84.26,72.07,114.77,8.68,1929.98,1356.0,Warning
98.31,88.89,109.25,9.94,1647.28,3048.0,Failed
75.29,62.8,119.15,8.19,2105.79,323.0,Healthy
68.28,68.67,119.63,8.19,2027.68,94.0,Healthy
77.69,71.18,114.65,8.69,2096.94,916.0,Healthy
86.84,73.24,114.21,9.82,1627.58,2006.0,Warning
80.49,68.03,116.26,8.88,1927.39,904.0,Healthy
96.7,85.44,110.49,10.32,1644.21,3310.0,Failed
78.36,65.17,118.19,8.1,1965.92,825.0,Healthy
81.16,70.05,114.55,9.43,1952.1,974.0,Healthy
92.61,75.73,111.98,9.57,1738.28,1824.0,Warning
74.35,59.12,119.23,8.66,2182.84,12.0,Healthy
87.88,85.25,114.71,9.57,1621.89,2649.0,Critical
77.84,69.76,119.78,9.28,1884.9,1069.0,Healthy
98.46,91.35,110.23,10.22,1601.55,2535.0,Failed
90.98,75.69,113.15,10.46,1673.51,2436.0,Warning
70.85,60.45,115.81,8.58,2203.65,181.0,Healthy
71.12,60.12,120.43,8.57,2062.13,255.0,Healthy
71.73,63.54,119.79,7.93,2249.04,264.0,Healthy
100.03,85.47,110.9,11.14,1608.18,2947.0,Failed
86.53,86.73,111.29,10.53,1713.99,1785.0,Warning
89.86,67.91,118.69,8.92,1951.98,1303.0,Warning
76.08,69.42,120.28,8.57,2181.41,537.0,Healthy
99.36,88.84,111.71,10.55,1508.31,3347.0,Critical
74.31,66.98,119.47,7.72,1974.44,769.0,Healthy
92.92,81.36,113.01,10.23,1735.24,2322.0,Critical
93.2,88.46,113.6,10.32,1562.25,2422.0,Critical
81.41,76.25,115.09,8.51,1869.56,1119.0,Healthy
84.55,74.53,111.54,8.39,1718.3,1724.0,Warning
81.34,67.16,115.87,8.69,2055.78,609.0,Healthy
76.89,69.71,115.0,8.49,1771.91,1073.0,Healthy
101.8,85.45,109.38,9.78,1492.14,3280.0,Failed
91.15,82.18,113.74,9.88,1440.38,2615.0,Warning
92.34,86.15,111.15,10.64,1642.4,2528.0,Critical
92.07,71.39,114.55,9.26,1861.97,1465.0,Warning
82.72,68.54,115.83,9.07,2015.68,844.0,Healthy
85.16,82.24,110.96,10.05,1795.52,2012.0,Critical
85.55,73.21,115.06,8.7,1913.24,1343.0,Warning
77.42,63.31,117.42,8.22,2012.89,609.0,Healthy
83.7,73.64,115.88,9.46,1841.1,1344.0,Warning
93.59,83.87,114.47,9.36,1826.3,1982.0,Warning
95.98,83.26,115.11,10.17,1740.05,1933.0,Critical
78.09,69.64,117.54,8.44,2008.22,627.0,Healthy
103.11,83.78,113.96,10.48,1446.04,2710.0,Critical
84.2,70.14,116.81,9.12,2008.66,1264.0,Healthy
77.08,69.96,118.32,8.58,2015.54,998.0,Healthy
74.2,61.78,119.63,8.77,2058.78,649.0,Healthy
97.86,84.75,113.04,9.15,1409.95,2560.0,Critical
78.25,72.11,115.26,8.45,1994.71,986.0,Healthy
83.27,74.39,116.79,9.02,1856.74,1335.0,Warning
75.97,67.64,117.21,9.03,2000.81,745.0,Healthy
91.65,80.76,113.59,9.14,1652.81,2068.0,Warning
92.85,81.56,112.39,9.94,1662.14,2155.0,Critical
76.23,66.65,118.32,8.98,1999.84,1042.0,Healthy
101.84,88.08,111.14,10.46,1507.87,3310.0,Failed
69.71,64.83,117.61,8.04,2223.32,81.0,Healthy
80.05,67.06,121.81,8.08,2014.76,363.0,Healthy
88.58,76.63,115.36,9.37,1735.66,1948.0,Warning
94.84,79.94,112.16,10.14,1763.92,2290.0,Critical
79.41,66.2,115.79,8.35,1992.16,691.0,Healthy
90.57,75.3,115.88,8.52,1949.49,1845.0,Warning
81.26,70.41,115.29,8.98,1999.28,1073.0,Healthy
87.33,79.8,115.66,9.98,1718.7,1477.0,Warning
93.06,86.57,115.01,9.23,1612.95,2300.0,Warning
106.64,86.69,109.3,10.98,1581.79,2631.0,Failed
82.86,75.62,114.33,9.35,1832.44,1609.0,Warning
91.83,81.07,112.81,9.16,1819.59,1860.0,Warning
87.33,76.35,112.74,9.16,1752.15,1647.0,Warning
81.04,66.45,117.17,8.49,1997.07,1085.0,Healthy
77.72,68.42,118.03,8.7,1996.02,862.0,Healthy
93.16,96.0,111.21,10.4,1528.93,2870.0,Failed
75.61,67.01,116.68,8.96,2113.55,785.0,Healthy
96.71,81.35,113.36,10.32,1648.34,2416.0,Critical
72.1,63.93,117.05,7.75,2150.27,451.0,Healthy
96.89,80.71,113.22,9.44,1501.06,2266.0,Critical
76.12,65.63,115.91,8.71,2103.24,489.0,Healthy
98.44,91.06,112.68,10.21,1524.83,3490.0,Failed
93.3,78.5,112.36,9.65,1698.84,2050.0,Warning
74.75,52.94,120.0,8.44,1945.63,287.0,Healthy
92.06,81.63,114.09,10.08,1581.29,2470.0,Warning
91.16,76.6,112.06,9.02,1795.65,1628.0,Warning
80.74,67.87,117.88,7.96,1992.0,1131.0,Healthy
72.89,65.54,116.57,8.61,2050.23,789.0,Healthy
90.43,82.76,112.35,9.45,1696.29,2608.0,Critical
86.83,81.02,111.58,9.88,1585.16,2267.0,Critical
81.79,72.61,119.15,8.78,1888.71,1237.0,Healthy
98.98,89.14,109.48,9.8,1417.91,2662.0,Critical
80.89,67.25,117.96,9.51,2021.79,699.0,Healthy
73.56,60.53,118.37,8.18,2303.55,228.0,Healthy
90.9,78.38,115.64,9.27,1772.74,1635.0,Warning
68.48,62.78,122.41,8.31,2064.23,293.0,Healthy
77.98,63.04,116.29,8.9,2008.38,879.0,Healthy
80.97,80.96,115.14,9.01,1834.12,1485.0,Warning
77.52,70.73,116.56,9.64,1860.64,932.0,Healthy
81.3,65.06,119.41,7.93,2069.84,732.0,Healthy
94.38,75.35,112.6,9.18,1699.08,2610.0,Critical
88.4,75.87,115.89,8.73,1803.45,1602.0,Warning
94.65,83.43,111.01,10.1,1771.23,2699.0,Critical
84.46,77.26,117.55,9.64,1785.03,2054.0,Warning
85.06,68.01,111.88,9.08,2007.39,1598.0,Warning
81.17,66.42,117.95,8.84,1950.95,790.0,Healthy
94.99,82.53,112.06,10.16,1524.75,2115.0,Critical
71.15,65.33,117.96,8.35,1997.4,552.0,Healthy
77.58,66.56,118.01,8.78,2124.3,632.0,Healthy
89.51,85.4,111.67,10.03,1550.2,2817.0,Critical
94.65,86.8,112.92,9.69,1567.08,2377.0,Critical
86.31,76.84,114.48,9.33,1798.21,1804.0,Warning
67.5,58.43,122.23,8.19,2142.08,147.0,Healthy
76.27,58.64,114.58,8.81,2156.88,407.0,Healthy
86.68,73.47,117.77,8.77,1796.3,1913.0,Warning
93.09,78.19,116.38,9.67,1603.7,2262.0,Critical
90.5,76.8,112.73,9.23,2007.88,1558.0,Warning
72.42,60.23,119.9,8.75,2121.28,51.0,Healthy
73.59,68.35,120.21,8.63,2004.17,692.0,Healthy
89.22,82.06,115.49,9.15,1824.8,1701.0,Warning
89.97,78.23,115.57,9.37,1491.12,1952.0,Warning
74.8,59.96,120.22,8.48,2235.22,113.0,Healthy
72.14,65.3,116.52,7.98,2312.75,129.0,Healthy
78.98,68.41,119.34,8.16,2086.3,961.0,Healthy
68.18,64.07,120.12,8.61,2058.26,227.0,Healthy
86.44,79.36,116.78,9.48,1762.77,1430.0,Warning
73.54,66.4,116.46,7.83,2118.56,321.0,Healthy
86.37,80.68,111.69,9.08,1775.46,1911.0,Warning
92.65,87.51,112.25,9.08,1785.06,2792.0,Critical
100.42,88.91,112.29,10.18,1646.15,3630.0,Failed
98.44,90.01,112.93,10.49,1518.9,3524.0,Failed
73.96,67.67,116.18,9.07,1966.14,1026.0,Healthy
70.06,63.94,119.1,8.24,2116.88,87.0,Healthy
78.48,67.78,121.01,8.3,2020.97,1076.0,Healthy
91.83,76.21,112.09,9.66,1790.46,2132.0,Critical
72.05,63.76,120.42,8.72,2163.6,207.0,Healthy
79.56,67.73,115.73,8.69,1948.1,1339.0,Healthy
77.59,65.58,117.73,9.05,2160.42,826.0,Healthy
76.78,70.38,116.51,8.81,2100.86,697.0,Healthy
94.07,84.08,111.68,10.07,1541.48,2213.0,Critical
90.61,78.75,112.85,9.82,1735.89,2453.0,Warning
90.33,66.93,113.83,9.64,1841.27,1978.0,Warning
100.72,88.92,110.44,9.68,1540.9,3336.0,Failed
77.58,65.08,119.76,8.86,2228.74,363.0,Healthy
78.6,66.04,121.34,7.65,2068.84,559.0,Healthy
86.19,72.92,115.28,9.08,1852.81,1471.0,Healthy
86.22,79.13,111.96,9.62,1684.07,1788.0,Warning
89.46,76.29,114.17,9.21,1845.1,2177.0,Warning
75.88,58.9,117.98,7.8,2039.78,242.0,Healthy
102.95,86.66,107.96,10.62,1489.67,2783.0,Failed
76.84,70.12,118.55,9.08,2054.23,1003.0,Healthy
82.74,71.78,116.53,8.86,1839.89,1147.0,Healthy
88.93,81.08,114.03,9.44,1680.48,2028.0,Warning
103.9,84.14,107.66,10.88,1402.78,2870.0,Failed
85.72,74.9,112.5,9.49,1664.47,2244.0,Warning
96.34,87.5,108.33,10.37,1489.86,3272.0,Failed
70.2,62.57,118.09,8.39,2049.71,495.0,Healthy
89.0,79.12,114.01,10.54,1693.49,2194.0,Warning
101.66,80.94,111.91,9.74,1589.21,2700.0,Critical
85.14,78.81,113.91,9.61,1922.06,1873.0,Warning
81.17,68.4,115.1,8.23,1973.19,1229.0,Healthy
101.19,94.32,109.86,10.08,1681.42,3773.0,Failed
73.88,65.8,119.13,8.23,2047.47,495.0,Healthy
83.43,69.16,115.02,8.97,1876.41,1285.0,Warning
97.38,92.49,109.86,10.07,1600.97,2503.0,Critical
94.48,87.81,109.65,10.21,1528.51,3035.0,Failed
99.13,89.91,109.21,10.18,1511.61,3134.0,Failed
98.77,86.35,110.47,10.73,1427.19,2755.0,Critical
74.31,62.93,117.84,7.73,2134.67,184.0,Healthy
101.79,89.47,110.03,10.62,1619.38,3472.0,Failed
83.85,70.25,117.57,9.34,2052.58,1347.0,Warning
90.62,78.91,113.04,9.25,1859.77,1694.0,Warning
84.08,72.18,114.2,8.84,1934.08,1453.0,Healthy
92.63,86.16,108.48,10.03,1668.93,2128.0,Critical
85.37,79.08,117.0,10.11,1823.3,1806.0,Warning
94.99,85.86,113.25,9.97,1563.77,2524.0,Critical
71.99,64.16,118.49,9.93,1987.63,586.0,Healthy
76.77,63.74,119.89,8.77,2090.37,625.0,Healthy
86.36,69.64,116.39,9.24,1882.93,1610.0,Warning
68.01,61.92,119.84,8.37,2263.82,17.0,Healthy
92.09,78.94,111.21,9.04,1524.56,2160.0,Warning
76.99,68.31,119.9,9.21,1978.88,1050.0,Healthy
83.67,77.43,113.77,8.86,1906.63,1888.0,Warning
78.27,62.11,118.73,8.52,2197.11,223.0,Healthy
72.11,65.1,118.35,8.19,2001.91,510.0,Healthy
84.85,75.97,113.85,9.24,1659.28,1983.0,Warning
79.81,69.98,117.81,9.47,1982.34,1090.0,Healthy
77.25,65.5,118.54,8.5,2112.51,738.0,Healthy
78.87,66.61,116.85,7.96,2081.11,823.0,Healthy
82.45,69.92,117.89,8.93,2058.86,821.0,Healthy
86.35,80.2,114.59,9.07,1815.37,2368.0,Warning
73.3,63.32,117.33,8.96,2103.21,626.0,Healthy
85.71,70.43,118.54,8.9,1994.05,1279.0,Healthy
93.45,85.43,113.09,9.21,1793.47,2636.0,Warning
87.81,74.49,117.26,9.61,1804.84,1627.0,Warning
86.15,78.04,111.94,9.7,1711.04,1639.0,Warning
80.9,69.52,118.47,7.78,2082.68,902.0,Healthy
100.39,88.63,109.34,10.31,1506.24,2594.0,Failed
82.98,71.3,114.91,9.15,1754.57,1331.0,Warning
76.85,66.38,118.49,8.81,2113.32,1066.0,Healthy
97.45,87.1,110.61,10.19,1587.3,3223.0,Failed
94.6,81.63,117.34,9.94,1758.05,1942.0,Warning
85.14,82.38,114.64,9.76,1755.45,1755.0,Warning
94.2,82.21,110.09,10.23,1646.26,2961.0,Critical
69.87,67.04,120.19,8.05,2056.36,207.0,Healthy
93.9,84.27,111.27,10.15,1613.91,2964.0,Critical
90.29,83.11,114.47,9.45,1748.08,2400.0,Warning
83.68,68.59,115.96,8.49,1992.09,923.0,Healthy
79.07,62.86,118.05,8.19,1883.87,886.0,Healthy
73.33,59.21,119.25,8.22,2174.14,356.0,Healthy
99.06,87.24,110.71,10.01,1507.75,2892.0,Failed
76.13,65.83,120.14,8.29,2048.54,545.0,Healthy
72.74,67.88,114.7,9.18,1893.47,813.0,Healthy
93.95,79.98,113.24,9.64,1894.83,1831.0,Warning
88.83,84.66,111.85,9.83,1692.64,1872.0,Critical
73.49,64.83,116.37,8.31,2107.12,499.0,Healthy
95.45,85.26,110.6,10.56,1545.96,2726.0,Critical
85.08,84.64,113.97,9.94,1720.45,1959.0,Warning
96.91,85.43,111.16,9.93,1671.25,2645.0,Critical
73.04,60.53,119.63,8.51,2030.9,288.0,Healthy
70.42,62.73,120.39,8.94,2274.31,156.0,Healthy
93.7,81.31,113.02,9.13,1898.15,2209.0,Warning
76.62,65.4,120.88,8.77,2032.95,559.0,Healthy
86.65,76.22,114.19,8.62,1795.64,1774.0,Warning
72.5,64.87,116.94,8.05,1986.67,53.0,Healthy
91.28,87.47,111.68,9.89,1514.61,2637.0,Critical
103.51,86.63,111.08,9.57,1620.88,2450.0,Critical
91.9,83.24,106.7,10.53,1713.14,2516.0,Critical
99.09,90.04,112.23,10.45,1466.61,3022.0,Failed
96.23,85.15,110.82,9.89,1517.39,3238.0,Failed
82.35,75.98,113.83,9.24,1762.69,1306.0,Warning
80.59,73.22,114.58,9.36,1830.74,1271.0,Healthy
94.57,94.9,112.18,9.53,1678.96,2551.0,Critical
101.37,92.23,112.06,9.06,1575.95,2817.0,Failed
95.57,85.95,109.3,10.42,1375.4,2839.0,Failed
96.0,81.49,110.28,9.61,1707.5,2891.0,Critical
78.01,60.32,118.18,9.04,2248.3,751.0,Healthy
97.21,81.94,111.02,10.21,1507.01,3303.0,Failed
100.01,88.76,111.38,10.49,1483.69,2573.0,Failed
89.51,76.41,112.49,9.59,1780.24,2509.0,Warning
92.42,90.64,111.24,9.52,1680.42,2367.0,Critical
83.56,80.31,114.42,9.42,1872.9,1476.0,Warning
100.29,87.51,112.01,9.83,1513.74,2470.0,Failed
74.63,61.83,121.05,7.68,2100.6,274.0,Healthy
96.64,90.38,113.76,9.72,1457.28,2390.0,Critical
70.49,66.81,121.4,7.66,2062.77,154.0,Healthy
79.6,67.38,119.33,8.76,1991.48,991.0,Healthy
73.08,60.88,120.17,8.18,2062.51,499.0,Healthy
79.13,73.47,114.32,9.31,1884.32,1782.0,Warning
77.15,68.26,119.98,7.95,2018.34,864.0,Healthy
100.13,87.02,108.41,10.28,1538.49,3391.0,Failed
86.98,78.14,117.95,9.21,1810.03,1904.0,Warning
102.24,92.78,109.56,10.32,1631.28,2975.0,Critical
75.33,64.12,118.55,8.79,2073.25,1066.0,Healthy
68.8,59.44,121.91,8.13,2180.44,77.0,Healthy
93.67,79.11,112.93,9.54,1640.7,2715.0,Critical
91.8,78.56,109.9,9.77,1705.47,1856.0,Critical
80.66,75.48,113.12,9.16,1755.43,1458.0,Warning
96.27,82.28,112.38,10.56,1716.16,2698.0,Critical
95.95,86.76,112.55,10.14,1566.98,3072.0,Critical
81.28,78.09,113.85,9.5,1775.68,2184.0,Warning
98.63,89.87,110.45,9.9,1537.95,2507.0,Failed
89.17,80.67,110.6,9.56,1721.0,2104.0,Critical
88.95,79.66,115.89,9.8,1747.7,2474.0,Warning
76.83,69.79,115.82,8.87,1936.07,1180.0,Healthy
71.32,59.32,121.16,7.97,2330.0,6.0,Healthy
82.51,68.49,119.7,7.9,2037.36,758.0,Healthy
93.71,77.15,110.63,9.58,1645.15,2727.0,Critical
84.82,82.16,113.09,9.66,1846.89,2523.0,Critical
80.79,67.32,117.11,9.31,1906.07,1211.0,Healthy
88.18,77.75,113.36,8.81,1905.68,1619.0,Warning
72.56,61.17,119.44,8.07,1903.67,577.0,Healthy
78.97,66.83,116.36,7.9,1983.32,777.0,Healthy
101.06,89.26,110.61,10.5,1403.24,2739.0,Failed
80.39,73.77,115.31,9.51,1801.8,1289.0,Warning
72.42,63.79,121.04,8.76,2064.74,757.0,Healthy
78.58,75.84,114.13,9.45,1881.87,1496.0,Warning
79.61,75.03,117.25,8.55,1880.42,1207.0,Healthy
91.42,80.4,115.4,9.97,1820.03,2159.0,Critical
97.32,88.87,109.0,10.1,1617.27,3671.0,Failed
85.7,71.55,114.23,9.5,1781.66,1947.0,Warning
89.44,75.04,112.61,9.68,1641.51,1864.0,Warning
82.33,71.76,113.33,8.8,2021.33,1046.0,Healthy
87.54,79.81,113.18,9.74,1766.14,1630.0,Warning
82.03,67.78,115.95,8.73,1999.85,1128.0,Healthy
68.06,68.04,119.22,8.11,2263.05,3.0,Healthy
92.7,86.92,110.89,10.92,1561.63,2578.0,Critical
81.32,69.06,115.71,9.27,2001.69,1202.0,Warning
82.99,78.62,113.28,8.93,1825.18,1886.0,Warning
66.35,58.75,119.69,8.02,2184.65,252.0,Healthy
93.48,86.1,113.45,10.44,1674.44,2349.0,Critical
78.42,62.32,120.29,8.84,2153.75,597.0,Healthy
84.72,68.25,115.5,9.01,2052.1,1526.0,Warning
96.78,88.09,112.94,9.49,1546.04,2965.0,Critical
84.13,72.95,114.4,8.76,1788.93,1390.0,Warning
102.28,93.11,110.17,10.4,1522.48,3257.0,Failed
73.1,63.23,118.5,8.76,2296.97,621.0,Healthy
88.56,76.78,112.35,10.19,1807.38,2277.0,Critical
102.71,87.9,108.32,9.63,1471.39,2632.0,Failed
86.57,85.16,115.75,9.72,1787.45,1608.0,Warning
88.75,83.27,111.84,10.3,1714.26,2222.0,Warning
83.45,73.46,115.29,8.03,1946.58,1044.0,Healthy
91.22,84.3,114.07,9.88,1725.36,2629.0,Critical
94.75,85.81,111.72,10.58,1618.42,2807.0,Failed
88.5,89.28,113.23,9.19,1803.6,2277.0,Critical
99.04,89.45,108.44,10.14,1705.08,2947.0,Failed
88.28,78.75,112.37,9.7,1777.26,2043.0,Warning
91.86,80.27,114.82,9.23,1778.91,1947.0,Warning
78.27,65.32,117.9,8.62,1957.62,1055.0,Healthy
90.37,78.65,113.28,9.86,1681.11,2028.0,Critical
100.78,85.72,110.47,9.74,1612.15,2967.0,Critical
92.35,82.36,112.78,9.19,1798.43,2086.0,Warning
77.43,63.1,117.99,8.77,2174.97,619.0,Healthy
81.64,76.12,112.68,9.74,1762.4,1432.0,Warning
90.24,82.05,112.58,10.05,1699.53,2497.0,Critical
95.02,83.46,108.52,10.89,1475.19,3107.0,Failed
74.81,63.17,116.86,8.56,2122.77,556.0,Healthy
72.3,65.45,118.99,9.06,2324.56,451.0,Healthy
87.2,67.94,116.75,9.06,1900.0,1298.0,Warning
69.05,68.0,119.26,8.42,2308.27,391.0,Healthy
95.93,90.82,108.52,10.61,1446.74,2997.0,Failed
83.46,73.77,112.95,8.81,1866.16,1598.0,Warning
87.57,76.03,114.65,9.02,1799.06,1837.0,Warning
69.05,63.54,114.88,8.21,2055.03,683.0,Healthy
78.27,71.52,116.93,8.9,1873.28,1554.0,Warning
98.75,90.63,108.53,11.29,1571.83,3202.0,Failed
88.73,72.71,118.46,9.95,1638.1,1611.0,Warning
75.93,60.83,118.47,7.89,2115.44,33.0,Healthy
76.03,64.58,118.27,8.44,2181.79,809.0,Healthy
98.84,90.71,109.11,9.59,1402.47,3640.0,Failed
97.16,91.25,109.86,10.07,1479.12,3203.0,Failed
78.21,61.43,118.17,8.2,2101.65,745.0,Healthy
93.04,78.66,115.14,9.36,1765.68,1991.0,Warning
76.08,57.74,120.76,7.96,2078.17,253.0,Healthy
87.24,71.74,115.32,9.53,1831.4,1796.0,Warning
71.26,62.0,120.3,8.62,2178.72,428.0,Healthy
94.58,92.95,110.89,9.76,1579.18,2167.0,Critical
102.33,90.51,111.58,10.92,1574.89,3227.0,Failed
73.99,69.37,117.76,8.57,2147.77,558.0,Healthy
78.44,75.71,116.85,9.51,1962.54,1614.0,Warning
71.98,63.68,119.15,8.08,2158.18,263.0,Healthy
79.34,72.86,117.54,9.07,2099.36,995.0,Healthy
66.49,60.03,119.79,8.34,2158.22,214.0,Healthy
78.63,69.35,118.5,9.25,1936.18,834.0,Healthy
101.22,93.24,108.89,10.74,1489.36,2674.0,Failed
76.92,63.44,117.2,8.45,2265.74,117.0,Healthy
91.77,89.5,112.89,9.94,1527.25,2643.0,Critical
74.52,62.87,121.24,8.67,1966.43,240.0,Healthy
88.77,80.95,114.54,8.81,1866.48,1611.0,Warning
85.12,72.94,116.7,8.9,1848.01,1701.0,Warning
94.93,94.3,108.24,10.44,1727.76,2630.0,Failed
72.78,67.69,117.08,8.04,2081.98,692.0,Healthy
75.68,64.24,118.33,8.08,2173.2,502.0,Healthy
92.73,78.92,109.91,9.5,1636.66,1960.0,Critical
90.09,79.35,110.45,9.97,1739.51,2435.0,Critical
94.85,78.1,113.25,9.68,1740.29,2545.0,Warning
69.58,60.52,118.83,8.45,2292.07,78.0,Healthy
72.12,63.98,116.88,9.4,2033.34,846.0,Healthy
94.52,89.08,110.99,10.21,1570.18,2828.0,Critical
89.47,78.36,112.07,9.3,1862.49,2053.0,Warning
89.09,78.28,113.65,9.65,1721.33,2007.0,Warning
79.88,65.38,117.02,8.38,1927.47,1097.0,Healthy
82.29,65.5,116.52,8.62,2014.35,727.0,Healthy
95.05,81.74,109.78,11.35,1511.32,3322.0,Failed
90.56,86.69,112.42,9.74,1691.91,2745.0,Critical
78.44,59.55,119.96,8.44,2057.76,382.0,Healthy
92.23,84.11,110.48,10.28,1633.2,3335.0,Failed
87.31,81.71,111.29,9.29,1880.78,1949.0,Warning
83.69,71.16,114.88,9.03,2033.1,971.0,Healthy
85.56,72.28,117.43,8.48,1980.55,1222.0,Healthy
93.74,82.78,111.72,9.75,1544.37,2671.0,Critical
83.34,74.15,116.1,8.4,1945.91,1195.0,Healthy
84.24,77.66,117.1,10.06,1863.5,1699.0,Warning
95.43,76.68,113.84,10.17,1809.91,2725.0,Critical
72.26,68.06,114.82,8.18,2046.93,576.0,Healthy
94.91,89.59,112.72,9.62,1643.31,2468.0,Failed
81.85,74.2,116.66,9.09,1975.27,1003.0,Healthy
81.1,68.83,116.36,9.03,1699.8,1592.0,Warning
91.58,78.77,113.47,10.64,1703.1,2066.0,Warning
89.56,79.44,115.28,10.08,1706.64,2229.0,Warning
88.54,70.37,115.48,9.35,1842.95,1618.0,Warning
90.79,72.43,111.28,9.41,1829.34,1681.0,Warning
95.23,87.68,111.46,10.15,1591.82,3160.0,Failed
96.04,86.69,109.92,10.12,1598.33,2605.0,Critical
92.23,84.34,114.48,10.2,1568.89,2769.0,Critical
80.49,69.4,116.87,8.36,2054.16,806.0,Healthy
82.78,73.79,115.73,8.5,1891.67,1141.0,Warning
87.82,76.65,113.45,10.16,1868.05,1516.0,Warning
65.98,61.73,120.07,8.12,2102.96,115.0,Healthy
86.34,87.14,112.98,10.09,1630.7,2228.0,Critical
75.2,66.81,115.75,8.47,1884.01,1099.0,Healthy
83.72,70.8,117.85,9.25,1957.9,825.0,Healthy
74.33,64.24,117.51,9.06,2192.72,790.0,Healthy
80.7,66.12,117.02,8.73,1942.72,939.0,Healthy
78.21,73.73,115.49,8.93,1925.51,1140.0,Healthy
87.42,74.52,117.42,9.63,1710.7,2215.0,Warning
87.37,76.78,115.94,9.5,1776.84,1763.0,Warning
82.6,74.76,118.54,8.86,2015.21,893.0,Healthy
77.95,69.27,119.63,8.67,2152.97,620.0,Healthy
95.95,82.58,112.19,10.0,1589.09,2867.0,Critical
76.67,61.08,118.55,7.76,2144.23,348.0,Healthy
83.49,74.87,110.91,9.27,1691.1,1533.0,Warning
88.82,79.55,112.97,9.6,1766.43,1663.0,Warning
89.93,74.22,117.51,9.7,1884.96,1652.0,Warning
99.24,83.38,112.88,10.74,1511.58,2860.0,Critical
88.25,80.86,114.06,10.13,1824.67,2011.0,Warning
97.9,84.17,107.9,10.71,1444.41,3505.0,Failed
93.53,83.41,112.24,10.25,1576.22,3102.0,Critical
74.02,66.19,117.44,8.67,2186.87,664.0,Healthy
74.48,67.13,118.64,8.37,2090.78,670.0,Healthy
81.44,66.25,114.88,9.18,1802.49,994.0,Healthy
81.06,72.81,115.35,9.51,2183.65,1254.0,Healthy
87.88,78.25,115.8,9.8,1729.81,2102.0,Warning
78.44,64.99,120.57,8.8,2186.54,797.0,Healthy
73.49,71.65,116.79,8.46,2008.66,645.0,Healthy
78.17,72.46,114.69,8.81,1834.72,1461.0,Healthy
89.47,77.15,114.81,9.62,1693.49,2439.0,Warning
88.32,85.51,111.23,9.43,1666.05,2152.0,Warning
96.64,87.71,108.46,10.55,1472.87,3354.0,Failed
81.16,66.61,118.37,7.39,2063.09,548.0,Healthy
77.19,70.33,119.2,8.77,1963.24,1500.0,Healthy
105.01,90.81,109.08,10.44,1638.36,2669.0,Failed
91.57,79.26,112.55,10.73,1734.15,2519.0,Warning
90.73,76.51,114.24,9.48,1791.6,1878.0,Warning
88.79,75.71,113.89,9.37,1764.44,1898.0,Warning
74.12,60.76,116.59,7.86,2124.72,225.0,Healthy
101.79,90.02,112.27,10.92,1534.31,2869.0,Critical
85.52,74.99,114.02,9.24,1652.29,2078.0,Warning
86.68,77.04,114.83,10.24,2003.9,1766.0,Warning
83.63,76.45,114.39,9.05,1841.74,1703.0,Warning
76.67,71.38,118.35,9.36,1946.06,1493.0,Healthy
75.66,70.54,116.7,8.61,2119.15,800.0,Healthy
98.28,78.15,110.83,9.66,1464.75,2089.0,Critical
84.77,76.99,117.4,9.68,2022.4,1622.0,Warning
76.97,57.28,116.36,8.62,2107.53,126.0,Healthy
88.23,70.45,115.78,8.92,1849.97,1151.0,Healthy
106.84,83.82,110.6,10.31,1506.55,2740.0,Failed
86.93,70.22,116.09,8.77,2017.02,1086.0,Healthy
89.47,70.66,113.54,9.12,2082.29,1255.0,Warning
89.69,83.63,111.98,9.12,1894.39,1975.0,Warning
94.74,84.77,113.42,8.93,1600.27,2396.0,Critical
90.94,81.37,115.39,8.92,1588.22,1871.0,Warning
95.5,82.18,110.87,10.04,1571.81,2546.0,Critical
73.87,65.64,117.46,7.86,2069.06,352.0,Healthy
99.99,92.65,108.08,10.26,1421.2,2946.0,Failed
95.72,89.73,112.37,10.05,1613.88,3072.0,Failed
81.44,71.64,116.31,9.02,1836.95,1820.0,Warning
89.83,77.35,109.54,9.3,1802.73,2260.0,Warning
74.31,66.71,114.24,8.92,2109.57,613.0,Healthy
81.67,71.71,115.73,9.21,1941.21,1500.0,Warning
75.65,73.68,118.37,9.13,2052.96,567.0,Healthy
69.54,59.21,119.06,8.1,2315.81,74.0,Healthy
102.76,89.3,110.14,9.69,1474.17,3665.0,Failed
77.27,65.97,117.04,8.23,1967.52,952.0,Healthy
91.27,78.49,114.11,9.53,1766.28,1980.0,Warning
79.63,73.15,115.65,8.85,2032.86,875.0,Healthy
80.85,71.46,116.28,8.69,1995.15,1015.0,Healthy
82.41,71.28,115.01,8.68,1894.34,1245.0,Healthy
76.18,66.83,115.51,8.59,1939.91,1029.0,Healthy
90.14,82.75,110.83,9.54,1858.2,2182.0,Warning
101.38,88.4,110.13,10.38,1422.73,2591.0,Failed
85.83,72.3,116.92,8.63,2119.72,1123.0,Warning
95.14,82.18,109.78,10.53,1494.62,3396.0,Failed
85.48,79.65,112.79,9.76,1716.19,2224.0,Warning
86.6,77.01,115.81,9.47,1804.59,1829.0,Warning
81.27,61.64,119.17,8.32,2076.59,833.0,Healthy
72.55,64.86,121.97,8.43,2103.56,197.0,Healthy
93.23,83.95,114.87,10.66,1630.72,3044.0,Critical
82.86,82.91,114.35,9.26,1723.52,2085.0,Warning
80.38,76.68,114.12,8.78,1862.0,1457.0,Warning
92.1,82.2,111.1,10.22,1503.24,3048.0,Critical
82.12,73.43,117.75,8.31,1993.85,824.0,Healthy
96.55,88.34,114.32,9.45,1637.36,2133.0,Critical
76.69,68.16,115.15,8.56,1809.33,1172.0,Healthy
99.89,84.53,111.17,10.43,1500.9,3217.0,Failed
79.99,61.57,116.13,8.32,2010.12,832.0,Healthy
70.59,65.27,118.4,8.34,2172.46,446.0,Healthy
90.69,78.02,112.78,8.94,1608.78,1969.0,Warning
75.91,66.12,118.94,8.65,2061.93,488.0,Healthy
98.97,86.78,113.55,10.95,1447.43,2525.0,Failed
84.54,77.33,114.16,9.27,1799.12,1707.0,Warning
77.32,65.24,117.05,8.75,1984.93,786.0,Healthy
78.17,62.37,117.02,8.44,2095.33,693.0,Healthy
102.46,86.03,110.47,10.35,1524.62,3194.0,Failed
86.23,76.03,112.61,9.42,1638.19,1856.0,Warning
95.18,86.77,111.27,10.11,1568.79,3209.0,Critical
72.68,63.62,115.28,7.94,2028.09,335.0,Healthy
98.64,84.55,110.43,9.88,1641.78,2734.0,Failed
85.89,78.9,114.6,9.74,1981.42,1730.0,Warning
91.87,79.57,111.57,9.0,1783.12,2178.0,Warning
77.81,75.69,115.7,8.92,1887.74,1299.0,Healthy
72.96,62.5,121.09,8.12,2160.38,186.0,Healthy
96.51,88.95,112.21,10.38,1552.63,3614.0,Failed
99.41,88.37,109.25,10.75,1590.55,3170.0,Failed
86.06,72.78,117.14,8.76,1929.75,941.0,Healthy
94.12,88.42,108.31,10.62,1571.95,3115.0,Failed
74.19,67.61,117.88,9.21,1948.26,593.0,Healthy
70.82,69.45,118.8,8.33,2111.06,495.0,Healthy
72.65,60.01,121.56,7.37,2079.99,216.0,Healthy
84.88,73.58,117.88,8.92,1929.54,1277.0,Healthy
72.08,63.32,119.79,8.03,2080.34,179.0,Healthy
81.49,73.21,114.69,9.15,1956.66,1327.0,Healthy
78.14,62.85,120.65,7.55,2154.17,426.0,Healthy
92.91,80.68,112.18,9.96,1669.99,2227.0,Critical
97.46,83.25,112.34,9.91,1547.36,2998.0,Critical
92.78,78.82,112.94,10.04,1764.44,1991.0,Warning
67.39,63.49,120.98,8.29,2184.24,612.0,Healthy
92.78,82.69,111.42,10.26,1816.94,2613.0,Critical
74.25,65.21,118.88,8.02,2057.02,771.0,Healthy
90.3,84.09,112.28,9.91,1690.62,2330.0,Critical
91.45,77.19,115.18,9.03,1697.6,1543.0,Warning
79.88,71.51,118.76,8.72,2048.41,1180.0,Healthy
78.18,61.68,116.16,9.3,1955.73,319.0,Healthy
90.6,85.03,111.63,9.69,1716.07,3025.0,Critical
94.94,87.45,109.26,10.2,1544.37,3348.0,Failed
92.26,82.32,114.01,9.21,1539.3,2118.0,Warning
97.91,87.61,111.39,10.29,1551.75,3485.0,Failed
98.95,89.15,109.95,10.28,1533.61,3483.0,Failed
75.5,61.92,117.27,8.19,2027.88,553.0,Healthy
91.51,84.07,112.99,10.46,1666.56,2337.0,Critical
79.57,68.8,114.6,9.34,1953.97,1277.0,Healthy
85.16,71.89,115.62,8.84,1856.98,1761.0,Warning
76.63,61.29,117.2,8.72,1972.07,579.0,Healthy
104.09,85.59,111.35,10.24,1549.89,3691.0,Failed
91.18,80.34,110.76,9.32,1661.33,2126.0,Critical
76.83,72.5,116.48,8.38,2140.11,883.0,Healthy
79.58,69.21,115.16,8.43,2008.77,1027.0,Healthy
87.08,66.05,115.33,9.43,1982.07,1366.0,Warning
94.5,83.52,114.59,9.52,1825.66,1984.0,Critical
92.07,84.43,112.01,10.83,1610.89,2867.0,Failed
73.81,72.09,116.07,8.86,1963.29,1037.0,Healthy
81.68,72.91,114.55,9.02,1664.57,1631.0,Warning
88.49,76.97,115.4,9.28,1804.03,1682.0,Warning
81.7,75.39,114.32,9.68,2063.12,1449.0,Healthy
86.67,76.98,114.99,9.26,1918.64,1308.0,Warning
72.64,59.43,118.03,8.06,2085.4,354.0,Healthy
79.22,61.73,118.07,8.76,2087.42,625.0,Healthy
84.35,66.68,117.2,9.24,1874.76,1471.0,Warning
97.68,95.26,109.85,9.89,1584.0,2956.0,Failed
83.92,67.89,117.97,8.88,1914.62,958.0,Healthy
72.55,71.0,120.8,7.9,2140.29,671.0,Healthy
92.03,80.69,113.48,9.84,1689.62,2579.0,Critical
98.89,85.23,110.38,10.5,1556.22,2581.0,Failed
85.58,73.84,117.14,9.33,1812.35,1210.0,Warning
65.11,59.28,118.25,7.62,2160.56,27.0,Healthy
89.86,83.05,115.4,9.42,1625.85,1925.0,Warning
83.65,74.89,114.72,9.14,2022.83,1491.0,Warning
91.64,78.44,116.52,10.18,1687.39,2192.0,Warning
81.89,64.01,116.15,8.73,2018.37,1015.0,Healthy
72.36,56.48,120.97,7.78,2074.4,7.0,Healthy
80.15,63.49,114.22,9.25,1860.3,1288.0,Healthy
93.17,80.32,112.63,9.81,1686.62,2686.0,Critical
81.19,71.76,114.45,9.05,1899.91,1284.0,Healthy
77.02,63.15,115.65,8.87,2066.16,614.0,Healthy
86.3,70.13,117.17,9.12,2036.08,1220.0,Warning
92.43,82.52,110.64,9.51,1511.97,2810.0,Critical
74.67,61.69,117.7,8.24,2194.67,384.0,Healthy
93.64,80.11,111.81,10.17,1755.63,1950.0,Warning
92.16,78.92,115.04,10.43,1683.41,2028.0,Warning
84.82,71.87,117.82,8.44,1905.79,1391.0,Healthy
106.1,87.41,112.2,11.08,1610.37,3677.0,Failed
98.95,85.37,109.87,10.09,1568.72,2527.0,Critical
78.1,63.84,118.86,8.8,1952.93,1014.0,Healthy
72.47,60.78,118.5,8.76,2094.34,112.0,Healthy
80.66,69.52,115.78,8.61,1917.3,1074.0,Healthy
77.98,65.61,116.9,8.4,1959.39,696.0,Healthy
90.9,82.15,113.53,9.11,1887.68,1981.0,Warning
92.51,88.05,110.68,10.31,1494.14,3310.0,Failed
100.65,85.64,110.04,10.3,1495.24,2902.0,Critical
84.73,70.67,117.29,8.49,1999.89,975.0,Healthy
84.56,79.2,111.8,9.65,1834.68,1546.0,Warning
72.87,61.85,119.98,7.79,2298.16,129.0,Healthy
85.6,69.65,112.92,9.56,1822.37,1530.0,Warning
71.92,63.2,118.36,8.17,2172.05,203.0,Healthy
100.25,85.52,109.65,10.84,1559.6,3114.0,Failed
97.91,80.24,112.75,9.85,1638.82,3291.0,Critical
78.59,71.52,118.62,8.76,2106.9,679.0,Healthy
92.86,85.43,112.76,10.72,1712.79,2035.0,Warning
89.74,74.33,113.25,8.84,1721.11,1593.0,Warning
96.4,81.34,113.16,9.64,1626.76,3007.0,Critical
81.2,74.75,117.94,10.02,1871.79,1552.0,Warning
78.25,63.1,118.04,8.43,1935.19,553.0,Healthy
94.77,78.79,111.2,9.65,1583.73,1983.0,Warning
72.33,60.27,118.14,8.07,2046.79,209.0,Healthy
92.04,76.34,114.99,10.12,1634.71,1499.0,Warning
73.63,62.17,117.21,7.89,2012.19,638.0,Healthy
90.46,83.03,111.86,10.21,1658.71,2374.0,Warning
92.92,88.45,110.37,9.48,1627.46,2897.0,Critical
77.42,62.99,119.04,7.65,2180.07,281.0,Healthy
86.93,71.9,113.7,8.57,1942.96,1375.0,Warning
91.71,83.89,112.61,9.78,1721.29,2590.0,Critical
78.42,64.92,118.5,8.12,2161.08,468.0,Healthy
91.95,82.18,113.66,9.11,1777.34,1561.0,Warning
90.06,76.21,111.72,9.31,1521.17,2327.0,Warning
81.03,73.23,117.98,8.52,1812.09,1166.0,Healthy
97.16,84.62,109.68,9.71,1657.48,2552.0,Critical
82.79,71.96,115.15,9.37,1858.23,1686.0,Warning
89.14,85.55,114.82,9.31,1816.71,2255.0,Warning
80.65,71.38,118.83,7.29,2328.79,377.0,Healthy
69.19,60.07,121.62,8.04,2201.34,74.0,Healthy
74.08,62.86,117.79,8.43,2156.84,148.0,Healthy
98.69,85.7,109.77,10.15,1594.94,2643.0,Failed
95.99,85.55,110.48,9.7,1486.93,3133.0,Critical
94.89,80.83,116.86,10.32,1695.08,2739.0,Critical
81.25,62.15,118.77,7.95,2046.56,738.0,Healthy
87.42,81.3,115.79,9.19,1966.8,1591.0,Warning
96.01,83.77,113.02,9.98,1514.68,2553.0,Critical
95.04,80.39,113.37,10.12,1728.09,1852.0,Warning
72.6,61.03,120.42,8.52,2068.93,422.0,Healthy
93.73,87.44,108.24,10.33,1487.8,3002.0,Critical
80.13,60.31,118.81,8.77,2137.34,599.0,Healthy
75.56,62.83,118.92,7.97,2054.34,579.0,Healthy
99.71,83.43,112.52,10.88,1675.74,2461.0,Failed
82.25,78.42,113.42,7.99,1818.3,1590.0,Warning
82.35,66.23,114.65,9.5,1907.57,1408.0,Healthy
83.32,73.07,112.94,9.05,1973.61,1536.0,Warning
99.63,83.3,110.97,10.61,1404.95,2925.0,Failed
71.65,60.92,119.61,8.88,2053.57,405.0,Healthy
90.08,81.33,111.01,10.12,1422.95,2490.0,Critical
79.12,72.96,119.53,8.98,1930.22,934.0,Healthy
66.63,62.85,119.26,8.64,2173.33,324.0,Healthy
79.18,71.43,115.97,8.46,1937.43,1160.0,Warning
88.81,77.36,114.2,8.84,1827.41,1781.0,Warning
77.22,64.85,119.34,8.62,1985.72,768.0,Healthy
78.94,79.39,116.53,8.93,1901.08,1298.0,Warning
90.71,77.3,116.48,9.46,1723.22,1961.0,Warning
84.66,78.53,112.41,9.94,1796.05,1630.0,Warning
93.86,84.17,110.45,10.27,1707.72,2671.0,Critical
94.75,83.23,110.53,9.72,1586.45,3198.0,Critical
81.3,72.77,116.74,9.2,1915.51,1419.0,Warning
82.42,71.19,115.13,8.43,1896.1,1362.0,Warning
92.58,75.72,116.94,8.61,1798.32,1852.0,Warning
84.71,77.29,113.75,9.06,1809.91,1831.0,Warning
73.93,62.83,120.54,8.25,2022.01,325.0,Healthy
81.72,65.91,115.63,8.52,1995.66,875.0,Healthy
72.27,70.75,120.06,8.61,1990.81,470.0,Healthy
76.79,73.33,118.2,8.96,1927.86,1210.0,Healthy
97.4,84.43,109.42,10.88,1555.89,2977.0,Failed
89.76,76.22,114.91,9.68,1718.02,1646.0,Warning
81.86,68.17,116.11,8.66,1982.06,1379.0,Warning
86.28,79.26,115.12,9.78,1946.9,1977.0,Warning
92.8,80.01,115.24,9.33,1679.64,2240.0,Warning
80.63,73.06,117.11,9.25,1883.95,1544.0,Warning
83.17,70.9,116.29,8.92,1983.56,1610.0,Warning
86.5,80.1,113.98,10.28,1565.17,1918.0,Critical
72.79,64.19,117.49,8.44,2160.07,233.0,Healthy
86.89,79.37,114.54,9.07,1797.78,1496.0,Warning
88.81,78.96,112.87,9.21,1888.91,1919.0,Warning
89.27,78.05,112.41,11.2,1650.66,2489.0,Critical
98.9,88.92,111.85,9.95,1548.31,3168.0,Failed
90.04,84.63,112.03,9.7,1577.12,2956.0,Critical
84.38,72.91,111.2,8.99,1923.48,1799.0,Warning
79.53,60.11,116.74,7.96,1991.65,446.0,Healthy
86.69,73.79,114.99,9.05,1857.88,1978.0,Warning
90.93,89.53,110.85,10.04,1622.09,2664.0,Critical
95.93,84.4,111.85,10.52,1358.96,2880.0,Failed
89.93,84.9,109.94,9.43,1627.33,2148.0,Critical
71.78,65.2,118.68,8.27,2116.28,696.0,Healthy
93.39,80.92,113.52,9.46,1602.85,2123.0,Critical
92.07,85.45,112.38,9.73,1516.13,3379.0,Critical
91.37,82.8,112.21,10.1,1730.39,2454.0,Warning
90.65,80.68,114.31,9.41,1679.05,2460.0,Warning
83.41,73.13,117.26,8.7,1876.25,1660.0,Warning
89.79,79.26,110.22,9.94,1737.38,2307.0,Warning
76.02,65.0,117.13,9.24,1888.36,848.0,Healthy
75.19,64.09,116.4,8.32,2324.1,295.0,Healthy
92.74,82.79,110.43,9.69,1593.41,2737.0,Critical
97.14,86.42,109.4,10.25,1549.74,2935.0,Failed
94.19,87.24,111.33,9.88,1742.02,2815.0,Critical
82.09,68.8,117.23,8.82,2035.29,1178.0,Healthy
74.44,61.75,120.42,8.52,2178.33,262.0,Healthy
70.54,71.91,117.59,8.69,2088.53,1067.0,Healthy
96.05,82.37,112.58,10.11,1654.13,2664.0,Critical
84.44,81.17,111.82,9.43,1785.04,2260.0,Warning
97.98,91.85,111.92,10.68,1568.68,3597.0,Failed
79.96,73.78,111.63,9.0,1946.62,1302.0,Healthy
85.49,83.07,116.78,8.64,1899.95,1826.0,Warning
95.2,81.77,114.12,9.26,1700.93,2993.0,Critical
79.18,64.42,118.79,8.45,1852.23,771.0,Healthy
96.6,91.37,113.7,10.8,1593.2,2783.0,Failed
85.34,80.59,111.37,9.95,1721.85,1935.0,Warning
70.13,57.86,121.09,8.32,2213.91,21.0,Healthy
66.12,62.21,119.95,8.0,2048.61,88.0,Healthy
95.04,94.64,111.54,10.79,1535.78,2523.0,Critical
93.4,79.67,111.8,9.32,1719.16,1995.0,Warning
88.37,85.66,112.96,9.77,1708.78,2321.0,Critical
92.5,88.25,112.68,9.39,1604.17,2244.0,Critical
80.84,80.13,114.76,8.91,1732.41,1464.0,Warning
99.97,84.7,111.91,9.65,1601.75,2371.0,Critical
96.51,91.89,108.65,10.96,1513.28,3530.0,Failed
73.73,62.8,117.69,8.97,2130.13,442.0,Healthy
89.83,83.0,113.8,9.94,1676.95,2400.0,Critical
79.26,67.89,118.39,8.96,1923.21,971.0,Healthy
80.46,63.99,117.94,8.56,1997.12,1064.0,Healthy
79.73,67.57,117.31,8.02,2057.77,1120.0,Warning
98.88,87.2,112.82,9.85,1689.02,3163.0,Critical
71.47,62.01,118.81,8.35,2031.8,63.0,Healthy
85.57,69.89,116.17,9.26,2094.26,1324.0,Warning
89.42,85.07,114.83,9.54,1818.67,2232.0,Warning
74.04,59.98,116.83,8.57,2249.54,283.0,Healthy
93.13,84.54,110.0,9.79,1523.83,2660.0,Critical
102.63,87.01,108.42,9.9,1507.53,2657.0,Failed
73.08,63.05,116.41,8.52,2183.43,321.0,Healthy
74.61,67.28,116.89,8.14,2003.21,448.0,Healthy
97.85,91.49,109.47,10.85,1560.36,3244.0,Failed
74.39,68.06,120.29,7.7,2192.16,633.0,Healthy
73.08,64.11,118.55,7.97,2118.09,291.0,Healthy
101.02,84.75,108.2,10.62,1669.73,2872.0,Failed
94.73,90.18,111.32,10.43,1631.36,2859.0,Critical
90.05,76.49,113.16,9.55,1592.3,2128.0,Warning
87.1,76.22,113.31,9.49,1744.49,1490.0,Warning
98.65,86.52,109.92,10.35,1645.2,2992.0,Failed
84.54,80.72,115.05,9.04,1658.56,2089.0,Warning
86.98,78.3,111.3,9.5,1825.46,1830.0,Warning
91.21,84.84,109.06,10.2,1658.35,2831.0,Critical
89.7,84.45,114.17,9.84,1767.73,2100.0,Warning
82.41,71.22,114.04,9.23,1801.24,1380.0,Warning
80.2,71.68,118.43,8.75,1951.29,1311.0,Healthy
81.51,71.75,114.74,8.72,1982.4,1590.0,Warning
84.46,77.7,114.62,9.61,1803.06,1943.0,Warning
77.45,68.64,117.57,9.16,1996.23,1172.0,Healthy
85.72,73.56,113.01,9.52,2046.82,1287.0,Warning
95.49,80.08,112.49,9.57,1659.67,2813.0,Critical
82.95,76.37,115.29,9.09,1869.19,1292.0,Warning
69.86,60.99,121.28,7.79,2141.99,93.0,Healthy
72.38,68.9,116.2,8.73,1835.19,888.0,Healthy
75.58,69.44,117.95,9.74,1940.87,656.0,Healthy
91.52,80.05,111.53,10.35,1671.55,2538.0,Critical
84.22,71.63,116.13,8.82,1963.08,1210.0,Warning
80.27,68.92,116.82,8.6,1969.69,859.0,Healthy
95.3,79.04,112.29,9.88,1709.06,2662.0,Critical
74.37,55.61,122.44,8.1,2258.08,64.0,Healthy
73.52,62.76,117.83,7.83,2016.36,530.0,Healthy
92.98,81.39,112.33,10.2,1573.47,2283.0,Critical
89.63,75.49,117.92,8.53,1706.85,1635.0,Warning
93.71,84.78,112.85,9.27,1717.96,2484.0,Critical
94.4,87.39,107.97,10.9,1613.58,2732.0,Critical
103.8,93.69,109.58,10.21,1611.64,3426.0,Failed
73.64,61.83,117.56,8.73,2150.83,167.0,Healthy
93.41,84.44,113.39,9.67,1565.29,2595.0,Critical
89.21,81.19,112.77,8.93,1766.24,1983.0,Critical
80.19,67.17,119.53,8.1,1896.56,764.0,Healthy
98.57,89.15,111.6,11.4,1520.84,3203.0,Failed
82.2,74.89,116.87,8.45,1855.11,1175.0,Warning
98.66,89.38,109.29,10.93,1700.72,2933.0,Critical
90.79,79.71,114.71,9.65,1916.4,2220.0,Warning
87.45,80.33,116.78,9.36,1865.13,1447.0,Warning
77.44,64.87,116.23,8.1,2042.03,473.0,Healthy
98.78,85.6,110.38,9.93,1697.66,2900.0,Failed
88.36,75.36,114.97,9.62,1754.47,1602.0,Warning
67.99,59.87,120.09,8.54,2085.01,17.0,Healthy
75.98,57.3,121.97,8.12,2028.23,51.0,Healthy
89.63,81.49,113.32,10.24,1663.84,2321.0,Critical
75.79,61.44,118.99,8.23,1949.45,572.0,Healthy
83.95,78.99,115.24,10.37,1894.39,2286.0,Warning
90.14,81.49,114.34,9.8,1676.81,1931.0,Warning
76.67,63.07,117.27,9.51,1901.53,1006.0,Healthy
87.49,75.12,113.77,9.04,1890.73,1782.0,Warning
78.23,72.68,119.08,8.58,2101.89,651.0,Healthy
95.52,90.28,109.42,10.79,1670.65,3147.0,Failed
95.72,87.17,111.29,10.21,1461.92,2633.0,Critical
82.82,66.65,115.38,8.93,1845.56,851.0,Healthy
81.93,76.73,115.81,8.93,1954.69,1605.0,Warning
82.46,74.98,116.84,9.09,1625.06,1610.0,Warning
101.38,86.41,109.0,10.05,1430.74,3071.0,Failed
82.05,70.34,115.83,8.95,1928.61,1209.0,Healthy
87.32,75.45,113.66,9.33,1700.09,1517.0,Warning
100.93,83.4,112.33,10.11,1566.81,2992.0,Failed
72.5,60.91,120.5,8.66,1994.14,604.0,Healthy
84.96,75.92,113.78,8.95,1917.87,1688.0,Warning
71.24,60.63,114.31,7.4,2183.45,344.0,Healthy
87.48,77.62,115.55,9.32,1789.76,2082.0,Warning
84.99,66.15,116.41,9.78,1915.62,1137.0,Healthy
93.93,91.43,110.4,10.62,1439.98,3462.0,Failed
78.88,78.7,117.29,8.7,1898.44,1081.0,Warning
69.99,67.17,118.09,8.52,2006.12,369.0,Healthy
99.23,88.41,110.71,10.03,1769.56,2164.0,Critical
92.78,86.5,111.26,10.21,1650.94,3087.0,Critical
89.87,81.64,113.79,10.09,1643.99,1865.0,Warning
87.62,82.72,113.83,9.95,1801.1,2694.0,Critical
77.15,65.2,119.8,8.71,2011.01,710.0,Healthy
91.86,81.33,114.18,10.2,1862.46,2004.0,Warning
71.9,63.03,119.4,8.31,2282.86,124.0,Healthy
75.58,64.52,119.36,8.57,2097.1,703.0,Healthy
93.27,89.55,109.22,10.35,1445.85,2573.0,Failed
91.19,80.1,114.74,9.62,1636.1,2507.0,Critical
77.36,65.03,118.01,8.08,2325.66,847.0,Healthy
70.37,65.67,118.54,8.55,2077.94,420.0,Healthy
100.43,89.76,109.06,10.88,1515.17,3624.0,Failed
76.02,62.67,119.82,8.45,2083.72,420.0,Healthy
76.13,66.67,117.01,8.87,1944.88,773.0,Healthy
77.66,66.0,118.03,8.1,2128.47,514.0,Healthy
69.89,54.72,117.42,7.78,2087.66,23.0,Healthy
82.87,67.15,116.21,8.27,1913.64,890.0,Healthy
105.33,85.43,109.41,10.34,1542.77,3651.0,Failed
76.98,70.29,117.21,9.25,1940.62,1076.0,Healthy
87.44,78.4,114.56,8.98,1860.03,1491.0,Warning
96.29,83.81,108.57,9.83,1675.36,2788.0,Critical
83.62,75.0,113.87,9.66,1720.47,1622.0,Warning
90.58,80.19,110.38,10.34,1796.65,2376.0,Critical
88.09,77.59,111.82,9.0,1828.3,2082.0,Warning
87.86,84.26,115.42,9.33,1697.56,2211.0,Warning
88.42,79.69,110.97,9.33,1783.39,2066.0,Warning
93.38,84.57,112.45,9.65,1601.34,2406.0,Critical
93.82,74.97,112.14,9.62,1789.54,1931.0,Critical
88.07,80.21,111.03,9.2,1714.47,2574.0,Critical
71.45,64.24,117.08,8.22,2198.57,497.0,Healthy
92.34,78.84,113.7,9.71,1649.85,1959.0,Warning
93.77,82.51,113.28,9.43,1575.7,2513.0,Critical
75.82,69.36,114.41,8.56,1841.34,945.0,Healthy
97.92,88.04,112.98,10.19,1801.81,2288.0,Critical
83.12,63.53,115.17,8.81,2059.19,797.0,Healthy
77.17,64.0,118.14,7.96,2128.91,643.0,Healthy
92.99,85.71,109.56,10.45,1478.33,2681.0,Critical
80.04,65.47,116.84,8.91,2077.93,892.0,Healthy
87.63,71.53,113.93,8.74,1771.42,1235.0,Warning
78.38,71.36,115.53,9.59,1978.86,1238.0,Healthy
97.06,84.71,110.72,10.43,1572.99,3270.0,Critical
86.93,74.23,113.72,9.26,1857.47,1492.0,Warning
91.18,82.46,113.53,10.01,1670.62,2598.0,Warning
88.58,84.02,112.73,9.57,1738.24,2344.0,Critical
90.17,81.0,117.78,9.43,1718.63,2016.0,Warning
95.37,81.79,111.96,10.61,1647.68,3074.0,Failed
90.26,82.32,113.74,9.69,1634.46,2234.0,Critical
76.82,74.68,113.34,8.86,1949.75,1280.0,Warning
102.1,85.93,107.55,10.62,1578.45,3228.0,Failed
83.23,72.74,114.31,9.44,1869.57,1410.0,Warning
71.68,60.3,122.45,8.06,2202.47,76.0,Healthy
79.54,67.75,121.11,8.68,2190.2,840.0,Healthy
89.14,77.05,112.75,9.48,1855.09,1887.0,Warning
75.59,70.24,117.55,8.73,1885.7,478.0,Healthy
88.67,78.38,114.98,10.3,1774.49,2135.0,Warning
81.26,68.14,116.09,9.02,2065.77,1372.0,Healthy
83.75,71.71,114.4,9.85,1760.88,1610.0,Warning
67.51,61.27,120.93,7.83,2199.06,6.0,Healthy
95.14,82.67,115.59,9.85,1612.45,2696.0,Critical
80.48,77.32,118.34,8.59,2074.02,1229.0,Healthy
75.49,65.49,121.4,7.98,2018.15,402.0,Healthy
86.44,74.82,112.85,8.98,1821.2,1321.0,Warning
85.62,75.33,116.75,9.57,1900.12,1331.0,Warning
86.69,82.49,112.2,9.99,1781.39,1638.0,Warning
79.19,68.55,117.27,9.11,1874.57,1469.0,Warning
69.0,57.7,121.6,7.98,2195.31,114.0,Healthy
92.11,89.25,112.19,10.18,1580.46,2501.0,Critical
81.5,78.2,114.32,9.23,1925.27,1379.0,Warning
73.04,58.6,118.5,8.43,2162.54,203.0,Healthy
93.44,77.73,111.67,9.77,1639.09,2928.0,Critical
95.38,80.31,114.54,9.57,1732.82,1804.0,Warning
90.93,80.94,114.11,10.17,1702.22,2374.0,Warning
88.53,73.25,117.86,8.96,1844.53,1483.0,Warning
84.46,72.14,118.31,8.8,1957.26,1455.0,Warning
89.35,70.53,113.37,9.31,1720.02,1526.0,Warning
70.44,60.39,120.21,8.16,2219.69,190.0,Healthy
75.75,68.29,117.7,8.13,1969.62,853.0,Healthy
98.29,87.99,109.98,10.29,1500.22,2557.0,Failed
89.83,74.11,114.79,9.82,1722.28,1826.0,Warning
80.68,74.32,116.55,9.85,1947.0,1260.0,Warning
73.67,69.27,116.91,8.34,2162.76,592.0,Healthy
93.61,79.97,112.33,10.17,1822.64,2682.0,Critical
74.79,67.25,116.87,8.72,2101.61,853.0,Healthy
70.27,63.38,117.29,8.87,2092.62,608.0,Healthy
71.27,63.17,118.33,8.14,2155.79,512.0,Healthy
91.17,83.36,110.76,10.26,1527.76,1926.0,Critical
86.31,80.84,114.28,10.17,1798.66,2087.0,Warning
71.41,65.32,121.41,8.75,2182.31,186.0,Healthy
75.25,66.61,118.93,8.86,1995.89,433.0,Healthy
90.74,78.5,115.08,9.66,1709.82,2155.0,Warning
85.15,85.66,114.52,9.66,1822.43,1716.0,Warning
86.67,85.23,111.61,9.55,1750.33,2291.0,Warning
73.61,63.37,121.23,7.56,2151.95,627.0,Healthy
93.76,82.18,109.1,9.92,1824.96,2734.0,Critical
100.75,82.13,110.65,10.28,1532.8,3147.0,Failed
89.09,78.11,112.84,9.89,1688.23,2058.0,Warning
79.49,70.9,120.41,8.84,2128.46,603.0,Healthy
95.57,88.73,113.53,9.27,1827.35,1935.0,Warning
78.84,69.93,120.4,9.79,2061.25,1033.0,Healthy
75.94,62.48,119.56,8.28,2203.16,168.0,Healthy
78.29,70.89,115.84,8.24,2148.35,1111.0,Healthy
100.23,93.11,108.38,9.81,1544.18,3090.0,Failed
84.46,69.39,117.55,8.16,2040.15,1556.0,Warning
90.01,93.91,110.1,10.47,1501.92,2957.0,Critical
82.36,74.31,114.28,9.06,1662.65,1712.0,Warning
81.85,72.0,116.67,8.96,1743.97,1332.0,Warning
64.81,59.21,121.53,7.76,2150.39,17.0,Healthy
91.75,76.68,112.71,9.47,1754.08,1690.0,Warning
79.44,64.49,118.24,8.5,2049.92,348.0,Healthy
83.59,69.41,112.58,8.54,1875.1,1585.0,Warning
80.37,68.23,114.31,8.22,2069.52,882.0,Healthy
86.23,73.76,117.22,9.17,1953.55,1442.0,Healthy
86.74,80.56,115.94,9.11,1813.02,1700.0,Warning
70.36,62.48,120.39,8.27,2286.09,46.0,Healthy
77.8,72.8,117.44,8.51,1936.76,928.0,Healthy
101.3,87.87,109.04,11.1,1487.98,2957.0,Failed
74.35,62.9,121.63,8.23,2115.82,167.0,Healthy
80.97,62.89,114.13,9.29,2028.65,861.0,Healthy
80.93,69.3,116.08,9.01,1940.97,1168.0,Healthy
81.23,72.54,116.45,9.18,1966.44,992.0,Healthy
85.76,81.98,113.15,9.41,1785.96,2613.0,Warning
80.13,62.71,117.52,9.09,1986.03,726.0,Healthy
79.95,72.64,114.62,9.24,1749.94,1592.0,Warning
91.2,78.59,114.36,9.23,1730.58,2254.0,Warning
81.94,68.38,114.95,7.96,1910.72,989.0,Healthy
95.04,90.64,110.3,10.43,1484.47,2927.0,Failed
97.57,88.74,110.85,11.05,1316.54,3258.0,Failed
79.95,63.89,118.3,7.94,1986.6,317.0,Healthy
80.08,68.85,116.57,8.48,2023.32,890.0,Healthy
72.58,69.43,118.24,8.39,1979.43,725.0,Healthy
78.01,69.02,115.49,8.91,2161.72,602.0,Healthy
82.41,73.8,112.59,8.49,1799.06,1884.0,Warning
81.15,85.47,114.56,9.15,1844.23,1659.0,Warning
84.33,70.47,114.83,8.66,1881.79,1293.0,Warning
75.43,71.2,116.45,8.91,2061.18,919.0,Healthy
79.32,65.51,118.07,8.64,1984.69,958.0,Healthy
97.33,92.08,108.6,10.34,1522.57,3030.0,Failed
99.83,89.8,107.14,10.24,1651.89,2509.0,Failed
72.83,59.24,121.73,8.5,2184.56,201.0,Healthy
81.93,79.3,115.25,10.09,1685.36,1682.0,Warning
84.85,79.31,117.23,9.55,1730.33,1386.0,Warning
89.8,78.22,111.43,9.95,1709.11,2009.0,Warning
92.16,79.11,113.91,10.05,1816.55,1545.0,Warning
97.86,87.68,109.2,9.85,1589.84,3027.0,Critical
74.28,61.88,119.24,8.32,2082.88,202.0,Healthy
78.36,65.29,115.98,9.81,1967.41,1139.0,Healthy
97.19,92.05,108.53,9.73,1562.94,3613.0,Failed
75.39,65.5,118.93,8.24,2183.88,551.0,Healthy
72.74,67.13,118.34,7.9,2092.79,361.0,Healthy
95.88,82.56,115.29,9.94,1886.28,2126.0,Critical
92.86,83.52,112.35,10.52,1772.06,2030.0,Critical
86.49,81.29,109.46,9.9,1742.87,1915.0,Warning
90.8,80.32,109.52,9.85,1677.59,2883.0,Critical
93.71,85.49,116.21,9.95,1825.51,1888.0,Warning
73.57,62.95,118.1,8.22,2027.9,405.0,Healthy
87.58,77.16,114.28,9.6,1710.06,1657.0,Warning
96.49,87.18,112.25,10.19,1553.15,2047.0,Critical
93.22,86.71,113.47,10.86,1573.73,2635.0,Critical
70.68,66.68,114.68,8.8,1958.83,890.0,Healthy
71.26,65.06,120.72,8.41,2082.4,332.0,Healthy
94.16,85.31,114.08,10.77,1650.46,2685.0,Critical
76.95,67.34,117.44,7.86,1910.14,673.0,Healthy
66.28,63.72,120.3,8.04,2286.95,111.0,Healthy
97.8,80.94,111.19,9.77,1717.7,3132.0,Critical
85.67,75.97,112.41,9.17,1809.01,1474.0,Warning
80.97,72.2,117.6,9.06,2089.91,1028.0,Healthy
71.6,62.21,120.26,8.42,2223.08,37.0,Healthy
67.16,54.34,120.05,7.88,2263.2,101.0,Healthy
94.69,83.4,112.8,10.25,1536.64,2076.0,Critical
87.41,71.05,114.2,8.87,1830.3,1296.0,Warning
77.91,68.35,120.74,7.86,2145.45,454.0,Healthy
82.92,69.58,116.43,8.92,1935.93,1013.0,Healthy
76.5,68.48,119.16,8.33,2070.22,532.0,Healthy
68.17,59.74,118.46,8.88,2112.13,298.0,Healthy
78.24,69.46,118.81,9.54,2036.46,950.0,Healthy
83.62,76.51,114.66,9.13,1824.26,1514.0,Warning
80.15,74.59,117.77,7.8,2177.64,547.0,Healthy
83.7,73.84,118.37,8.31,1880.28,991.0,Healthy
81.49,77.68,112.64,8.86,1873.01,1643.0,Warning
82.46,78.68,115.38,9.13,1962.29,1137.0,Warning
74.6,64.71,117.79,8.22,2010.47,457.0,Healthy
73.87,60.87,120.17,7.59,2145.3,131.0,Healthy
66.04,60.42,120.12,8.8,2189.09,105.0,Healthy
73.88,71.49,116.48,9.14,2075.11,937.0,Healthy
91.68,73.25,111.74,10.5,1707.75,2677.0,Critical
66.34,63.94,118.65,7.61,2168.76,375.0,Healthy
94.09,84.29,112.62,10.48,1714.99,2652.0,Critical
93.25,81.0,112.58,9.73,1478.56,2465.0,Critical
73.83,55.53,121.62,7.85,2203.67,13.0,Healthy
68.93,60.35,120.65,8.08,2146.42,88.0,Healthy
76.33,61.25,118.08,8.21,2183.73,573.0,Healthy
73.64,67.0,115.92,8.08,2216.61,186.0,Healthy
82.41,75.17,114.36,9.71,1898.04,1920.0,Warning
73.93,55.0,120.55,7.31,2213.83,141.0,Healthy
94.9,83.46,111.55,10.61,1646.53,2284.0,Critical
82.97,77.48,115.53,9.39,1921.77,1756.0,Warning
92.26,82.37,112.38,9.78,1688.73,2497.0,Critical
92.1,79.78,112.84,10.25,1777.25,2341.0,Critical
87.54,73.17,117.03,9.41,1759.74,1613.0,Warning
96.68,86.9,111.93,10.12,1635.28,2980.0,Failed
100.39,88.39,108.15,10.17,1477.81,3522.0,Failed
78.91,67.0,113.92,9.5,2002.91,1201.0,Healthy
70.96,63.57,119.41,7.72,1986.16,459.0,Healthy
81.41,66.9,118.12,8.83,1967.31,1311.0,Healthy
74.01,69.55,115.28,7.99,2031.56,833.0,Healthy
88.33,79.14,114.38,9.52,1824.67,1954.0,Warning
83.13,68.34,119.78,8.91,1793.73,979.0,Healthy
82.12,72.26,114.79,8.7,1866.32,1453.0,Warning
93.54,81.63,116.16,9.56,1676.14,2319.0,Critical
75.91,68.13,116.02,8.7,1865.66,942.0,Healthy
81.31,76.89,113.65,9.46,1731.71,1766.0,Warning
78.26,71.44,115.59,8.06,1978.0,1283.0,Healthy
93.4,84.87,110.23,9.68,1683.08,2631.0,Critical
90.75,83.85,111.07,9.66,1748.28,2101.0,Warning
70.7,60.44,119.58,8.51,2197.64,31.0,Healthy
92.52,75.89,113.62,9.99,1740.12,2357.0,Warning
72.16,60.28,117.22,8.24,2037.3,471.0,Healthy
90.6,86.64,112.04,10.21,1678.61,2303.0,Critical
91.95,78.55,116.5,9.29,1690.74,2173.0,Warning
76.25,72.66,117.44,7.75,1872.19,1392.0,Warning
89.47,82.17,112.67,10.31,1710.76,1798.0,Warning
92.48,86.18,112.08,10.32,1699.26,2260.0,Critical
92.78,84.66,109.76,10.02,1645.15,2723.0,Critical
85.06,75.24,114.95,9.37,1983.15,1936.0,Warning
93.49,84.85,112.68,9.93,1848.51,2608.0,Critical
83.18,70.84,115.3,9.04,1915.84,1215.0,Warning
89.75,80.96,112.16,9.86,1614.58,2834.0,Critical
93.11,79.8,111.52,9.81,1800.95,3175.0,Critical
74.12,63.41,116.66,8.37,2163.57,453.0,Healthy
79.36,70.94,120.14,8.24,2068.47,792.0,Healthy
85.4,66.73,118.73,8.22,1953.29,776.0,Healthy
77.09,60.85,117.76,8.52,2049.54,471.0,Healthy
78.74,72.63,113.43,9.37,1845.19,1009.0,Healthy
75.51,63.84,114.39,8.16,2183.92,547.0,Healthy
88.41,82.51,117.05,9.24,1823.25,1640.0,Warning
71.49,66.27,118.72,7.58,2104.05,346.0,Healthy
79.51,64.28,118.45,8.15,1973.27,705.0,Healthy
83.15,79.44,111.92,9.15,1654.83,2529.0,Warning
83.62,69.69,115.55,9.39,1915.43,1490.0,Healthy
81.21,69.16,115.4,8.36,1918.63,1249.0,Warning
93.61,83.77,112.38,10.18,1459.41,2974.0,Critical
103.93,91.99,110.29,10.36,1433.71,3123.0,Failed
83.17,76.71,112.97,9.65,1750.33,2068.0,Warning
73.19,60.82,117.81,8.66,2231.49,272.0,Healthy
75.47,56.47,118.85,8.25,2083.67,276.0,Healthy
99.57,87.06,107.68,10.87,1378.5,3364.0,Failed
85.53,82.03,111.97,10.32,1636.46,2295.0,Warning
96.63,78.55,112.24,10.42,1811.23,2703.0,Critical
89.64,84.12,113.84,9.42,1697.14,2392.0,Warning
73.81,63.64,120.46,7.66,1991.19,628.0,Healthy
82.52,74.03,114.8,9.07,1752.26,1518.0,Warning
92.8,82.74,112.07,10.07,1643.3,2920.0,Critical
92.42,82.46,108.54,9.38,1603.93,3082.0,Critical
77.61,68.44,118.13,8.62,2069.15,831.0,Healthy
86.09,76.08,112.68,8.46,2000.97,1619.0,Warning
76.73,62.21,117.97,9.01,1991.13,598.0,Healthy
100.3,81.62,111.13,10.59,1499.67,3528.0,Failed
82.44,71.47,118.25,8.3,2046.85,819.0,Healthy
91.16,81.82,110.55,9.87,1656.35,2697.0,Critical
74.52,70.25,118.89,8.68,1872.97,751.0,Healthy
84.07,80.34,113.78,9.73,1809.67,2011.0,Warning
96.36,83.1,115.31,9.68,1688.01,2399.0,Warning
81.84,68.16,118.91,9.2,1884.98,1003.0,Healthy
92.49,80.45,114.22,9.54,1555.34,2850.0,Critical
101.64,88.85,109.01,10.16,1704.33,3177.0,Critical
99.72,86.04,112.05,10.85,1705.37,3173.0,Critical
75.87,68.52,114.33,8.69,1881.15,1112.0,Healthy
90.07,84.56,114.51,9.96,1540.42,2180.0,Critical
86.39,77.71,116.57,9.0,1880.23,1992.0,Warning
84.57,79.7,115.54,10.34,1949.82,1587.0,Warning
84.03,71.26,114.59,9.31,2052.42,1619.0,Warning
90.14,80.94,114.81,9.0,1666.54,2080.0,Warning
69.95,64.06,117.82,8.78,2213.67,499.0,Healthy
83.14,75.52,115.93,8.59,1913.38,1253.0,Warning
78.84,68.23,118.08,8.72,1921.25,626.0,Healthy
79.6,70.46,114.2,9.11,1935.16,920.0,Healthy
73.61,63.5,117.51,9.13,2047.67,430.0,Healthy
74.37,68.5,121.28,8.62,2089.29,730.0,Healthy
95.95,86.79,112.05,9.97,1543.3,2159.0,Critical
82.96,78.32,114.74,8.56,1890.64,1928.0,Warning
71.44,61.32,119.75,7.88,2221.49,63.0,Healthy
93.73,85.79,111.5,9.69,1729.64,3002.0,Critical
100.66,85.71,110.96,10.2,1510.56,2494.0,Failed
94.66,90.95,110.59,9.99,1615.42,3365.0,Critical
93.2,79.65,108.35,10.37,1541.02,2371.0,Critical
96.04,89.87,111.26,10.26,1559.58,3058.0,Failed
88.9,76.37,116.56,9.66,1770.53,1929.0,Warning
97.61,86.95,108.63,10.36,1515.05,3055.0,Failed
95.88,89.38,109.89,10.12,1533.19,3288.0,Failed
77.1,66.02,119.12,8.5,1841.42,1073.0,Healthy
97.51,92.36,110.21,10.25,1690.78,2616.0,Critical
90.47,79.72,112.66,10.53,1651.9,2807.0,Critical
90.23,80.42,118.73,9.65,1752.45,2471.0,Critical
99.58,83.75,111.99,10.26,1662.21,3004.0,Critical
81.03,72.12,116.26,9.15,1866.0,1330.0,Healthy
84.87,75.05,117.32,8.99,1898.37,1339.0,Warning
88.12,80.78,114.76,8.9,1627.9,1703.0,Warning
92.13,86.55,111.63,10.04,1781.61,2603.0,Critical
96.86,83.91,108.6,9.6,1610.15,2787.0,Critical
100.44,88.25,112.13,9.59,1603.0,2389.0,Critical
95.56,80.73,113.9,9.28,1672.98,2023.0,Critical
102.17,89.39,109.98,10.33,1452.59,2723.0,Failed
73.47,68.68,120.68,8.06,2177.58,660.0,Healthy
95.55,83.43,112.66,9.8,1695.2,3166.0,Failed
74.21,67.9,120.52,8.31,2260.79,169.0,Healthy
90.8,76.23,114.03,9.38,1797.67,1993.0,Warning
76.19,57.89,115.96,8.53,2168.08,311.0,Healthy
87.08,74.96,114.06,9.13,1887.99,1828.0,Warning
83.89,72.01,113.34,8.95,1934.45,1411.0,Healthy
74.68,60.37,115.65,8.52,2298.44,289.0,Healthy
89.89,73.3,114.49,9.09,1846.19,2077.0,Warning
92.51,82.23,114.45,9.56,1911.0,2562.0,Critical
75.52,63.06,115.33,8.83,2093.61,451.0,Healthy
88.47,82.79,112.67,9.74,1520.71,2225.0,Warning
73.31,62.17,118.18,8.39,2080.41,543.0,Healthy
72.02,70.91,118.19,8.33,2073.45,392.0,Healthy
69.62,65.96,116.46,8.86,2110.67,464.0,Healthy
88.4,78.56,116.01,9.49,1923.29,1835.0,Warning
93.24,85.23,110.19,9.97,1611.5,2178.0,Critical
90.19,72.44,111.11,9.49,1715.65,2292.0,Warning
98.06,82.79,109.84,9.38,1581.71,2126.0,Critical
91.72,83.09,114.81,9.68,1958.3,2148.0,Warning
98.18,82.96,111.63,9.66,1605.01,2811.0,Critical
97.02,89.11,109.08,9.94,1537.19,2593.0,Failed
77.43,70.33,116.88,8.28,2074.05,1172.0,Healthy
77.29,68.89,119.0,7.76,2148.13,502.0,Healthy
78.21,63.33,115.19,7.43,1924.86,373.0,Healthy
92.59,74.17,114.8,9.08,1743.11,2098.0,Warning
87.87,84.15,116.3,9.19,1764.8,1647.0,Warning
69.54,61.4,117.97,8.89,1931.62,505.0,Healthy
97.56,86.17,110.83,10.23,1544.42,3038.0,Critical
100.37,86.18,113.27,10.49,1312.5,2757.0,Failed
81.35,65.49,116.4,9.14,2048.75,762.0,Healthy
80.5,63.03,117.68,7.38,2055.78,645.0,Healthy
79.15,64.8,118.36,8.69,1993.6,666.0,Healthy
79.86,74.57,116.2,9.09,1784.05,1384.0,Healthy
92.51,79.89,111.06,10.46,1714.3,2891.0,Critical
89.48,81.66,114.17,8.77,1737.36,2176.0,Warning
69.65,65.29,121.68,7.94,2240.52,240.0,Healthy
88.61,75.72,116.48,8.81,1858.85,1778.0,Warning
67.6,63.09,118.98,7.71,2253.51,272.0,Healthy
83.89,73.02,114.64,9.94,1962.41,1341.0,Warning
83.06,76.38,114.87,8.78,1926.46,1468.0,Warning
88.83,74.21,114.94,9.99,1678.98,2338.0,Warning
83.71,78.67,112.12,9.66,1919.31,1976.0,Warning
90.06,84.0,114.86,9.61,1571.24,2721.0,Critical
68.89,62.97,119.79,7.83,2123.41,52.0,Healthy
91.68,81.38,110.19,9.96,1645.62,2060.0,Critical
74.01,62.8,120.05,8.21,2180.45,63.0,Healthy
76.78,64.48,115.76,8.89,2056.93,951.0,Healthy
97.75,81.31,110.57,10.9,1433.67,2602.0,Critical
86.84,80.37,110.83,10.09,1907.36,1981.0,Warning
76.6,69.47,117.92,8.69,2116.67,473.0,Healthy
78.01,76.33,111.91,9.61,1855.18,1730.0,Warning
97.94,83.24,111.88,10.35,1730.19,2597.0,Critical
97.7,90.7,109.39,10.09,1421.34,2989.0,Failed
80.65,77.84,112.9,8.95,1765.9,2294.0,Warning
68.59,62.57,118.61,7.82,2234.75,92.0,Healthy
82.36,73.25,115.05,8.7,1826.64,1377.0,Warning
72.62,63.65,119.8,7.99,2134.81,554.0,Healthy
70.34,60.86,120.06,8.16,2230.0,124.0,Healthy
85.97,76.32,115.96,9.27,1722.77,1619.0,Warning
90.86,83.11,111.48,10.2,1756.06,2398.0,Critical
67.61,60.32,120.13,8.21,2169.94,123.0,Healthy
95.97,81.38,112.71,10.1,1804.01,2497.0,Critical
94.8,80.77,114.66,9.26,1810.28,1998.0,Critical
91.8,83.03,111.38,9.53,1706.12,2533.0,Critical
77.29,64.04,118.74,7.85,1963.74,899.0,Healthy
78.43,73.06,114.78,9.21,1915.56,1408.0,Healthy
73.81,62.11,117.95,9.07,2196.8,352.0,Healthy
77.86,67.76,117.07,8.67,1988.01,887.0,Healthy
78.43,67.09,117.65,8.86,2022.72,925.0,Healthy
80.77,72.73,115.18,8.59,2020.11,1185.0,Healthy
76.18,68.12,116.83,8.35,2068.48,471.0,Healthy
72.5,62.51,117.15,8.98,2002.17,709.0,Healthy
100.62,88.62,111.06,10.29,1696.78,2709.0,Failed
92.89,87.86,110.76,10.22,1689.28,2447.0,Critical
85.36,67.49,116.95,9.38,1934.72,1251.0,Healthy
99.69,85.82,109.99,10.81,1473.44,3263.0,Failed
83.08,69.37,118.6,8.61,2104.64,781.0,Healthy
85.73,68.28,116.03,9.06,1909.67,1395.0,Warning
95.09,82.07,114.49,9.88,1708.73,2625.0,Critical
81.12,70.24,115.75,9.31,1816.21,1149.0,Warning
74.93,69.28,115.83,8.42,2059.97,742.0,Healthy
82.66,68.98,116.0,9.06,1903.64,1229.0,Healthy
85.45,74.17,115.02,9.67,1988.81,1366.0,Warning
86.85,76.37,112.43,8.88,1795.01,1768.0,Warning
84.67,75.61,118.22,8.27,1836.41,1157.0,Warning
83.06,70.36,115.22,9.06,1972.88,1403.0,Warning
80.44,63.7,116.39,8.93,2114.02,752.0,Healthy
83.13,71.72,114.92,9.45,1798.29,1526.0,Warning
79.58,68.66,116.45,8.06,1981.6,681.0,Healthy
97.53,88.32,112.77,10.53,1416.5,3096.0,Critical
96.01,86.17,113.67,10.63,1764.91,2181.0,Critical
85.24,68.53,116.09,8.68,1772.56,1182.0,Warning
92.16,81.72,113.42,9.58,1673.07,2394.0,Critical
69.71,67.49,119.18,8.03,2057.09,21.0,Healthy
85.68,69.43,114.3,8.81,2102.94,1314.0,Healthy
82.34,71.52,115.11,9.58,1998.55,1582.0,Warning
86.34,74.03,114.55,9.29,1895.15,1438.0,Warning
91.32,84.05,109.46,9.76,1759.7,2032.0,Critical
93.3,90.42,108.79,10.17,1515.46,2733.0,Failed
77.72,69.56,114.35,8.34,1868.02,1354.0,Healthy
81.74,68.76,114.91,9.42,1820.46,1103.0,Healthy
90.42,77.43,115.89,9.78,1836.0,1716.0,Warning
79.67,66.25,117.96,8.67,1922.37,945.0,Healthy
77.68,60.54,120.03,8.4,2303.18,478.0,Healthy
100.02,94.27,111.15,10.36,1437.93,2867.0,Failed
91.96,83.07,113.53,9.32,1714.29,2222.0,Critical
100.54,87.7,110.46,9.83,1631.13,3145.0,Failed
77.04,65.58,120.1,8.46,1940.33,715.0,Healthy
68.81,60.29,117.97,7.96,2151.56,56.0,Healthy
84.54,74.42,115.53,9.09,1875.52,1662.0,Warning
98.25,86.61,109.13,11.01,1825.08,2773.0,Failed
72.33,67.57,120.48,8.23,2083.54,443.0,Healthy
72.98,65.31,119.46,7.99,2026.92,395.0,Healthy
76.31,61.5,121.09,8.19,2191.07,237.0,Healthy
97.09,80.95,110.24,9.35,1580.69,2786.0,Critical
94.14,86.83,111.24,10.03,1644.93,2234.0,Critical
91.03,80.38,110.37,9.45,1676.84,2548.0,Warning
67.3,57.87,120.01,8.22,2204.14,143.0,Healthy
96.86,84.76,112.12,9.74,1648.8,1912.0,Critical
86.57,71.28,116.65,9.06,1830.27,1649.0,Warning
76.99,67.34,118.47,8.65,2175.8,470.0,Healthy
72.03,61.31,113.85,9.03,2016.54,1056.0,Healthy
85.16,73.93,112.5,10.07,1851.46,1779.0,Warning
79.51,73.37,116.83,9.1,1815.25,1129.0,Healthy
101.14,89.11,111.0,10.33,1570.92,2736.0,Failed
82.89,76.04,111.93,8.93,1830.03,1473.0,Warning
80.47,68.46,116.15,9.07,1961.77,1338.0,Healthy
92.05,81.24,111.74,10.27,1581.24,1808.0,Warning
87.2,79.53,111.83,9.97,1766.8,2087.0,Warning
68.35,60.8,118.99,7.72,2213.74,7.0,Healthy
89.13,84.67,114.0,9.73,1748.71,1664.0,Warning
81.33,71.23,116.5,8.7,1958.48,762.0,Healthy
83.68,73.63,113.27,9.36,2030.62,1109.0,Healthy
94.42,83.6,113.11,9.89,1645.83,2550.0,Critical
86.91,73.99,113.9,9.5,1882.65,1775.0,Warning
85.54,69.65,114.91,8.45,2025.71,1293.0,Healthy
69.8,60.42,117.86,8.74,2016.24,570.0,Healthy
91.23,71.36,114.42,8.71,1906.01,1910.0,Warning
86.04,66.92,116.87,8.83,1942.07,924.0,Healthy
98.76,87.3,110.5,10.06,1612.03,3249.0,Failed
88.53,72.36,114.9,9.09,1751.09,1496.0,Warning
95.86,85.86,111.27,10.4,1584.62,3173.0,Critical
81.08,71.24,117.33,8.97,1933.04,1435.0,Healthy
92.99,81.42,114.1,9.11,1618.44,2984.0,Critical
71.55,66.27,119.41,8.06,2190.92,168.0,Healthy
80.61,64.97,116.09,8.59,1926.61,819.0,Healthy
73.6,65.7,117.06,8.7,2101.09,285.0,Healthy
76.91,54.19,120.65,7.58,2234.95,105.0,Healthy
97.87,87.14,109.46,11.06,1523.81,2879.0,Failed
87.04,77.91,116.35,10.13,1658.41,2214.0,Critical
93.69,76.79,117.92,9.45,1695.08,1681.0,Warning
82.31,81.41,114.36,9.16,1790.45,1804.0,Warning
85.41,76.05,111.81,9.17,1719.15,1838.0,Warning
89.98,75.85,114.59,9.72,1811.26,2421.0,Warning
96.05,86.26,114.88,9.75,1585.47,2830.0,Critical
83.57,76.84,112.06,9.45,1695.48,2266.0,Warning
90.22,82.91,115.36,9.44,1659.74,2050.0,Critical
73.99,65.69,114.42,8.99,1891.6,965.0,Healthy
101.17,86.71,108.05,10.51,1447.8,3519.0,Failed
74.51,58.59,120.14,7.89,2286.03,107.0,Healthy
77.93,73.99,117.66,8.87,1842.35,1294.0,Healthy
99.45,85.78,111.08,9.93,1571.09,2434.0,Critical
78.21,62.27,118.87,8.58,2250.15,536.0,Healthy
72.26,64.73,120.24,7.85,2121.0,476.0,Healthy
75.02,71.2,118.18,9.27,1903.34,1157.0,Healthy
79.63,74.57,114.78,9.14,1741.25,1569.0,Warning
96.22,86.56,109.37,10.15,1559.98,3318.0,Failed
99.71,84.85,113.22,10.33,1553.3,2713.0,Critical
83.57,75.19,116.04,9.32,1919.76,1552.0,Warning
96.17,86.16,111.15,10.01,1464.82,3308.0,Failed
89.71,81.93,112.59,10.13,1772.58,2183.0,Warning
92.32,86.26,112.22,9.19,1704.15,3015.0,Critical
78.92,64.08,115.9,9.05,2081.46,786.0,Healthy
81.74,71.34,115.48,9.16,1752.26,1329.0,Warning
68.39,60.59,119.87,8.47,2186.32,112.0,Healthy
71.39,58.62,120.09,8.6,2270.86,23.0,Healthy
96.41,83.43,114.12,9.59,1584.61,1821.0,Critical
80.14,62.69,117.29,8.14,2252.17,445.0,Healthy
83.31,77.34,115.54,9.5,1827.81,1749.0,Warning
89.09,78.33,113.07,9.29,1758.91,2510.0,Warning
72.51,60.9,118.49,7.95,2149.93,98.0,Healthy
86.97,77.41,113.53,8.96,1889.59,1396.0,Warning
84.03,80.08,115.99,9.24,1649.54,2369.0,Warning
96.95,85.03,111.0,10.04,1700.95,2857.0,Critical
77.52,66.39,116.48,9.05,2133.98,1111.0,Healthy
93.45,89.17,108.54,10.71,1689.78,3356.0,Failed
91.32,89.56,113.19,10.04,1467.56,2732.0,Critical
87.82,75.43,115.01,9.65,1770.92,2357.0,Warning
81.93,71.61,117.31,8.86,1960.22,1277.0,Healthy
94.36,76.19,112.8,9.07,1645.78,2093.0,Critical
95.55,83.25,112.96,9.63,1658.49,2215.0,Critical
81.94,69.89,115.73,9.14,1872.76,913.0,Healthy
99.87,85.04,110.4,10.96,1622.75,3348.0,Failed
95.14,85.92,110.83,9.93,1441.31,3468.0,Failed
84.01,75.44,115.55,9.66,1880.18,1706.0,Warning
93.77,82.08,110.05,9.33,1757.15,2423.0,Critical
88.82,76.74,117.56,9.1,1785.23,1477.0,Warning
92.38,79.9,114.82,9.85,1777.16,2637.0,Critical
92.02,85.68,110.01,9.96,1475.11,2671.0,Critical
71.7,58.9,120.63,7.78,2181.29,81.0,Healthy
73.81,64.52,116.98,8.25,2009.68,240.0,Healthy
83.79,63.16,116.76,9.15,1902.61,1067.0,Healthy
95.49,86.66,107.53,9.71,1518.16,2967.0,Failed
79.94,72.24,115.58,9.05,1876.82,1204.0,Healthy
98.89,90.67,110.39,10.6,1680.41,2929.0,Critical
82.65,74.13,117.11,8.99,1782.5,1347.0,Warning
77.32,69.23,119.61,8.5,1873.46,768.0,Healthy
100.78,88.15,113.53,9.91,1535.06,2511.0,Failed
82.71,80.58,116.13,10.2,1816.6,1790.0,Warning
86.98,69.67,116.52,9.5,1987.92,954.0,Healthy
69.49,57.12,120.14,7.99,2261.22,136.0,Healthy
75.93,58.54,119.47,8.75,1950.35,380.0,Healthy
73.85,66.17,116.84,8.14,2237.57,448.0,Healthy
81.76,71.61,118.07,8.85,1879.14,1192.0,Healthy
87.43,77.45,114.96,9.09,1752.59,2118.0,Warning
81.8,67.47,118.03,8.03,1986.54,835.0,Healthy
70.92,62.51,115.92,7.93,1980.5,190.0,Healthy
76.23,68.57,118.03,8.49,1980.04,821.0,Healthy
87.7,73.7,117.42,9.19,1993.29,1186.0,Warning
99.86,86.44,110.05,10.74,1555.93,3098.0,Failed
79.76,66.5,115.32,8.93,1884.87,1456.0,Healthy
68.21,59.94,117.06,7.83,2154.61,241.0,Healthy
93.03,73.38,112.04,9.19,1830.14,1707.0,Warning
95.93,83.38,111.04,10.94,1535.55,3375.0,Failed
99.79,88.31,111.78,10.22,1688.71,2583.0,Critical
96.28,78.29,111.26,10.66,1550.61,3179.0,Critical
98.28,89.26,113.01,11.03,1474.61,2581.0,Failed
89.61,81.82,111.75,9.33,1730.66,2245.0,Warning
106.5,92.81,109.53,10.82,1310.41,3616.0,Failed
64.42,61.83,122.21,7.72,2232.16,126.0,Healthy
95.69,89.0,111.18,10.5,1622.26,2306.0,Critical
94.91,91.06,111.53,10.47,1582.32,2782.0,Critical
96.86,86.59,110.57,9.45,1622.03,2820.0,Failed
84.79,75.69,116.28,9.36,1896.25,1595.0,Warning
92.83,87.46,109.04,9.63,1733.67,2097.0,Critical
76.42,63.27,117.74,8.35,2189.83,618.0,Healthy
88.02,77.36,114.05,9.24,1804.25,1566.0,Warning
76.82,68.88,114.92,9.26,1891.37,1060.0,Healthy
89.03,79.27,114.55,9.22,1840.67,2153.0,Warning
92.41,74.57,114.42,9.18,1669.79,2133.0,Warning
78.79,74.72,117.21,8.54,1896.07,1267.0,Healthy
82.09,68.09,120.51,8.45,2025.22,570.0,Healthy
83.66,71.42,116.13,8.97,2067.47,1112.0,Healthy
92.45,72.83,114.11,10.14,1795.25,1751.0,Warning
92.8,77.19,113.95,9.9,1797.06,1867.0,Warning
92.33,86.71,112.23,10.09,1690.91,2660.0,Critical
77.22,63.26,120.43,8.61,2156.98,327.0,Healthy
99.27,79.38,112.25,10.37,1675.11,2494.0,Critical
93.07,81.31,111.32,10.13,1663.23,2586.0,Warning
69.2,62.95,120.82,9.08,2225.71,84.0,Healthy
79.95,71.66,115.89,9.16,1964.77,1266.0,Healthy
85.72,73.55,114.85,9.28,1840.9,1312.0,Warning
83.33,74.23,116.02,8.72,1919.01,1048.0,Healthy
73.29,61.42,119.93,8.42,2073.61,396.0,Healthy
74.52,67.84,119.55,8.98,2032.38,533.0,Healthy
75.49,61.14,119.52,7.57,2182.16,85.0,Healthy
69.58,62.39,118.74,8.74,2188.05,346.0,Healthy
75.17,66.85,114.27,8.5,2134.33,803.0,Healthy
90.62,83.57,110.74,9.96,1671.5,2734.0,Critical
82.97,75.9,113.31,9.53,1840.73,1589.0,Warning
86.48,71.86,116.22,8.85,1742.84,1463.0,Warning
93.71,82.06,113.22,9.84,1930.0,2142.0,Warning
86.02,74.64,113.22,8.89,1764.31,1735.0,Warning
75.43,68.65,118.91,8.68,2053.89,345.0,Healthy
76.65,64.94,117.67,8.63,2145.3,758.0,Healthy
73.1,69.44,113.96,8.55,1956.14,714.0,Healthy
94.65,80.89,115.66,9.61,1809.78,1782.0,Warning
87.97,74.35,116.9,9.15,1839.83,1465.0,Warning
82.69,71.86,115.77,9.15,1908.48,1156.0,Healthy
84.13,74.51,114.96,9.31,1814.33,1618.0,Warning
98.43,87.55,109.81,10.31,1425.43,2634.0,Failed
77.35,70.09,114.45,8.08,1970.19,893.0,Healthy
85.9,75.47,118.04,9.85,1917.94,1418.0,Warning
85.34,77.96,116.32,8.74,1857.77,1236.0,Warning
90.48,80.14,114.24,10.44,1978.24,2511.0,Critical
87.55,80.73,112.27,9.73,1696.13,1958.0,Critical
98.27,76.88,114.4,10.31,1593.92,2235.0,Critical
76.76,67.98,115.93,8.92,2017.21,683.0,Healthy
84.84,75.13,115.14,9.51,1730.87,1556.0,Warning
93.07,87.27,113.0,10.05,1718.39,2156.0,Critical
76.76,74.55,115.24,8.48,2061.37,1407.0,Healthy
99.28,91.89,111.52,10.39,1578.46,2632.0,Failed
79.97,73.44,116.81,8.79,1877.44,1174.0,Healthy
87.06,76.76,115.34,9.2,1781.84,1798.0,Warning
86.95,76.53,114.17,8.7,1926.76,1493.0,Warning
85.31,67.48,116.27,8.97,1854.76,1665.0,Warning
98.33,82.07,114.44,8.95,1539.21,2929.0,Critical
80.07,60.87,118.71,8.27,2013.51,465.0,Healthy
88.2,80.84,115.16,9.47,1952.16,1509.0,Warning
91.86,76.21,114.87,9.23,1729.85,2237.0,Warning
97.02,83.67,109.77,10.02,1670.68,3128.0,Critical
82.58,78.3,113.71,9.59,1817.53,2051.0,Warning
98.34,85.07,110.16,10.81,1460.09,2864.0,Failed
93.56,87.31,108.09,10.6,1592.73,2864.0,Critical
81.16,64.07,117.7,8.99,1875.79,894.0,Healthy
93.42,82.26,110.0,10.14,1713.9,2661.0,Critical
100.57,89.35,111.43,10.54,1456.2,3664.0,Failed
80.66,63.99,116.29,9.36,2049.18,729.0,Healthy
91.92,82.2,116.96,9.73,1733.32,2096.0,Warning
83.31,68.59,116.76,8.81,1928.75,759.0,Healthy
84.46,82.88,116.39,10.05,1831.49,2270.0,Warning
69.21,63.88,118.8,8.25,2092.76,292.0,Healthy
100.81,81.99,112.58,9.49,1539.7,2200.0,Critical
85.62,69.6,118.15,9.23,1940.07,1346.0,Warning
88.29,80.41,112.75,9.54,1732.29,2119.0,Warning
70.87,62.1,119.82,7.98,2194.5,94.0,Healthy
90.69,87.12,113.85,9.96,1781.68,2094.0,Warning
79.08,77.36,115.65,8.51,1881.34,1672.0,Warning
86.44,77.57,113.81,9.35,1833.43,1859.0,Warning
79.13,70.34,116.7,8.44,1875.18,991.0,Healthy
72.23,65.64,119.81,8.05,2193.8,496.0,Healthy
81.31,76.55,115.91,9.03,1871.4,1257.0,Warning
106.0,92.28,112.01,10.0,1425.08,2809.0,Failed
76.08,66.35,118.31,9.24,1844.18,632.0,Healthy
91.11,76.63,114.22,9.87,1702.24,2251.0,Warning
72.22,55.93,121.2,7.81,2102.21,182.0,Healthy
93.31,78.12,112.35,9.1,1635.67,2682.0,Critical
75.72,65.38,119.28,8.36,2059.84,898.0,Healthy
87.29,78.06,115.25,9.0,2021.56,1606.0,Warning
82.36,75.59,114.22,8.67,1870.44,1164.0,Healthy
69.52,66.27,118.38,9.3,2128.37,406.0,Healthy
80.04,74.06,115.46,8.2,1912.67,998.0,Healthy
79.99,68.38,117.06,8.9,1875.96,1125.0,Healthy
85.01,71.12,114.35,9.25,1753.25,1950.0,Warning
100.7,86.15,110.47,10.33,1650.74,3209.0,Failed
86.0,68.0,116.82,8.4,1872.05,1571.0,Warning
98.98,84.09,113.08,10.27,1544.69,3068.0,Failed
84.86,72.33,115.82,9.23,1822.09,1656.0,Warning
73.48,63.73,120.55,8.55,2130.1,287.0,Healthy
70.45,67.31,117.43,8.77,1987.85,699.0,Healthy
84.56,70.16,113.58,9.51,2069.14,1532.0,Warning
81.23,71.47,114.98,7.99,1992.39,1235.0,Healthy
93.02,83.96,111.05,10.07,1605.08,2836.0,Critical
91.2,80.39,114.41,10.7,1734.29,1998.0,Warning
89.29,74.02,113.93,9.87,1899.81,2111.0,Warning
88.25,78.0,116.87,8.65,1854.37,1818.0,Warning
83.45,71.98,118.77,9.03,1883.79,1168.0,Healthy
89.33,80.4,112.55,9.11,1784.35,2142.0,Warning
76.58,60.09,121.94,8.14,2176.08,471.0,Healthy
73.96,65.4,115.92,9.21,2180.86,506.0,Healthy
80.33,70.81,119.74,9.14,2005.02,808.0,Healthy
73.27,59.0,118.24,7.82,2098.52,621.0,Healthy
93.64,83.82,112.88,9.39,1805.45,2317.0,Warning
65.91,56.99,119.74,8.06,1963.93,87.0,Healthy
77.26,65.44,117.2,8.29,2094.93,545.0,Healthy
97.13,92.44,113.23,10.38,1521.42,2796.0,Failed
102.82,92.79,108.99,10.18,1506.36,3785.0,Failed
82.29,70.16,114.28,9.07,1887.14,1637.0,Warning
85.13,74.33,112.98,8.92,1952.84,1601.0,Warning
93.38,86.9,111.17,9.79,1547.86,2531.0,Critical
72.39,58.64,118.59,8.37,2117.13,128.0,Healthy
79.67,71.73,114.58,9.19,1829.93,1426.0,Warning
74.9,61.83,118.74,7.97,2081.57,265.0,Healthy
76.49,73.74,114.32,9.46,1809.73,1169.0,Warning
97.51,84.9,112.55,10.89,1682.32,3165.0,Failed
87.92,84.49,112.23,9.88,1742.12,2089.0,Critical
102.04,87.68,110.71,10.36,1448.44,3601.0,Failed
93.58,82.35,113.83,10.57,1679.01,2652.0,Critical
89.61,77.57,116.96,10.16,1739.54,2146.0,Warning
97.05,84.43,113.82,9.28,1684.54,2382.0,Critical
88.82,79.71,113.04,10.13,1677.22,1932.0,Warning
85.75,78.24,113.75,9.85,1753.31,1686.0,Warning
78.97,71.74,117.58,8.99,1949.44,881.0,Healthy
85.35,73.22,116.39,9.11,1946.38,1704.0,Warning
81.67,71.85,117.63,8.51,1900.26,759.0,Healthy
90.85,75.56,115.23,9.9,1947.1,1858.0,Warning
73.09,64.89,118.86,8.7,2142.5,506.0,Healthy
89.46,79.51,111.54,9.63,1772.25,2146.0,Warning
78.32,64.24,117.77,9.55,2088.31,930.0,Healthy
79.8,64.67,118.16,8.33,2011.16,830.0,Healthy
85.71,75.05,114.94,9.21,1679.68,1744.0,Warning
73.88,63.06,120.06,8.48,2053.87,513.0,Healthy
88.12,95.09,112.11,10.32,1496.31,3240.0,Failed
88.01,71.12,114.77,8.38,2002.74,1411.0,Warning
78.48,70.69,117.14,9.28,1921.34,928.0,Healthy
70.15,61.45,119.77,7.77,2162.69,100.0,Healthy
94.64,88.99,108.52,9.8,1516.82,2685.0,Critical
86.42,75.79,113.46,9.42,1756.85,1709.0,Warning
83.21,67.66,114.29,8.95,1813.41,1415.0,Warning
77.23,71.55,117.75,8.57,2115.01,679.0,Healthy
90.2,82.6,113.57,10.25,1644.76,2744.0,Critical
98.81,90.79,110.22,10.83,1442.86,2446.0,Failed
81.33,73.99,114.84,8.85,2031.47,1180.0,Healthy
76.83,67.14,119.0,8.1,2001.1,404.0,Healthy
69.25,62.14,122.57,8.22,2143.99,403.0,Healthy
67.77,58.24,116.68,7.66,2076.56,22.0,Healthy
94.49,76.33,112.91,9.85,1702.67,2156.0,Critical
97.52,86.46,109.37,10.08,1598.43,2938.0,Failed
97.07,89.97,109.43,11.33,1453.17,3350.0,Failed
91.76,81.42,112.0,10.01,1556.68,2979.0,Critical
74.56,61.44,117.86,8.19,1994.58,500.0,Healthy
99.04,89.48,111.13,10.73,1511.17,3547.0,Failed
79.2,73.86,116.36,8.33,2124.77,1140.0,Healthy
76.92,69.84,113.42,8.55,2051.9,1156.0,Healthy
92.94,77.22,115.05,9.89,1812.5,1970.0,Warning
75.45,65.29,121.2,8.18,2080.07,127.0,Healthy
89.04,82.45,110.83,10.48,1709.71,2610.0,Critical
95.26,94.36,110.1,9.4,1580.86,3330.0,Failed
96.26,82.46,114.08,10.26,1681.85,2458.0,Critical
98.16,83.76,113.73,9.74,1602.3,2386.0,Critical
75.32,76.39,118.13,8.51,2004.56,1143.0,Healthy
74.42,57.92,119.9,7.48,2099.63,241.0,Healthy
98.69,80.63,113.23,9.76,1697.71,2201.0,Critical
85.33,76.94,116.14,10.13,1751.53,1533.0,Warning
102.02,86.86,110.39,10.66,1484.62,2454.0,Failed
72.94,71.41,119.5,8.94,2086.41,363.0,Healthy
80.1,66.49,113.73,8.72,2143.85,1000.0,Healthy
78.66,66.91,114.02,8.94,1854.27,1245.0,Healthy
93.5,77.69,113.92,9.08,1801.03,2240.0,Warning
96.14,84.33,113.1,9.34,1715.8,2657.0,Critical
104.0,90.31,109.81,10.34,1512.54,2604.0,Failed
83.18,66.74,116.14,8.19,1949.05,922.0,Healthy
84.78,74.87,114.53,8.89,1754.59,1712.0,Warning
80.19,66.7,120.0,8.09,2282.82,86.0,Healthy
81.64,67.7,114.0,9.14,1927.74,731.0,Healthy
82.84,72.18,116.96,8.94,1715.13,1090.0,Healthy
84.82,83.48,114.11,8.94,1808.97,1808.0,Warning
79.54,72.03,115.66,8.45,1762.35,1208.0,Warning
76.6,68.64,116.17,8.96,1936.09,1355.0,Healthy
85.92,77.31,111.68,9.31,1655.64,1762.0,Warning
98.99,83.27,110.07,10.12,1573.46,3030.0,Critical
78.71,61.79,119.87,8.52,2036.38,636.0,Healthy
78.45,70.7,115.61,8.83,1981.71,1000.0,Healthy
90.74,81.8,114.16,10.24,1813.66,2295.0,Critical
92.56,82.78,110.6,10.37,1655.55,2135.0,Critical
97.16,85.5,111.72,10.21,1630.8,3156.0,Critical
73.64,67.05,117.25,8.17,2034.28,686.0,Healthy
87.23,72.23,114.18,9.13,1896.43,1938.0,Warning
97.9,87.87,110.49,10.56,1479.51,2624.0,Failed
79.21,73.43,118.25,9.5,1890.63,1099.0,Healthy
87.66,68.11,118.59,8.57,1898.98,1567.0,Warning
98.66,93.93,110.51,11.07,1438.13,2799.0,Failed
70.41,59.68,118.25,7.97,2232.53,345.0,Healthy
93.73,77.75,110.95,10.03,1731.56,2475.0,Critical
95.67,86.11,109.4,11.25,1506.82,2431.0,Critical
75.75,66.13,120.67,7.74,2127.11,512.0,Healthy
87.88,83.77,110.65,9.99,1804.69,2703.0,Critical
86.53,75.78,114.64,9.05,1813.61,1526.0,Warning
102.1,84.03,111.7,10.31,1711.91,2478.0,Critical
93.44,87.55,107.02,10.02,1585.34,3415.0,Failed
97.24,85.22,109.4,9.19,1605.4,3257.0,Critical
69.58,62.45,117.35,7.86,2250.8,216.0,Healthy
100.77,82.91,111.43,10.03,1686.5,2665.0,Critical
101.36,86.13,111.17,10.84,1586.15,3246.0,Failed
89.49,77.6,115.33,9.72,1772.44,1945.0,Warning
84.34,72.47,113.0,10.09,1639.08,1742.0,Warning
68.39,63.84,118.86,7.92,2201.42,119.0,Healthy
97.92,86.57,111.26,9.91,1620.95,2243.0,Critical
67.3,54.47,118.33,8.25,2137.11,122.0,Healthy
75.41,71.78,117.49,8.63,1776.58,899.0,Healthy
97.8,87.62,111.41,10.76,1601.66,2504.0,Failed
98.89,85.68,106.42,9.81,1466.35,2489.0,Failed
100.9,86.68,111.04,10.82,1415.53,3280.0,Failed
82.97,72.23,115.43,9.67,1768.77,1427.0,Warning
78.08,62.53,118.61,8.59,1919.08,681.0,Healthy
82.05,72.25,116.89,9.58,1895.38,1666.0,Warning
74.95,68.17,116.3,8.0,2316.86,385.0,Healthy
96.82,87.29,109.39,9.85,1542.83,2306.0,Critical
88.62,82.92,114.29,9.54,1873.3,1623.0,Warning
85.68,72.81,112.47,8.72,1909.36,1440.0,Warning
71.02,64.12,118.89,8.32,2166.39,267.0,Healthy
80.17,69.52,117.22,9.13,1911.0,1225.0,Warning
90.92,85.48,111.93,10.14,1656.25,3150.0,Critical
85.05,80.86,113.08,9.87,1610.96,2251.0,Critical
71.95,64.33,118.83,8.46,2150.25,308.0,Healthy
74.47,64.65,117.76,8.36,2178.85,521.0,Healthy
78.51,72.82,115.35,8.79,1981.48,1299.0,Healthy
70.43,63.99,119.33,8.58,2155.15,300.0,Healthy
102.59,87.11,108.33,10.44,1553.97,2487.0,Failed
92.2,78.35,115.67,9.81,1714.53,1681.0,Warning
69.06,60.84,117.95,8.47,2105.41,278.0,Healthy
92.31,86.89,112.96,10.03,1524.1,2875.0,Critical
82.27,70.14,116.44,8.78,1982.37,1102.0,Healthy
75.47,68.33,115.82,8.37,2137.78,888.0,Healthy
84.67,76.63,116.24,9.39,1824.53,2182.0,Warning
69.39,63.59,121.49,8.23,2191.97,42.0,Healthy
87.23,68.0,112.99,9.37,1922.15,1451.0,Warning
98.86,86.22,111.45,10.17,1439.86,3080.0,Critical
95.64,84.08,111.03,10.46,1509.79,3041.0,Failed
81.66,71.45,113.47,8.41,1954.3,1242.0,Healthy
89.25,78.83,110.39,9.42,1613.75,2222.0,Warning
73.78,62.37,116.48,8.84,2054.06,689.0,Healthy
85.92,77.82,112.43,9.07,1659.79,1897.0,Warning
73.83,68.29,115.89,8.69,2077.47,659.0,Healthy
90.63,76.45,112.32,9.45,1818.12,1829.0,Warning
79.81,64.84,118.1,8.38,2064.53,459.0,Healthy
97.01,88.72,109.25,10.62,1602.05,3074.0,Failed
94.66,90.14,112.8,10.31,1590.92,3193.0,Critical
83.27,69.16,116.9,8.36,2002.19,932.0,Healthy
96.95,86.34,113.42,10.15,1679.02,2381.0,Critical
69.52,62.75,116.51,8.04,2064.35,311.0,Healthy
91.77,86.1,111.65,9.31,1807.21,2087.0,Critical
78.3,67.77,117.38,9.0,2101.94,735.0,Healthy
71.76,62.07,119.32,7.86,2139.35,347.0,Healthy
91.5,77.05,112.25,9.55,1737.3,1958.0,Warning
81.99,73.99,114.55,9.29,1931.16,1387.0,Warning
84.28,73.52,114.11,9.3,1929.71,1673.0,Warning
85.31,79.83,114.35,9.05,1987.95,1898.0,Warning
67.32,59.17,122.65,7.75,2115.07,184.0,Healthy
65.37,59.47,119.96,7.82,2247.7,137.0,Healthy
90.79,79.78,114.05,9.07,1772.21,1790.0,Warning
86.49,82.27,111.87,9.51,1634.56,1841.0,Warning
77.82,63.61,117.68,7.9,2234.02,155.0,Healthy
87.27,74.53,115.9,8.39,2052.48,1283.0,Healthy
86.87,78.14,115.57,9.42,1848.85,1569.0,Warning
96.72,79.5,113.13,9.38,1726.8,2135.0,Warning
97.66,90.88,111.48,10.18,1651.21,2381.0,Critical
80.69,77.69,114.68,9.2,1961.4,1487.0,Warning
78.7,78.59,111.9,9.91,1862.06,1640.0,Warning
89.42,80.68,114.87,9.71,1893.41,2159.0,Warning
79.46,71.94,116.5,8.34,2057.01,958.0,Healthy
72.91,58.0,120.13,7.27,2116.02,162.0,Healthy
69.44,60.01,120.19,7.4,2199.16,12.0,Healthy
91.65,89.57,110.19,9.89,1574.33,2328.0,Critical
74.73,68.17,118.34,7.86,2072.74,685.0,Healthy
91.03,78.72,111.76,9.33,1609.31,2074.0,Warning
86.25,81.84,114.56,9.46,1950.33,1884.0,Warning
80.91,73.1,115.91,8.77,1857.88,1091.0,Healthy
90.45,87.27,113.98,10.2,1575.5,2247.0,Critical
91.23,82.08,111.72,9.5,1717.74,2180.0,Warning
67.35,62.31,117.78,7.75,2073.87,86.0,Healthy
96.06,85.14,111.61,10.62,1629.48,2406.0,Critical
83.01,79.11,115.84,9.25,1858.59,1884.0,Warning
79.52,74.7,112.33,8.91,2088.98,1318.0,Healthy
98.3,80.45,114.04,10.15,1702.55,1964.0,Critical
89.66,81.65,112.83,10.07,1687.3,2568.0,Warning
78.0,73.13,115.18,8.63,1892.54,1082.0,Healthy
101.25,89.1,109.62,10.88,1682.94,2636.0,Failed
84.11,75.53,112.4,9.44,1752.04,2265.0,Warning
91.93,75.45,112.1,9.92,1782.55,1933.0,Warning
75.08,59.58,116.39,7.68,2041.37,191.0,Healthy
79.95,67.01,118.3,8.58,2046.46,800.0,Healthy
73.28,71.17,114.69,9.21,1840.07,1550.0,Warning
88.14,82.01,113.11,9.72,1876.3,1872.0,Warning
81.56,74.55,116.14,8.94,1878.22,1937.0,Warning
96.26,86.67,112.45,9.25,1675.88,2754.0,Critical
81.03,64.49,115.04,8.84,1910.38,858.0,Healthy
92.23,80.0,113.99,9.67,1700.63,2360.0,Critical
90.89,84.81,114.06,9.89,1611.28,3051.0,Critical
97.43,85.38,113.1,10.57,1674.3,2272.0,Critical
92.34,86.56,110.99,9.81,1502.8,2772.0,Critical
102.07,85.04,108.91,10.01,1505.28,2785.0,Critical
73.32,65.51,117.81,7.49,2101.4,309.0,Healthy
92.44,75.87,113.18,9.31,1751.98,1843.0,Warning
97.68,91.67,112.45,10.77,1367.49,3370.0,Failed
91.43,73.19,113.12,9.14,1908.98,2062.0,Warning
78.34,67.86,116.85,8.79,2147.24,727.0,Healthy
104.29,93.35,111.54,9.98,1421.32,2932.0,Failed
75.77,67.9,117.6,8.09,2275.25,480.0,Healthy
79.93,65.15,119.22,8.48,1984.18,1176.0,Healthy
76.95,63.82,118.06,8.62,2070.84,469.0,Healthy
88.26,76.09,117.11,9.08,1922.37,1691.0,Warning
85.62,74.63,116.39,8.6,1940.23,1341.0,Warning
85.15,75.57,116.15,9.51,1865.51,1498.0,Warning
92.27,81.23,110.45,10.52,1463.65,2657.0,Failed
86.78,77.94,115.05,9.33,1830.2,1235.0,Warning
81.12,79.57,115.48,9.4,1868.35,1914.0,Warning
96.71,87.09,112.33,9.88,1646.05,2956.0,Critical
94.19,85.22,112.61,10.55,1742.73,2827.0,Critical
72.94,68.7,114.95,8.56,1995.62,912.0,Healthy
71.51,64.77,120.26,8.14,2197.29,37.0,Healthy
95.35,79.64,112.72,9.73,1706.53,1662.0,Warning
94.41,84.77,110.73,9.73,1696.11,2687.0,Critical
88.88,77.73,115.16,10.14,1788.1,1713.0,Warning
83.4,66.3,120.44,8.52,2005.14,558.0,Healthy
94.83,82.24,112.24,9.87,1686.01,2346.0,Critical
88.15,74.79,116.26,9.51,1597.48,2178.0,Warning
87.66,78.52,112.7,9.87,1847.76,1531.0,Warning
97.34,89.41,113.21,10.64,1570.88,2978.0,Critical
97.83,86.59,112.8,10.02,1872.44,2355.0,Critical
93.68,82.89,113.63,9.08,1682.98,2192.0,Warning
81.63,79.78,115.43,9.6,1713.28,2244.0,Warning
87.3,80.3,112.42,9.63,1817.84,1999.0,Warning
85.54,79.33,116.66,9.13,1894.94,1839.0,Warning
80.87,76.52,115.05,8.77,1958.13,1577.0,Warning
80.19,85.75,111.94,9.15,1680.9,1869.0,Critical
86.14,76.3,111.91,10.11,1680.9,1668.0,Warning
84.69,72.66,117.48,9.52,2070.47,1282.0,Warning
72.22,62.8,120.45,8.33,2152.64,465.0,Healthy
88.07,78.23,112.26,9.49,1726.71,2111.0,Critical
89.5,75.42,114.36,9.76,1812.27,2093.0,Warning
81.3,71.67,116.77,8.94,1856.17,1108.0,Healthy
79.28,71.89,115.91,8.73,1914.06,1128.0,Healthy
81.52,68.14,118.98,8.77,1943.85,758.0,Healthy
99.03,89.92,109.44,10.61,1540.01,2888.0,Failed
93.19,81.41,108.11,10.43,1487.61,2487.0,Critical
83.46,75.39,114.78,9.05,1861.17,1606.0,Warning
81.41,71.17,116.08,9.18,2013.53,1360.0,Warning
95.45,82.25,111.74,10.31,1775.96,2549.0,Critical
83.36,71.45,113.38,9.44,1865.82,1516.0,Warning
101.06,86.49,107.9,11.32,1532.28,2669.0,Failed
71.94,60.34,118.9,8.07,2127.98,196.0,Healthy
77.01,64.2,118.34,7.4,2211.88,91.0,Healthy
88.23,77.84,115.76,9.08,1793.19,1857.0,Warning
74.0,69.16,118.74,8.24,1908.13,647.0,Healthy
90.34,77.76,113.23,9.73,1727.65,2086.0,Warning
95.75,83.45,112.97,10.29,1716.39,2797.0,Critical
72.95,65.64,118.46,8.4,2013.26,517.0,Healthy
79.73,72.69,115.19,9.22,1799.94,1282.0,Warning
92.27,78.79,113.03,10.49,1701.96,1797.0,Warning
95.21,80.55,114.32,9.75,1442.78,2742.0,Critical
80.34,73.1,116.0,9.21,1910.93,1514.0,Warning
76.95,68.69,117.49,8.33,2106.99,645.0,Healthy
85.66,81.36,115.48,8.99,1865.71,2130.0,Warning
79.09,71.32,116.74,8.33,1899.54,1374.0,Warning
92.1,77.96,112.67,10.45,1591.42,2509.0,Critical
90.52,79.45,113.95,9.08,1712.69,1519.0,Warning
82.01,68.59,116.61,8.6,2048.48,999.0,Healthy
95.47,78.59,110.84,10.06,1729.16,2404.0,Critical
86.34,66.2,115.09,8.82,1748.24,1542.0,Warning
77.11,62.44,117.31,8.11,1975.66,554.0,Healthy
87.19,75.5,113.71,9.4,1804.33,1614.0,Warning
95.13,84.99,111.45,10.2,1547.1,3110.0,Failed
88.45,83.24,115.48,9.25,1780.93,2010.0,Critical
77.14,66.53,117.57,8.99,2043.83,902.0,Healthy
95.53,81.36,112.73,9.59,1695.99,1899.0,Critical
81.71,75.6,117.15,8.76,2085.02,832.0,Healthy
83.04,76.63,116.28,9.38,1792.15,1654.0,Warning
85.96,75.45,115.32,9.7,1806.7,1873.0,Warning
76.21,67.14,117.82,8.76,2094.69,839.0,Healthy
79.97,72.44,116.92,8.52,2033.09,943.0,Healthy
96.66,89.9,108.44,10.82,1619.17,3138.0,Failed
81.74,64.51,118.08,8.44,2010.22,784.0,Healthy
93.97,82.8,110.68,9.68,1645.01,2477.0,Critical
90.67,78.02,113.92,9.28,1663.53,1797.0,Warning
86.65,75.13,113.57,8.39,1899.16,1762.0,Warning
71.04,69.61,119.51,8.1,2056.44,383.0,Healthy
76.46,67.99,117.72,8.67,1897.08,597.0,Healthy
78.56,65.13,116.49,7.9,2039.43,646.0,Healthy
92.02,81.34,113.7,10.15,1720.78,1545.0,Warning
95.76,89.77,113.58,9.54,1302.07,3463.0,Failed
91.76,81.4,107.82,9.88,1540.05,2683.0,Critical
70.94,65.75,120.0,7.47,2244.92,74.0,Healthy
81.54,67.74,115.75,9.05,2041.49,877.0,Healthy
75.8,57.95,120.49,8.65,2122.86,456.0,Healthy
101.31,84.47,111.47,10.33,1631.08,3551.0,Failed
72.99,70.45,117.92,8.02,1988.76,617.0,Healthy
74.32,61.29,119.36,8.02,1967.45,688.0,Healthy
82.04,82.67,114.16,9.65,1804.9,2230.0,Warning
86.26,76.93,114.45,9.12,1839.24,1577.0,Warning
70.28,68.92,116.84,8.34,1940.61,801.0,Healthy
94.11,79.34,112.75,9.65,1716.66,2103.0,Warning
77.57,64.48,118.33,8.08,2175.17,371.0,Healthy
71.0,61.53,119.82,7.35,2208.43,59.0,Healthy
67.93,62.36,116.34,7.67,2200.86,245.0,Healthy
82.07,67.75,117.9,8.39,1890.82,1351.0,Healthy
104.83,90.33,113.17,10.15,1404.01,3319.0,Failed
87.84,70.97,113.88,9.4,1743.86,1942.0,Warning
96.2,85.44,114.22,9.91,1740.84,2334.0,Critical
78.19,70.24,116.58,9.28,2057.81,1026.0,Healthy
88.97,82.97,111.9,9.24,1683.06,2746.0,Critical
98.77,81.13,109.77,10.54,1644.68,3142.0,Failed
74.95,67.36,116.55,8.58,1936.6,1258.0,Healthy
106.76,88.45,108.93,11.29,1459.66,3810.0,Failed
89.57,81.17,114.53,9.55,1640.24,2228.0,Warning
95.06,79.63,111.74,9.65,1669.93,2601.0,Critical
76.18,75.21,115.87,8.74,2108.32,683.0,Healthy
84.66,78.5,113.54,9.69,1851.32,1821.0,Warning
89.61,72.28,113.85,9.13,1927.84,1820.0,Warning
95.32,88.13,109.95,10.63,1570.48,3651.0,Failed
98.19,84.29,110.87,10.87,1694.47,2818.0,Failed
83.23,68.35,114.02,9.36,1844.83,1402.0,Healthy
98.63,91.44,112.72,10.31,1631.99,2437.0,Failed
94.19,88.08,112.37,10.92,1603.13,2406.0,Critical
87.26,79.26,113.15,9.67,1803.58,1571.0,Warning
69.61,66.29,119.15,7.77,2028.67,221.0,Healthy
77.25,66.28,119.35,8.42,2114.75,424.0,Healthy
74.02,59.1,119.54,8.11,2238.51,199.0,Healthy
73.18,65.37,121.74,8.05,1954.11,369.0,Healthy
97.6,85.93,109.87,10.57,1579.78,3051.0,Failed
82.69,64.93,119.66,7.78,1868.68,690.0,Healthy
86.82,80.59,111.09,10.37,1603.01,2070.0,Warning
84.46,78.65,111.86,9.84,1746.89,1956.0,Warning
88.69,73.56,116.22,8.84,1884.82,1745.0,Warning
75.43,63.3,117.29,8.76,2045.06,699.0,Healthy
90.67,77.31,112.46,9.63,1832.05,1582.0,Warning
90.7,76.93,113.67,10.15,1689.34,2307.0,Warning
87.2,80.49,116.19,10.12,1785.17,1666.0,Warning
77.09,69.48,116.99,9.22,2065.3,539.0,Healthy
93.14,78.33,112.71,9.7,1824.19,2033.0,Critical
78.51,62.38,116.49,8.4,2088.95,198.0,Healthy
88.5,82.48,113.38,9.29,1733.43,1703.0,Warning
81.04,72.69,117.13,9.48,1980.76,1674.0,Warning
78.1,66.29,116.32,7.76,2005.05,648.0,Healthy
86.37,86.8,110.02,9.51,1643.88,2576.0,Critical
75.18,64.45,117.08,8.27,2111.69,530.0,Healthy
101.27,91.8,109.76,10.31,1495.99,3318.0,Failed
98.34,84.75,112.3,10.28,1416.62,2961.0,Critical
81.71,69.39,116.96,9.41,2033.6,937.0,Healthy
81.1,71.53,117.81,8.5,1995.68,813.0,Healthy
77.43,64.43,118.67,7.83,2001.6,468.0,Healthy
101.77,87.82,109.91,10.14,1620.82,3155.0,Failed
90.17,73.1,112.56,9.33,1921.47,2119.0,Warning
70.01,59.89,120.33,8.3,2273.16,108.0,Healthy
78.39,77.92,117.27,9.89,2008.78,1855.0,Warning
75.51,60.22,117.73,8.79,2041.72,262.0,Healthy
88.76,79.31,112.74,9.87,1818.34,1703.0,Warning
85.73,76.07,113.21,9.04,1872.11,1838.0,Warning
70.42,61.89,120.42,8.14,2132.67,247.0,Healthy
97.37,88.55,111.78,10.21,1602.68,3090.0,Critical
77.1,66.85,118.21,8.35,1779.62,913.0,Healthy
86.14,75.43,113.82,9.08,1956.36,1873.0,Warning
89.0,78.54,114.54,9.75,1623.33,2378.0,Warning
100.22,89.11,109.95,9.86,1598.68,3408.0,Failed
81.37,77.12,112.74,9.67,1855.21,1291.0,Warning
99.21,83.1,112.21,10.13,1555.44,2886.0,Failed
78.48,73.25,116.4,9.1,1935.16,1080.0,Healthy
93.67,85.93,110.96,10.23,1615.72,2662.0,Critical
79.73,68.74,118.06,9.09,2086.18,689.0,Healthy
88.24,88.4,110.76,8.92,1780.9,2012.0,Critical
75.31,61.12,119.76,8.73,2127.9,288.0,Healthy
99.89,85.91,109.25,10.96,1413.33,3462.0,Failed
93.67,89.2,110.23,10.5,1433.06,2667.0,Failed
87.36,74.32,117.29,9.31,1973.56,1288.0,Warning
86.65,78.33,115.72,9.55,1811.54,1787.0,Warning
89.12,76.32,113.76,9.13,1699.58,2042.0,Warning
81.27,65.76,117.1,8.71,1948.13,734.0,Healthy
94.73,75.64,109.41,10.04,1720.36,1794.0,Warning
91.56,76.85,111.78,9.03,1608.34,2233.0,Warning
87.6,74.5,115.0,9.5,1829.96,1907.0,Warning
75.55,64.08,117.38,8.4,2196.83,420.0,Healthy
96.55,93.77,108.82,10.55,1547.07,3528.0,Failed
68.7,58.37,119.57,7.78,1978.06,442.0,Healthy
89.52,79.88,115.67,9.28,1829.0,2096.0,Warning
77.23,60.91,117.89,7.7,2216.65,391.0,Healthy
76.13,65.05,119.85,7.8,2190.76,447.0,Healthy
67.41,58.96,120.88,8.38,2190.34,66.0,Healthy
84.19,74.01,114.9,8.67,2132.16,1257.0,Healthy
88.26,82.28,112.51,9.33,1811.17,1695.0,Warning
79.37,75.31,117.49,9.74,2074.1,1849.0,Warning
93.29,84.55,111.58,9.55,1835.95,2536.0,Warning
87.41,82.53,112.34,10.07,1823.37,2221.0,Warning
79.55,68.38,121.55,7.93,2052.07,398.0,Healthy
75.16,61.59,118.57,8.0,2084.02,156.0,Healthy
88.08,81.62,115.78,9.2,1771.49,1775.0,Warning
90.97,77.29,111.93,9.85,1727.34,1841.0,Warning
93.97,74.09,114.64,9.31,1767.3,2038.0,Warning
80.37,73.91,119.17,8.91,2017.55,672.0,Healthy
95.04,81.07,111.19,10.09,1616.62,3082.0,Critical
80.94,60.96,119.39,7.41,2095.81,269.0,Healthy
89.32,73.28,114.79,9.48,1809.96,2212.0,Warning
75.36,61.07,117.44,7.69,2055.58,403.0,Healthy
86.82,76.65,116.82,9.77,1738.43,1713.0,Warning
77.51,70.52,117.38,9.27,1810.44,1454.0,Warning
90.68,82.44,112.28,10.06,1705.33,2190.0,Critical
71.68,63.19,119.13,8.08,2179.57,142.0,Healthy
87.64,73.63,117.32,8.73,1734.54,2012.0,Warning
70.09,61.98,118.02,8.45,2104.22,433.0,Healthy
92.45,83.72,112.47,9.87,1714.51,2273.0,Warning
71.11,68.71,120.52,8.23,2079.17,331.0,Healthy
74.03,65.98,117.16,8.22,2112.39,200.0,Healthy
94.2,76.45,112.75,9.03,1736.64,2233.0,Critical
70.72,65.47,119.49,8.19,2157.79,166.0,Healthy
73.84,72.3,116.7,8.52,2119.44,751.0,Healthy
99.37,79.65,109.4,9.58,1539.78,2194.0,Critical
96.91,87.54,112.01,10.24,1618.21,2615.0,Critical
96.08,86.3,112.49,9.94,1552.96,2581.0,Critical
84.19,68.8,115.72,8.91,1976.57,970.0,Healthy
86.09,76.16,112.95,9.52,1851.9,1872.0,Warning
91.34,84.53,114.15,10.06,1564.1,2449.0,Critical
71.1,67.58,119.42,7.81,2151.55,385.0,Healthy
91.41,85.05,112.21,9.66,1865.95,2213.0,Critical
75.24,58.4,120.41,9.1,2145.41,298.0,Healthy
101.57,85.45,111.23,10.84,1491.3,2956.0,Failed
89.19,79.4,116.31,9.93,1730.52,2159.0,Warning
88.44,79.52,116.06,9.34,1828.75,1456.0,Warning
83.9,66.36,113.07,8.82,1807.31,1436.0,Warning
73.1,63.61,117.2,8.39,2130.86,649.0,Healthy
76.46,65.79,115.62,8.7,1812.01,965.0,Healthy
90.29,77.71,113.19,9.78,1712.81,2470.0,Critical
82.42,79.19,114.14,8.77,1924.58,2069.0,Warning
91.91,74.28,113.02,9.71,1927.57,1885.0,Warning
77.18,58.86,118.93,7.41,2145.29,567.0,Healthy
90.42,80.24,114.6,10.07,1663.94,1797.0,Warning
86.93,77.87,115.93,9.33,2042.18,1149.0,Healthy
71.58,60.06,118.49,9.39,2101.4,469.0,Healthy
97.9,89.91,109.11,10.26,1653.21,3123.0,Failed
91.2,79.91,114.15,9.06,1931.77,1595.0,Warning
85.41,75.69,114.0,9.37,1855.53,1758.0,Warning
106.78,95.23,111.02,10.68,1493.46,3506.0,Failed
83.35,69.01,116.72,8.88,2132.64,1047.0,Healthy
102.21,92.63,110.08,9.88,1397.5,2863.0,Failed
94.85,84.48,112.5,9.96,1699.68,2189.0,Warning
89.0,78.9,110.72,9.58,1644.4,2244.0,Warning
75.57,62.57,120.06,8.18,2045.27,737.0,Healthy
71.21,58.55,116.35,7.48,2192.31,146.0,Healthy
80.17,66.1,116.25,10.08,1842.12,1623.0,Warning
70.11,62.09,119.95,8.36,2147.46,27.0,Healthy
72.12,63.55,118.89,8.4,2044.65,240.0,Healthy
92.93,78.1,114.03,9.44,1819.42,1757.0,Warning
93.51,81.37,111.76,10.09,1655.56,2307.0,Critical
82.13,69.11,119.3,8.0,2116.23,638.0,Healthy
85.5,82.87,110.7,9.91,1645.35,2432.0,Critical
94.84,86.83,110.99,10.47,1554.97,3249.0,Failed
91.23,82.74,111.55,9.45,1738.94,2522.0,Critical
98.02,89.68,111.51,9.92,1688.98,2731.0,Critical
90.69,82.89,112.39,9.59,1726.35,2192.0,Critical
72.34,65.57,117.5,8.26,2034.41,580.0,Healthy
80.09,70.69,117.14,8.69,1985.55,1335.0,Healthy
94.89,89.87,110.45,9.69,1487.3,3112.0,Failed
85.66,78.57,114.79,10.08,1721.51,2466.0,Warning
99.67,82.14,113.68,10.6,1675.41,2764.0,Critical
98.01,89.03,110.78,10.05,1644.89,3414.0,Failed
77.46,71.5,118.71,9.02,1989.04,786.0,Healthy
79.37,72.02,119.82,8.79,1904.0,1219.0,Healthy
88.59,78.12,111.43,9.61,1771.46,2306.0,Warning
68.21,63.34,121.37,7.54,2279.52,76.0,Healthy
86.2,77.16,116.61,9.2,1865.09,1662.0,Warning
95.27,85.29,112.56,10.23,1635.67,2479.0,Critical
92.57,79.07,116.75,9.14,1870.74,1705.0,Warning
81.7,62.53,119.71,8.44,1848.41,846.0,Healthy
88.07,72.58,112.25,9.61,1774.04,2004.0,Critical
77.35,65.06,118.15,7.0,2072.64,384.0,Healthy
98.27,84.28,111.85,10.37,1624.06,2741.0,Critical
71.15,58.11,118.05,8.51,2210.0,356.0,Healthy
96.45,83.44,115.43,10.3,1611.05,2287.0,Critical
86.65,77.71,116.21,9.62,1857.14,1683.0,Warning
83.0,73.93,115.78,8.89,1868.63,1635.0,Warning
86.46,77.34,112.88,9.98,1984.86,1573.0,Warning
73.42,67.37,118.38,8.16,2087.41,583.0,Healthy
89.71,70.97,113.64,9.05,1897.41,1536.0,Warning
89.7,87.82,112.64,10.0,1725.95,2919.0,Critical
95.76,85.79,108.24,10.08,1599.13,2351.0,Critical
75.99,64.54,120.45,8.31,2065.88,501.0,Healthy
92.13,80.38,112.63,9.64,1803.6,2534.0,Warning
93.58,88.08,108.89,9.87,1742.16,2771.0,Critical
98.1,82.34,111.78,9.87,1629.73,3134.0,Critical
82.45,76.03,115.77,8.17,1932.98,1367.0,Warning
67.88,63.14,119.42,8.44,2039.26,133.0,Healthy
94.65,87.94,112.76,9.92,1650.76,3336.0,Failed
82.25,76.47,116.61,8.79,1836.23,1449.0,Healthy
76.04,66.95,117.58,8.48,1904.16,938.0,Healthy
98.19,81.4,112.03,10.13,1683.41,2171.0,Critical
81.07,65.87,118.0,8.44,1963.3,828.0,Healthy
100.52,86.12,109.69,9.11,1460.51,3120.0,Critical
77.45,65.83,119.63,8.3,2047.91,281.0,Healthy
91.17,79.27,111.46,9.55,1689.38,2516.0,Critical
96.37,98.89,112.32,10.41,1643.65,3416.0,Failed
91.84,87.88,110.16,10.82,1616.23,2733.0,Failed
96.5,88.8,111.76,9.91,1583.9,3036.0,Failed
101.42,86.13,111.69,10.16,1603.0,3101.0,Critical
75.88,68.5,119.92,8.39,2068.6,798.0,Healthy
98.37,86.62,107.99,10.81,1629.4,2630.0,Failed
96.17,91.04,110.55,10.35,1559.84,3088.0,Failed
87.16,73.47,113.22,9.33,1838.05,1997.0,Warning
85.92,66.76,112.9,8.51,1934.83,1530.0,Warning
68.66,59.91,117.37,8.57,2204.28,339.0,Healthy
83.68,82.05,115.85,9.83,1677.08,1865.0,Warning
95.48,84.77,112.95,9.44,1710.93,2355.0,Critical
84.32,66.1,115.63,9.07,1949.25,1054.0,Warning
81.4,74.62,117.1,9.25,1764.32,1321.0,Warning
92.32,71.25,114.44,10.32,1872.05,1928.0,Warning
66.74,60.75,120.64,8.23,2266.65,76.0,Healthy
101.53,85.11,110.91,10.39,1373.81,3469.0,Failed
78.49,71.37,117.91,8.66,1964.0,941.0,Healthy
76.05,65.89,117.92,8.31,2070.97,517.0,Healthy
63.0,63.1,121.52,8.32,2125.05,18.0,Healthy
94.92,84.82,109.61,9.79,1540.1,2532.0,Critical
98.11,85.32,111.24,10.53,1553.96,2624.0,Critical
72.67,58.36,120.69,7.62,2182.08,360.0,Healthy
78.33,61.48,118.25,8.65,2193.23,478.0,Healthy
87.1,76.28,114.87,9.5,1930.61,1438.0,Warning
72.7,66.67,121.58,8.79,1996.9,656.0,Healthy
94.55,82.39,114.77,9.95,1748.21,2651.0,Critical
68.76,65.53,119.63,8.3,2207.69,217.0,Healthy
86.65,72.59,113.05,9.21,1580.55,1895.0,Warning
83.45,73.64,113.12,8.51,2031.24,1126.0,Healthy
81.44,70.41,116.41,9.26,1885.22,1279.0,Warning
85.1,77.18,117.65,9.09,1916.32,1337.0,Warning
73.08,66.23,119.06,8.75,1953.36,411.0,Healthy
74.87,69.5,115.23,8.49,2174.92,822.0,Healthy
74.06,59.84,119.59,8.23,2181.59,247.0,Healthy
70.95,70.0,118.12,8.4,2181.31,372.0,Healthy
96.68,95.33,110.46,10.67,1409.57,2552.0,Failed
81.52,69.68,120.12,9.08,2045.09,822.0,Healthy
79.54,72.74,118.11,8.39,2027.62,939.0,Healthy
69.45,62.91,119.59,8.6,2098.58,389.0,Healthy
95.22,78.85,112.38,9.82,1567.93,2613.0,Critical
96.5,90.11,111.38,10.57,1548.18,3527.0,Failed
89.48,80.93,111.02,10.57,1570.77,2047.0,Critical
80.86,82.31,114.71,8.69,1715.31,2325.0,Warning
97.11,87.54,111.58,10.52,1723.54,3036.0,Critical
79.55,72.83,114.72,8.96,1923.98,1478.0,Warning
92.05,86.32,112.63,9.81,1591.88,2680.0,Critical
95.87,86.92,108.67,9.82,1547.0,2444.0,Critical
72.47,60.88,119.17,7.59,2195.13,5.0,Healthy
82.27,73.42,116.04,9.42,1846.53,1657.0,Warning
80.68,63.39,119.19,8.25,1936.24,766.0,Healthy
78.75,65.46,119.85,8.7,2226.44,265.0,Healthy
99.43,86.49,110.53,10.39,1690.63,3206.0,Critical
73.81,68.51,119.84,8.11,2132.48,21.0,Healthy
92.85,81.62,113.14,9.01,1720.55,2058.0,Critical
98.31,90.55,112.46,9.94,1360.05,2582.0,Failed
84.29,75.44,116.56,9.17,1888.05,1600.0,Warning
82.46,73.09,117.68,8.92,2002.64,1197.0,Healthy
84.4,75.27,114.04,9.89,1686.09,1602.0,Warning
91.83,83.91,110.35,8.85,1637.91,2536.0,Critical
72.92,69.69,115.49,8.3,2042.03,675.0,Healthy
78.23,66.52,117.04,8.96,2255.64,849.0,Healthy
88.46,80.59,114.98,9.38,1981.44,2183.0,Warning
96.24,88.49,109.85,10.16,1567.84,2535.0,Failed
81.41,70.16,117.87,8.1,1938.0,1052.0,Healthy
78.17,74.76,115.04,9.37,1955.83,1177.0,Healthy
97.73,89.12,109.11,10.29,1594.77,3195.0,Failed
77.63,60.93,120.35,8.88,1942.73,552.0,Healthy
75.1,61.51,120.38,8.78,1978.81,268.0,Healthy
85.31,75.22,113.64,10.0,1695.49,2047.0,Warning
71.42,54.35,118.51,8.05,2244.0,80.0,Healthy
73.08,65.09,119.62,8.26,2139.35,514.0,Healthy
88.07,79.26,115.09,9.33,1799.84,1896.0,Warning
90.22,82.85,114.36,10.44,1827.2,2376.0,Warning
86.99,71.89,114.63,9.19,1828.18,1511.0,Warning
82.47,71.78,114.52,9.38,1909.7,1433.0,Healthy
88.11,80.67,114.22,9.63,1827.47,1687.0,Warning
86.07,77.58,115.68,9.44,1886.53,2100.0,Warning
95.27,85.71,110.6,9.91,1670.45,2686.0,Critical
95.44,88.58,112.14,10.46,1637.41,2201.0,Critical
92.01,74.36,115.81,9.67,1766.87,2121.0,Warning
94.67,87.64,110.6,10.05,1687.87,2588.0,Critical
97.89,88.63,111.43,9.77,1584.6,2402.0,Critical
70.05,62.95,116.64,8.46,2070.89,424.0,Healthy
97.41,92.86,111.37,10.19,1492.4,2814.0,Failed
95.93,88.65,109.97,10.47,1641.0,2960.0,Critical
75.84,74.94,114.46,9.82,1913.01,1113.0,Healthy
69.73,62.35,118.37,8.26,2237.12,70.0,Healthy
88.78,83.68,114.27,10.23,1659.53,1708.0,Warning
77.68,74.05,113.25,8.81,1872.33,1311.0,Warning
91.3,78.38,110.43,10.15,1670.64,2849.0,Critical
80.49,73.84,115.59,9.81,1975.81,1958.0,Warning
78.42,65.35,119.13,8.74,2224.08,286.0,Healthy
77.98,70.34,116.18,9.12,2000.24,817.0,Healthy
96.85,85.54,110.69,10.21,1540.75,2891.0,Critical
71.83,66.54,122.23,8.45,2119.68,122.0,Healthy
93.91,81.04,114.56,9.43,1594.55,2574.0,Critical
81.69,70.14,116.92,9.37,2124.9,765.0,Healthy
78.89,74.88,116.7,8.75,1822.67,1252.0,Warning
89.86,71.94,114.87,9.83,1965.96,1543.0,Warning
81.24,67.17,114.84,9.04,2032.89,846.0,Healthy
89.36,86.7,110.55,10.04,1737.03,1890.0,Warning
90.45,78.04,111.7,10.56,1722.4,1900.0,Warning
63.24,64.43,116.79,8.63,2237.26,228.0,Healthy
77.49,67.75,116.67,8.4,1869.9,1386.0,Healthy
93.89,79.53,111.73,10.1,1719.59,2549.0,Critical
95.25,77.41,113.42,9.05,1691.75,2236.0,Critical
88.52,79.16,115.22,9.33,1851.04,1463.0,Warning
93.1,80.72,113.26,9.78,1639.27,2624.0,Critical
79.01,67.03,117.53,8.52,2095.77,361.0,Healthy
76.56,61.95,119.59,7.97,2159.27,304.0,Healthy
88.54,80.11,111.99,9.33,1629.31,1954.0,Warning
97.35,82.03,114.13,9.93,1826.18,2455.0,Warning
91.15,79.59,113.69,10.51,1638.47,2986.0,Critical
71.02,66.04,119.27,8.45,2029.32,522.0,Healthy
84.24,76.55,114.57,10.22,1867.75,1618.0,Warning
87.55,83.24,114.24,9.51,1681.86,2346.0,Warning
75.62,63.83,115.46,8.83,2049.72,743.0,Healthy
87.9,73.06,112.19,9.43,1844.95,1557.0,Warning
89.05,81.13,114.32,9.46,1853.74,2428.0,Warning
76.41,70.67,119.82,9.06,2072.19,689.0,Healthy
81.44,69.49,114.4,8.58,1847.54,1262.0,Healthy
69.55,62.78,117.86,7.71,2095.06,693.0,Healthy
92.54,86.14,111.63,10.21,1625.62,2460.0,Failed
75.95,64.06,116.71,8.49,1905.26,772.0,Healthy
71.1,64.82,118.28,8.73,2020.36,353.0,Healthy
70.36,57.82,120.57,7.59,2336.18,91.0,Healthy
75.56,64.27,119.71,8.32,2142.0,124.0,Healthy
75.52,66.39,118.25,8.64,2041.23,718.0,Healthy
84.28,81.26,112.44,9.65,1771.46,2180.0,Warning
68.15,53.26,119.78,8.46,2136.38,46.0,Healthy
83.73,63.33,116.54,8.71,1857.48,958.0,Healthy
76.34,65.62,118.9,8.17,2069.5,193.0,Healthy
83.9,69.95,115.15,9.19,1866.32,1277.0,Warning
66.77,57.06,119.47,8.08,2125.76,133.0,Healthy
89.15,77.62,112.62,8.98,1713.17,2283.0,Warning
91.8,81.38,113.13,9.56,1598.75,2221.0,Warning
92.02,81.47,112.14,9.72,1643.78,2558.0,Critical
75.02,68.13,116.36,8.34,2132.18,818.0,Healthy
94.97,87.05,108.39,10.04,1538.3,3294.0,Critical
88.79,81.55,114.52,9.8,1702.21,1864.0,Warning
68.26,65.74,120.55,8.03,2275.85,173.0,Healthy
87.32,73.18,114.39,9.44,1836.47,1425.0,Warning
95.68,82.9,113.34,10.27,1907.14,2534.0,Critical
78.47,71.74,115.35,7.83,2053.73,1158.0,Healthy
82.5,73.1,115.72,8.38,1939.09,1212.0,Healthy
90.06,76.18,112.91,8.61,1739.43,2229.0,Warning
78.69,61.39,119.03,8.03,2268.53,174.0,Healthy
101.63,90.32,111.3,10.28,1467.69,2951.0,Failed
77.74,63.47,117.65,8.5,2043.25,505.0,Healthy
70.91,59.18,119.22,8.4,2309.91,79.0,Healthy
68.86,55.99,121.06,8.0,2166.23,18.0,Healthy
86.13,63.34,116.1,8.76,1882.98,1051.0,Healthy
98.48,85.41,110.27,10.21,1528.03,2617.0,Critical
92.1,84.97,112.16,9.85,1471.58,2807.0,Critical
98.72,84.08,112.37,9.69,1642.75,2439.0,Failed
88.53,80.15,116.25,9.72,1822.91,1736.0,Warning
77.17,70.32,113.53,9.29,1971.45,1413.0,Warning
78.81,74.31,114.23,9.54,1916.39,1020.0,Healthy
72.48,62.65,121.03,7.62,2133.74,123.0,Healthy
91.51,93.81,110.47,9.63,1510.26,3028.0,Failed
79.59,76.5,111.74,8.87,1907.39,1606.0,Warning
82.84,69.31,114.35,9.3,1817.12,1585.0,Warning
86.93,78.62,114.19,9.63,1870.14,1730.0,Warning
95.44,88.92,111.59,10.1,1647.14,2533.0,Critical
81.48,61.42,118.9,8.62,1959.46,699.0,Healthy
91.54,83.21,111.51,10.12,1667.21,2107.0,Critical
90.21,83.9,114.3,9.59,1703.27,1856.0,Critical
91.56,84.85,111.93,10.55,1580.47,2260.0,Critical
69.11,52.99,117.98,8.82,2345.54,29.0,Healthy
77.23,64.22,117.82,8.0,2099.52,563.0,Healthy
86.39,72.39,116.03,9.08,1854.58,1233.0,Warning
96.31,90.11,111.55,9.57,1575.57,2651.0,Critical
100.59,88.69,110.92,10.03,1506.08,3644.0,Failed
91.68,76.61,113.17,9.64,1734.97,1666.0,Warning
76.59,64.6,118.71,7.86,1985.66,752.0,Healthy
79.64,66.51,117.56,8.15,2118.68,593.0,Healthy
87.0,79.35,117.42,10.02,1875.59,2274.0,Warning
76.08,63.93,115.92,8.61,2016.89,611.0,Healthy
85.15,77.38,118.52,9.69,1847.19,2113.0,Warning
97.42,83.37,110.23,9.57,1562.49,2522.0,Critical
78.65,63.92,118.01,9.0,1935.43,1311.0,Healthy
80.39,73.36,117.46,9.7,1830.39,1300.0,Healthy
65.51,62.8,118.27,7.83,2106.42,123.0,Healthy
79.41,68.22,118.36,8.44,1951.01,823.0,Healthy
94.69,79.62,112.27,9.98,1699.65,2392.0,Warning
83.54,70.6,116.81,8.54,1854.14,1236.0,Healthy
77.19,67.21,118.64,8.68,1909.95,555.0,Healthy
75.69,61.28,118.42,7.55,2016.36,369.0,Healthy
74.95,65.43,118.4,7.27,2119.5,325.0,Healthy
91.62,75.35,113.92,9.77,1675.2,2456.0,Warning
90.42,78.88,112.52,9.14,1724.84,2273.0,Warning
83.59,75.63,113.52,9.07,1858.19,1356.0,Warning
84.41,78.02,116.43,9.6,1784.09,1909.0,Warning
74.8,61.84,119.11,8.63,2086.4,548.0,Healthy
84.01,72.59,113.03,8.76,2020.51,1662.0,Warning
67.1,57.61,117.9,8.36,2127.56,200.0,Healthy
94.07,86.08,107.54,10.19,1535.46,2831.0,Failed
72.43,62.51,120.78,8.31,2189.82,181.0,Healthy
85.42,67.31,116.8,9.05,1838.11,1290.0,Warning
70.05,58.69,118.36,7.4,2152.26,2.0,Healthy
101.88,85.42,113.11,9.68,1642.06,2614.0,Critical
72.23,64.68,121.32,7.45,2099.21,459.0,Healthy
99.08,87.97,108.44,10.39,1478.12,3280.0,Failed
75.19,56.8,118.64,8.27,2213.87,152.0,Healthy
97.82,84.32,109.45,9.77,1749.18,2767.0,Critical
91.66,79.79,114.86,9.6,1587.31,1903.0,Warning
80.7,67.0,117.36,8.23,2056.51,837.0,Healthy
76.24,66.53,117.38,9.01,2051.0,730.0,Healthy
85.72,69.8,116.76,8.38,1925.86,992.0,Healthy
98.7,83.48,110.88,9.95,1646.22,2701.0,Critical
93.3,82.74,110.78,9.64,1706.97,2437.0,Critical
76.22,68.18,118.66,8.53,2097.87,573.0,Healthy
75.96,66.92,115.55,9.3,2029.32,1195.0,Healthy
81.69,67.6,116.92,7.76,2030.64,854.0,Healthy
74.35,69.12,118.54,8.57,2143.36,392.0,Healthy
93.44,82.7,113.67,10.27,1703.97,2425.0,Warning
80.05,71.9,117.44,8.92,1960.92,1289.0,Healthy
71.19,67.51,118.62,8.29,2020.47,813.0,Healthy
103.89,85.6,109.09,10.15,1602.35,2832.0,Critical
92.84,79.75,114.63,9.65,1543.76,2097.0,Critical
90.21,82.45,112.35,10.72,1569.16,2625.0,Critical
74.61,62.9,119.11,8.43,2267.61,136.0,Healthy
103.56,88.62,109.49,10.65,1670.93,2922.0,Failed
86.63,79.61,117.24,10.3,1659.17,2183.0,Warning
84.82,78.77,118.5,9.8,1801.98,1352.0,Warning
71.03,59.84,122.69,7.98,2132.76,39.0,Healthy
93.6,87.51,111.21,10.25,1591.9,3336.0,Critical
84.24,70.62,115.08,10.3,1812.58,1830.0,Warning
100.1,91.52,113.99,9.77,1676.81,3050.0,Critical
89.27,78.42,113.08,9.57,1633.04,1856.0,Warning
91.39,85.86,112.85,9.59,1670.31,2392.0,Critical
89.43,79.54,113.41,9.01,1688.24,1935.0,Warning
100.85,86.32,113.67,9.95,1496.35,2727.0,Failed
70.84,66.05,119.9,8.22,2077.5,625.0,Healthy
76.83,62.33,117.77,8.26,2038.76,560.0,Healthy
98.76,73.94,115.16,10.03,1693.16,1852.0,Critical
91.14,78.52,114.98,9.25,1955.93,1762.0,Warning
89.69,79.61,113.19,9.9,1786.26,1766.0,Warning
95.21,78.51,112.49,9.83,1859.62,2368.0,Critical
90.34,77.78,114.75,9.44,1630.42,1888.0,Warning
93.25,86.1,110.95,9.85,1647.85,2693.0,Critical
82.34,67.49,116.03,9.58,1887.86,1196.0,Healthy
101.14,87.01,109.25,9.98,1524.46,2990.0,Critical
69.44,66.25,117.69,8.64,2072.18,361.0,Healthy
90.75,74.71,114.01,9.11,1830.0,1730.0,Warning
97.79,88.3,112.66,10.13,1544.37,2303.0,Critical
77.89,68.67,118.84,9.43,1931.79,881.0,Healthy
79.85,75.45,117.38,9.09,2023.99,1200.0,Healthy
79.86,70.83,114.65,8.2,1891.6,1016.0,Healthy
87.87,75.7,113.07,9.0,1938.78,2160.0,Warning
85.74,71.5,115.58,9.67,1807.71,1526.0,Warning
74.67,69.31,120.36,8.31,2101.44,406.0,Healthy
96.2,85.67,110.25,10.12,1730.05,3115.0,Critical
73.62,67.9,116.12,8.2,2030.76,776.0,Healthy
84.61,75.31,116.83,9.21,1860.03,1778.0,Warning
88.63,81.09,112.95,10.05,1774.87,1880.0,Warning
69.1,64.61,117.9,7.82,2171.37,107.0,Healthy
75.71,62.8,119.38,8.0,2067.52,358.0,Healthy
100.44,87.93,110.21,10.67,1556.07,2979.0,Failed
93.37,78.64,112.6,9.25,1841.03,1784.0,Warning
69.09,55.83,119.66,7.71,2021.14,117.0,Healthy
91.33,84.13,110.67,9.99,1570.11,2372.0,Critical
88.66,75.5,114.15,9.28,1799.81,1656.0,Warning
72.65,59.81,119.19,7.86,2076.38,288.0,Healthy
89.82,74.92,110.14,9.89,1774.89,2313.0,Warning
87.08,75.6,116.44,9.34,1801.97,1294.0,Warning
78.13,67.15,115.89,7.72,2063.03,539.0,Healthy
92.56,87.52,109.81,10.51,1704.9,2898.0,Critical
82.9,65.77,118.59,8.5,1852.45,765.0,Healthy
77.31,69.73,118.01,9.03,2026.17,731.0,Healthy
83.28,67.65,117.4,9.51,1999.24,810.0,Healthy
89.02,85.62,109.76,9.89,1653.2,2020.0,Critical
92.14,78.26,112.03,9.51,1633.31,2582.0,Critical
96.54,90.54,110.64,10.81,1537.35,2743.0,Failed
70.95,71.41,117.49,8.24,2038.83,728.0,Healthy
95.57,83.94,113.85,10.72,1634.82,2777.0,Critical
81.42,78.4,117.26,9.25,1854.64,1710.0,Warning
78.39,71.61,117.84,8.52,1896.41,918.0,Healthy
74.38,57.99,118.84,9.03,2063.43,103.0,Healthy
92.98,83.11,113.63,10.19,1466.24,3120.0,Critical
74.52,67.78,116.7,9.25,2042.56,682.0,Healthy
91.35,85.03,109.75,9.57,1818.3,2170.0,Warning
85.72,72.88,112.64,9.33,1721.92,1858.0,Warning
68.92,65.05,116.4,6.84,2095.88,14.0,Healthy
103.66,89.25,109.48,10.89,1655.04,3516.0,Failed
90.93,84.33,111.59,10.19,1732.16,2273.0,Critical
83.22,78.25,112.75,9.17,1966.17,1295.0,Warning
93.01,86.47,111.92,9.94,1751.7,2298.0,Warning
80.6,75.57,113.09,9.21,1922.82,1379.0,Warning
97.66,85.83,112.36,9.48,1655.83,2740.0,Critical
73.38,61.27,117.38,8.48,1992.07,442.0,Healthy
86.01,71.8,117.05,9.04,1777.7,1248.0,Warning
82.68,66.01,116.9,9.14,1965.38,981.0,Healthy
83.33,72.24,117.81,9.04,1952.24,1528.0,Warning
82.08,75.21,114.81,8.94,1871.27,1690.0,Warning
74.16,64.93,121.79,8.14,2148.55,436.0,Healthy
101.43,94.48,110.24,10.09,1509.28,2574.0,Failed
67.51,66.63,119.05,7.83,2213.51,53.0,Healthy
66.69,59.89,123.51,8.2,2254.62,33.0,Healthy
85.66,69.16,113.52,8.63,2045.06,1316.0,Healthy
86.41,82.09,112.97,9.08,1788.56,1986.0,Warning
76.45,69.18,115.71,8.76,2229.39,552.0,Healthy
85.39,77.32,111.91,9.28,1808.12,1659.0,Warning
91.21,83.8,109.67,10.11,1799.96,2601.0,Critical
77.11,64.47,119.98,8.15,2180.76,288.0,Healthy
99.28,86.57,108.16,10.23,1364.46,3105.0,Failed
79.03,66.45,116.25,8.14,2077.4,970.0,Healthy
88.46,79.12,114.91,9.15,1676.85,1656.0,Warning
71.81,62.72,119.59,7.93,2102.59,313.0,Healthy
89.27,82.12,113.53,9.89,1773.21,2549.0,Critical
93.72,84.82,113.42,10.06,1552.12,3136.0,Critical
78.15,58.05,121.36,7.85,2120.61,369.0,Healthy
75.91,57.44,116.86,7.2,2164.47,393.0,Healthy
77.4,70.64,117.91,8.89,1937.49,964.0,Healthy
73.3,58.37,119.47,8.38,2172.78,32.0,Healthy
94.82,88.89,109.92,10.85,1481.49,2640.0,Failed
92.08,76.28,111.75,9.11,1858.25,1676.0,Warning
92.11,75.49,113.13,9.93,1900.15,2025.0,Warning
105.48,85.95,109.78,10.62,1440.72,2971.0,Failed
98.0,88.02,113.83,10.3,1623.8,2325.0,Critical
95.74,83.71,110.12,9.79,1588.1,2653.0,Critical
84.06,72.09,113.03,8.8,1964.83,1265.0,Healthy
78.17,72.35,116.64,9.57,2106.93,1094.0,Healthy
77.57,69.7,115.2,9.4,2026.17,940.0,Healthy
80.21,72.81,116.32,8.85,1912.27,1045.0,Healthy
85.19,71.13,117.3,9.0,1831.88,952.0,Healthy
71.63,68.29,118.45,7.47,2181.92,402.0,Healthy
77.79,73.15,115.79,9.37,1914.1,1062.0,Healthy
84.11,76.27,115.3,9.42,1825.2,1403.0,Warning
81.43,66.46,118.18,8.91,2007.78,1157.0,Healthy
72.85,65.75,116.61,8.17,2130.58,487.0,Healthy
83.21,65.7,117.36,8.96,1909.13,1106.0,Healthy
88.53,78.63,113.68,9.79,1787.69,1429.0,Warning
